layer,algorithm,permutation,crest,peak
plasma_transcriptome,valid_shuffle_before_loess,0,62.0,8034
plasma_transcriptome,valid_shuffle_before_loess,1,44.0,7070
plasma_transcriptome,valid_shuffle_before_loess,2,46.0,7765
plasma_transcriptome,valid_shuffle_before_loess,3,44.0,7018
plasma_transcriptome,valid_shuffle_before_loess,4,48.0,7065
plasma_transcriptome,valid_shuffle_before_loess,5,46.0,7206
plasma_transcriptome,valid_shuffle_before_loess,6,44.0,7970
plasma_transcriptome,valid_shuffle_before_loess,7,43.0,6975
plasma_transcriptome,valid_shuffle_before_loess,8,43.0,7093
plasma_transcriptome,valid_shuffle_before_loess,9,43.0,6495
plasma_transcriptome,valid_shuffle_before_loess,10,42.0,7513
plasma_transcriptome,valid_shuffle_before_loess,11,40.0,7358
plasma_transcriptome,valid_shuffle_before_loess,12,40.0,7326
plasma_transcriptome,valid_shuffle_before_loess,13,40.0,6776
plasma_transcriptome,valid_shuffle_before_loess,14,62.0,7412
plasma_transcriptome,valid_shuffle_before_loess,15,62.0,7343
plasma_transcriptome,valid_shuffle_before_loess,16,43.0,7410
plasma_transcriptome,valid_shuffle_before_loess,17,43.0,7353
plasma_transcriptome,valid_shuffle_before_loess,18,45.0,7017
plasma_transcriptome,valid_shuffle_before_loess,19,40.0,7338
plasma_transcriptome,valid_shuffle_before_loess,20,42.0,6837
plasma_transcriptome,valid_shuffle_before_loess,21,45.0,7398
plasma_transcriptome,valid_shuffle_before_loess,22,41.0,7271
plasma_transcriptome,valid_shuffle_before_loess,23,40.0,6991
plasma_transcriptome,valid_shuffle_before_loess,24,42.0,7061
plasma_transcriptome,valid_shuffle_before_loess,25,42.0,7129
plasma_transcriptome,valid_shuffle_before_loess,26,43.0,6944
plasma_transcriptome,valid_shuffle_before_loess,27,40.0,7439
plasma_transcriptome,valid_shuffle_before_loess,28,40.0,7478
plasma_transcriptome,valid_shuffle_before_loess,29,42.0,7790
plasma_transcriptome,valid_shuffle_before_loess,30,44.0,8143
plasma_transcriptome,valid_shuffle_before_loess,31,40.0,6969
plasma_transcriptome,valid_shuffle_before_loess,32,40.0,7584
plasma_transcriptome,valid_shuffle_before_loess,33,41.0,6891
plasma_transcriptome,valid_shuffle_before_loess,34,40.0,7348
plasma_transcriptome,valid_shuffle_before_loess,35,42.0,7165
plasma_transcriptome,valid_shuffle_before_loess,36,47.0,7664
plasma_transcriptome,valid_shuffle_before_loess,37,40.0,6929
plasma_transcriptome,valid_shuffle_before_loess,38,44.0,6276
plasma_transcriptome,valid_shuffle_before_loess,39,40.0,7396
plasma_transcriptome,valid_shuffle_before_loess,40,56.0,6963
plasma_transcriptome,valid_shuffle_before_loess,41,40.0,6636
plasma_transcriptome,valid_shuffle_before_loess,42,43.0,7255
plasma_transcriptome,valid_shuffle_before_loess,43,40.0,7204
plasma_transcriptome,valid_shuffle_before_loess,44,40.0,7048
plasma_transcriptome,valid_shuffle_before_loess,45,40.0,7792
plasma_transcriptome,valid_shuffle_before_loess,46,47.0,7900
plasma_transcriptome,valid_shuffle_before_loess,47,45.0,7748
plasma_transcriptome,valid_shuffle_before_loess,48,43.0,7636
plasma_transcriptome,valid_shuffle_before_loess,49,40.0,6979
plasma_transcriptome,valid_shuffle_before_loess,50,40.0,7298
plasma_transcriptome,valid_shuffle_before_loess,51,48.0,6915
plasma_transcriptome,valid_shuffle_before_loess,52,40.0,6725
plasma_transcriptome,valid_shuffle_before_loess,53,43.0,7389
plasma_transcriptome,valid_shuffle_before_loess,54,44.0,7548
plasma_transcriptome,valid_shuffle_before_loess,55,56.0,7327
plasma_transcriptome,valid_shuffle_before_loess,56,51.0,6535
plasma_transcriptome,valid_shuffle_before_loess,57,40.0,6960
plasma_transcriptome,valid_shuffle_before_loess,58,41.0,7102
plasma_transcriptome,valid_shuffle_before_loess,59,47.0,6791
plasma_transcriptome,valid_shuffle_before_loess,60,42.0,7388
plasma_transcriptome,valid_shuffle_before_loess,61,63.0,6971
plasma_transcriptome,valid_shuffle_before_loess,62,43.0,7022
plasma_transcriptome,valid_shuffle_before_loess,63,40.0,7407
plasma_transcriptome,valid_shuffle_before_loess,64,44.0,6791
plasma_transcriptome,valid_shuffle_before_loess,65,53.0,7524
plasma_transcriptome,valid_shuffle_before_loess,66,40.0,6494
plasma_transcriptome,valid_shuffle_before_loess,67,40.0,7984
plasma_transcriptome,valid_shuffle_before_loess,68,40.0,7153
plasma_transcriptome,valid_shuffle_before_loess,69,43.0,6687
plasma_transcriptome,valid_shuffle_before_loess,70,43.0,7315
plasma_transcriptome,valid_shuffle_before_loess,71,40.0,7686
plasma_transcriptome,valid_shuffle_before_loess,72,42.0,7321
plasma_transcriptome,valid_shuffle_before_loess,73,40.0,7340
plasma_transcriptome,valid_shuffle_before_loess,74,42.0,7011
plasma_transcriptome,valid_shuffle_before_loess,75,40.0,7455
plasma_transcriptome,valid_shuffle_before_loess,76,42.0,7474
plasma_transcriptome,valid_shuffle_before_loess,77,40.0,7527
plasma_transcriptome,valid_shuffle_before_loess,78,43.0,6922
plasma_transcriptome,valid_shuffle_before_loess,79,43.0,7355
plasma_transcriptome,valid_shuffle_before_loess,80,40.0,7151
plasma_transcriptome,valid_shuffle_before_loess,81,44.0,7975
plasma_transcriptome,valid_shuffle_before_loess,82,45.0,6839
plasma_transcriptome,valid_shuffle_before_loess,83,45.0,6637
plasma_transcriptome,valid_shuffle_before_loess,84,40.0,6956
plasma_transcriptome,valid_shuffle_before_loess,85,40.0,7177
plasma_transcriptome,valid_shuffle_before_loess,86,43.0,6944
plasma_transcriptome,valid_shuffle_before_loess,87,40.0,7041
plasma_transcriptome,valid_shuffle_before_loess,88,44.0,7332
plasma_transcriptome,valid_shuffle_before_loess,89,47.0,6959
plasma_transcriptome,valid_shuffle_before_loess,90,40.0,6910
plasma_transcriptome,valid_shuffle_before_loess,91,43.0,7470
plasma_transcriptome,valid_shuffle_before_loess,92,42.0,6759
plasma_transcriptome,valid_shuffle_before_loess,93,40.0,7767
plasma_transcriptome,valid_shuffle_before_loess,94,43.0,7021
plasma_transcriptome,valid_shuffle_before_loess,95,44.0,7351
plasma_transcriptome,valid_shuffle_before_loess,96,42.0,7068
plasma_transcriptome,valid_shuffle_before_loess,97,40.0,8348
plasma_transcriptome,valid_shuffle_before_loess,98,40.0,7148
plasma_transcriptome,valid_shuffle_before_loess,99,49.0,6963
plasma_transcriptome,valid_shuffle_before_loess,100,47.0,6896
plasma_transcriptome,valid_shuffle_before_loess,101,45.0,7936
plasma_transcriptome,valid_shuffle_before_loess,102,61.0,7393
plasma_transcriptome,valid_shuffle_before_loess,103,42.0,7394
plasma_transcriptome,valid_shuffle_before_loess,104,40.0,7274
plasma_transcriptome,valid_shuffle_before_loess,105,44.0,7344
plasma_transcriptome,valid_shuffle_before_loess,106,40.0,8323
plasma_transcriptome,valid_shuffle_before_loess,107,42.0,7220
plasma_transcriptome,valid_shuffle_before_loess,108,40.0,7361
plasma_transcriptome,valid_shuffle_before_loess,109,61.0,6349
plasma_transcriptome,valid_shuffle_before_loess,110,42.0,7276
plasma_transcriptome,valid_shuffle_before_loess,111,44.0,7304
plasma_transcriptome,valid_shuffle_before_loess,112,40.0,8091
plasma_transcriptome,valid_shuffle_before_loess,113,43.0,7207
plasma_transcriptome,valid_shuffle_before_loess,114,47.0,7487
plasma_transcriptome,valid_shuffle_before_loess,115,40.0,7085
plasma_transcriptome,valid_shuffle_before_loess,116,40.0,7489
plasma_transcriptome,valid_shuffle_before_loess,117,43.0,7011
plasma_transcriptome,valid_shuffle_before_loess,118,49.0,6888
plasma_transcriptome,valid_shuffle_before_loess,119,40.0,7743
plasma_transcriptome,valid_shuffle_before_loess,120,40.0,7379
plasma_transcriptome,valid_shuffle_before_loess,121,56.0,6800
plasma_transcriptome,valid_shuffle_before_loess,122,41.0,7516
plasma_transcriptome,valid_shuffle_before_loess,123,48.0,6883
plasma_transcriptome,valid_shuffle_before_loess,124,40.0,7264
plasma_transcriptome,valid_shuffle_before_loess,125,40.0,7955
plasma_transcriptome,valid_shuffle_before_loess,126,40.0,7675
plasma_transcriptome,valid_shuffle_before_loess,127,46.0,7153
plasma_transcriptome,valid_shuffle_before_loess,128,50.0,7526
plasma_transcriptome,valid_shuffle_before_loess,129,40.0,7188
plasma_transcriptome,valid_shuffle_before_loess,130,40.0,7347
plasma_transcriptome,valid_shuffle_before_loess,131,40.0,7716
plasma_transcriptome,valid_shuffle_before_loess,132,44.0,7132
plasma_transcriptome,valid_shuffle_before_loess,133,40.0,7654
plasma_transcriptome,valid_shuffle_before_loess,134,40.0,8397
plasma_transcriptome,valid_shuffle_before_loess,135,40.0,8340
plasma_transcriptome,valid_shuffle_before_loess,136,43.0,6807
plasma_transcriptome,valid_shuffle_before_loess,137,40.0,7915
plasma_transcriptome,valid_shuffle_before_loess,138,46.0,7148
plasma_transcriptome,valid_shuffle_before_loess,139,63.0,7301
plasma_transcriptome,valid_shuffle_before_loess,140,44.0,7102
plasma_transcriptome,valid_shuffle_before_loess,141,47.0,7430
plasma_transcriptome,valid_shuffle_before_loess,142,44.0,7179
plasma_transcriptome,valid_shuffle_before_loess,143,44.0,7198
plasma_transcriptome,valid_shuffle_before_loess,144,42.0,7873
plasma_transcriptome,valid_shuffle_before_loess,145,44.0,7694
plasma_transcriptome,valid_shuffle_before_loess,146,40.0,7522
plasma_transcriptome,valid_shuffle_before_loess,147,44.0,7313
plasma_transcriptome,valid_shuffle_before_loess,148,40.0,7182
plasma_transcriptome,valid_shuffle_before_loess,149,41.0,7398
plasma_transcriptome,valid_shuffle_before_loess,150,43.0,7303
plasma_transcriptome,valid_shuffle_before_loess,151,42.0,7132
plasma_transcriptome,valid_shuffle_before_loess,152,45.0,7326
plasma_transcriptome,valid_shuffle_before_loess,153,43.0,7187
plasma_transcriptome,valid_shuffle_before_loess,154,43.0,6899
plasma_transcriptome,valid_shuffle_before_loess,155,43.0,7620
plasma_transcriptome,valid_shuffle_before_loess,156,41.0,7789
plasma_transcriptome,valid_shuffle_before_loess,157,40.0,7746
plasma_transcriptome,valid_shuffle_before_loess,158,44.0,7144
plasma_transcriptome,valid_shuffle_before_loess,159,40.0,7004
plasma_transcriptome,valid_shuffle_before_loess,160,40.0,7529
plasma_transcriptome,valid_shuffle_before_loess,161,40.0,7666
plasma_transcriptome,valid_shuffle_before_loess,162,43.0,7198
plasma_transcriptome,valid_shuffle_before_loess,163,40.0,7234
plasma_transcriptome,valid_shuffle_before_loess,164,42.0,6921
plasma_transcriptome,valid_shuffle_before_loess,165,40.0,7089
plasma_transcriptome,valid_shuffle_before_loess,166,40.0,8158
plasma_transcriptome,valid_shuffle_before_loess,167,41.0,7114
plasma_transcriptome,valid_shuffle_before_loess,168,40.0,7212
plasma_transcriptome,valid_shuffle_before_loess,169,43.0,8017
plasma_transcriptome,valid_shuffle_before_loess,170,44.0,7835
plasma_transcriptome,valid_shuffle_before_loess,171,45.0,7403
plasma_transcriptome,valid_shuffle_before_loess,172,43.0,7087
plasma_transcriptome,valid_shuffle_before_loess,173,40.0,7604
plasma_transcriptome,valid_shuffle_before_loess,174,43.0,7931
plasma_transcriptome,valid_shuffle_before_loess,175,42.0,6749
plasma_transcriptome,valid_shuffle_before_loess,176,42.0,7511
plasma_transcriptome,valid_shuffle_before_loess,177,40.0,6853
plasma_transcriptome,valid_shuffle_before_loess,178,51.0,7023
plasma_transcriptome,valid_shuffle_before_loess,179,45.0,7752
plasma_transcriptome,valid_shuffle_before_loess,180,43.0,7206
plasma_transcriptome,valid_shuffle_before_loess,181,40.0,7062
plasma_transcriptome,valid_shuffle_before_loess,182,63.0,7423
plasma_transcriptome,valid_shuffle_before_loess,183,40.0,7543
plasma_transcriptome,valid_shuffle_before_loess,184,40.0,7048
plasma_transcriptome,valid_shuffle_before_loess,185,40.0,7152
plasma_transcriptome,valid_shuffle_before_loess,186,43.0,7385
plasma_transcriptome,valid_shuffle_before_loess,187,40.0,7602
plasma_transcriptome,valid_shuffle_before_loess,188,42.0,7188
plasma_transcriptome,valid_shuffle_before_loess,189,44.0,7163
plasma_transcriptome,valid_shuffle_before_loess,190,42.0,7407
plasma_transcriptome,valid_shuffle_before_loess,191,40.0,7003
plasma_transcriptome,valid_shuffle_before_loess,192,40.0,7282
plasma_transcriptome,valid_shuffle_before_loess,193,42.0,7926
plasma_transcriptome,valid_shuffle_before_loess,194,40.0,7443
plasma_transcriptome,valid_shuffle_before_loess,195,40.0,7334
plasma_transcriptome,valid_shuffle_before_loess,196,43.0,7163
plasma_transcriptome,valid_shuffle_before_loess,197,45.0,6999
plasma_transcriptome,valid_shuffle_before_loess,198,43.0,7465
plasma_transcriptome,valid_shuffle_before_loess,199,40.0,7452
plasma_transcriptome,valid_shuffle_before_loess,200,40.0,6750
plasma_transcriptome,valid_shuffle_before_loess,201,45.0,6600
plasma_transcriptome,valid_shuffle_before_loess,202,40.0,7100
plasma_transcriptome,valid_shuffle_before_loess,203,40.0,7513
plasma_transcriptome,valid_shuffle_before_loess,204,52.0,7420
plasma_transcriptome,valid_shuffle_before_loess,205,64.0,7246
plasma_transcriptome,valid_shuffle_before_loess,206,47.0,7302
plasma_transcriptome,valid_shuffle_before_loess,207,40.0,6536
plasma_transcriptome,valid_shuffle_before_loess,208,48.0,7297
plasma_transcriptome,valid_shuffle_before_loess,209,40.0,7735
plasma_transcriptome,valid_shuffle_before_loess,210,42.0,7251
plasma_transcriptome,valid_shuffle_before_loess,211,40.0,7531
plasma_transcriptome,valid_shuffle_before_loess,212,40.0,7216
plasma_transcriptome,valid_shuffle_before_loess,213,58.0,7626
plasma_transcriptome,valid_shuffle_before_loess,214,56.0,6515
plasma_transcriptome,valid_shuffle_before_loess,215,64.0,7783
plasma_transcriptome,valid_shuffle_before_loess,216,49.0,6987
plasma_transcriptome,valid_shuffle_before_loess,217,43.0,6624
plasma_transcriptome,valid_shuffle_before_loess,218,46.0,7007
plasma_transcriptome,valid_shuffle_before_loess,219,40.0,7407
plasma_transcriptome,valid_shuffle_before_loess,220,40.0,6608
plasma_transcriptome,valid_shuffle_before_loess,221,50.0,7585
plasma_transcriptome,valid_shuffle_before_loess,222,45.0,6943
plasma_transcriptome,valid_shuffle_before_loess,223,51.0,6814
plasma_transcriptome,valid_shuffle_before_loess,224,48.0,7286
plasma_transcriptome,valid_shuffle_before_loess,225,47.0,7173
plasma_transcriptome,valid_shuffle_before_loess,226,40.0,6909
plasma_transcriptome,valid_shuffle_before_loess,227,56.0,6919
plasma_transcriptome,valid_shuffle_before_loess,228,40.0,7556
plasma_transcriptome,valid_shuffle_before_loess,229,47.0,6910
plasma_transcriptome,valid_shuffle_before_loess,230,43.0,7799
plasma_transcriptome,valid_shuffle_before_loess,231,44.0,7604
plasma_transcriptome,valid_shuffle_before_loess,232,43.0,7363
plasma_transcriptome,valid_shuffle_before_loess,233,44.0,6696
plasma_transcriptome,valid_shuffle_before_loess,234,41.0,7039
plasma_transcriptome,valid_shuffle_before_loess,235,43.0,7781
plasma_transcriptome,valid_shuffle_before_loess,236,45.0,6652
plasma_transcriptome,valid_shuffle_before_loess,237,40.0,7566
plasma_transcriptome,valid_shuffle_before_loess,238,44.0,7194
plasma_transcriptome,valid_shuffle_before_loess,239,40.0,7065
plasma_transcriptome,valid_shuffle_before_loess,240,40.0,7187
plasma_transcriptome,valid_shuffle_before_loess,241,42.0,7907
plasma_transcriptome,valid_shuffle_before_loess,242,43.0,6869
plasma_transcriptome,valid_shuffle_before_loess,243,40.0,6928
plasma_transcriptome,valid_shuffle_before_loess,244,40.0,7217
plasma_transcriptome,valid_shuffle_before_loess,245,46.0,7092
plasma_transcriptome,valid_shuffle_before_loess,246,44.0,6747
plasma_transcriptome,valid_shuffle_before_loess,247,40.0,6548
plasma_transcriptome,valid_shuffle_before_loess,248,45.0,7794
plasma_transcriptome,valid_shuffle_before_loess,249,45.0,7170
plasma_transcriptome,valid_shuffle_before_loess,250,51.0,7100
plasma_transcriptome,valid_shuffle_before_loess,251,40.0,7232
plasma_transcriptome,valid_shuffle_before_loess,252,63.0,6865
plasma_transcriptome,valid_shuffle_before_loess,253,40.0,7637
plasma_transcriptome,valid_shuffle_before_loess,254,44.0,7021
plasma_transcriptome,valid_shuffle_before_loess,255,43.0,6864
plasma_transcriptome,valid_shuffle_before_loess,256,40.0,7221
plasma_transcriptome,valid_shuffle_before_loess,257,43.0,7702
plasma_transcriptome,valid_shuffle_before_loess,258,46.0,7485
plasma_transcriptome,valid_shuffle_before_loess,259,45.0,7009
plasma_transcriptome,valid_shuffle_before_loess,260,42.0,7290
plasma_transcriptome,valid_shuffle_before_loess,261,44.0,6459
plasma_transcriptome,valid_shuffle_before_loess,262,40.0,6888
plasma_transcriptome,valid_shuffle_before_loess,263,43.0,7688
plasma_transcriptome,valid_shuffle_before_loess,264,40.0,7188
plasma_transcriptome,valid_shuffle_before_loess,265,40.0,7245
plasma_transcriptome,valid_shuffle_before_loess,266,41.0,7466
plasma_transcriptome,valid_shuffle_before_loess,267,45.0,7184
plasma_transcriptome,valid_shuffle_before_loess,268,40.0,7990
plasma_transcriptome,valid_shuffle_before_loess,269,41.0,6764
plasma_transcriptome,valid_shuffle_before_loess,270,40.0,7608
plasma_transcriptome,valid_shuffle_before_loess,271,40.0,7433
plasma_transcriptome,valid_shuffle_before_loess,272,60.0,7523
plasma_transcriptome,valid_shuffle_before_loess,273,41.0,7486
plasma_transcriptome,valid_shuffle_before_loess,274,40.0,7376
plasma_transcriptome,valid_shuffle_before_loess,275,40.0,7600
plasma_transcriptome,valid_shuffle_before_loess,276,42.0,7433
plasma_transcriptome,valid_shuffle_before_loess,277,45.0,6890
plasma_transcriptome,valid_shuffle_before_loess,278,43.0,7434
plasma_transcriptome,valid_shuffle_before_loess,279,40.0,7285
plasma_transcriptome,valid_shuffle_before_loess,280,43.0,7421
plasma_transcriptome,valid_shuffle_before_loess,281,48.0,6697
plasma_transcriptome,valid_shuffle_before_loess,282,43.0,6692
plasma_transcriptome,valid_shuffle_before_loess,283,40.0,6911
plasma_transcriptome,valid_shuffle_before_loess,284,40.0,8023
plasma_transcriptome,valid_shuffle_before_loess,285,40.0,7981
plasma_transcriptome,valid_shuffle_before_loess,286,43.0,7439
plasma_transcriptome,valid_shuffle_before_loess,287,40.0,6885
plasma_transcriptome,valid_shuffle_before_loess,288,46.0,7045
plasma_transcriptome,valid_shuffle_before_loess,289,45.0,8181
plasma_transcriptome,valid_shuffle_before_loess,290,40.0,6276
plasma_transcriptome,valid_shuffle_before_loess,291,40.0,6863
plasma_transcriptome,valid_shuffle_before_loess,292,45.0,7043
plasma_transcriptome,valid_shuffle_before_loess,293,43.0,7143
plasma_transcriptome,valid_shuffle_before_loess,294,45.0,8029
plasma_transcriptome,valid_shuffle_before_loess,295,40.0,6976
plasma_transcriptome,valid_shuffle_before_loess,296,40.0,6607
plasma_transcriptome,valid_shuffle_before_loess,297,42.0,7762
plasma_transcriptome,valid_shuffle_before_loess,298,40.0,7258
plasma_transcriptome,valid_shuffle_before_loess,299,44.0,7063
plasma_transcriptome,invalid_shuffle_after_loess,0,,0
plasma_transcriptome,invalid_shuffle_after_loess,1,44.0,1893
plasma_transcriptome,invalid_shuffle_after_loess,2,,0
plasma_transcriptome,invalid_shuffle_after_loess,3,,0
plasma_transcriptome,invalid_shuffle_after_loess,4,,0
plasma_transcriptome,invalid_shuffle_after_loess,5,,0
plasma_transcriptome,invalid_shuffle_after_loess,6,,0
plasma_transcriptome,invalid_shuffle_after_loess,7,,0
plasma_transcriptome,invalid_shuffle_after_loess,8,,0
plasma_transcriptome,invalid_shuffle_after_loess,9,,0
plasma_transcriptome,invalid_shuffle_after_loess,10,,0
plasma_transcriptome,invalid_shuffle_after_loess,11,,0
plasma_transcriptome,invalid_shuffle_after_loess,12,,0
plasma_transcriptome,invalid_shuffle_after_loess,13,,0
plasma_transcriptome,invalid_shuffle_after_loess,14,41.0,2695
plasma_transcriptome,invalid_shuffle_after_loess,15,,0
plasma_transcriptome,invalid_shuffle_after_loess,16,,0
plasma_transcriptome,invalid_shuffle_after_loess,17,,0
plasma_transcriptome,invalid_shuffle_after_loess,18,,0
plasma_transcriptome,invalid_shuffle_after_loess,19,,0
plasma_transcriptome,invalid_shuffle_after_loess,20,,0
plasma_transcriptome,invalid_shuffle_after_loess,21,,0
plasma_transcriptome,invalid_shuffle_after_loess,22,,0
plasma_transcriptome,invalid_shuffle_after_loess,23,46.0,443
plasma_transcriptome,invalid_shuffle_after_loess,24,,0
plasma_transcriptome,invalid_shuffle_after_loess,25,,0
plasma_transcriptome,invalid_shuffle_after_loess,26,,0
plasma_transcriptome,invalid_shuffle_after_loess,27,,0
plasma_transcriptome,invalid_shuffle_after_loess,28,59.0,485
plasma_transcriptome,invalid_shuffle_after_loess,29,61.0,1158
plasma_transcriptome,invalid_shuffle_after_loess,30,,0
plasma_transcriptome,invalid_shuffle_after_loess,31,52.0,1711
plasma_transcriptome,invalid_shuffle_after_loess,32,,0
plasma_transcriptome,invalid_shuffle_after_loess,33,,0
plasma_transcriptome,invalid_shuffle_after_loess,34,,0
plasma_transcriptome,invalid_shuffle_after_loess,35,,0
plasma_transcriptome,invalid_shuffle_after_loess,36,,0
plasma_transcriptome,invalid_shuffle_after_loess,37,,0
plasma_transcriptome,invalid_shuffle_after_loess,38,,0
plasma_transcriptome,invalid_shuffle_after_loess,39,57.0,2994
plasma_transcriptome,invalid_shuffle_after_loess,40,,0
plasma_transcriptome,invalid_shuffle_after_loess,41,,0
plasma_transcriptome,invalid_shuffle_after_loess,42,63.0,1711
plasma_transcriptome,invalid_shuffle_after_loess,43,55.0,120
plasma_transcriptome,invalid_shuffle_after_loess,44,,0
plasma_transcriptome,invalid_shuffle_after_loess,45,,0
plasma_transcriptome,invalid_shuffle_after_loess,46,,0
plasma_transcriptome,invalid_shuffle_after_loess,47,,0
plasma_transcriptome,invalid_shuffle_after_loess,48,,0
plasma_transcriptome,invalid_shuffle_after_loess,49,,0
plasma_transcriptome,invalid_shuffle_after_loess,50,,0
plasma_transcriptome,invalid_shuffle_after_loess,51,,0
plasma_transcriptome,invalid_shuffle_after_loess,52,,0
plasma_transcriptome,invalid_shuffle_after_loess,53,,0
plasma_transcriptome,invalid_shuffle_after_loess,54,,0
plasma_transcriptome,invalid_shuffle_after_loess,55,48.0,3553
plasma_transcriptome,invalid_shuffle_after_loess,56,,0
plasma_transcriptome,invalid_shuffle_after_loess,57,,0
plasma_transcriptome,invalid_shuffle_after_loess,58,,0
plasma_transcriptome,invalid_shuffle_after_loess,59,59.0,1436
plasma_transcriptome,invalid_shuffle_after_loess,60,,0
plasma_transcriptome,invalid_shuffle_after_loess,61,,0
plasma_transcriptome,invalid_shuffle_after_loess,62,,0
plasma_transcriptome,invalid_shuffle_after_loess,63,,0
plasma_transcriptome,invalid_shuffle_after_loess,64,,0
plasma_transcriptome,invalid_shuffle_after_loess,65,,0
plasma_transcriptome,invalid_shuffle_after_loess,66,,0
plasma_transcriptome,invalid_shuffle_after_loess,67,,0
plasma_transcriptome,invalid_shuffle_after_loess,68,,0
plasma_transcriptome,invalid_shuffle_after_loess,69,,0
plasma_transcriptome,invalid_shuffle_after_loess,70,,0
plasma_transcriptome,invalid_shuffle_after_loess,71,,0
plasma_transcriptome,invalid_shuffle_after_loess,72,54.0,1596
plasma_transcriptome,invalid_shuffle_after_loess,73,,0
plasma_transcriptome,invalid_shuffle_after_loess,74,,0
plasma_transcriptome,invalid_shuffle_after_loess,75,55.0,3938
plasma_transcriptome,invalid_shuffle_after_loess,76,,0
plasma_transcriptome,invalid_shuffle_after_loess,77,,0
plasma_transcriptome,invalid_shuffle_after_loess,78,53.0,1326
plasma_transcriptome,invalid_shuffle_after_loess,79,,0
plasma_transcriptome,invalid_shuffle_after_loess,80,51.0,623
plasma_transcriptome,invalid_shuffle_after_loess,81,,0
plasma_transcriptome,invalid_shuffle_after_loess,82,,0
plasma_transcriptome,invalid_shuffle_after_loess,83,,0
plasma_transcriptome,invalid_shuffle_after_loess,84,,0
plasma_transcriptome,invalid_shuffle_after_loess,85,,0
plasma_transcriptome,invalid_shuffle_after_loess,86,,0
plasma_transcriptome,invalid_shuffle_after_loess,87,,0
plasma_transcriptome,invalid_shuffle_after_loess,88,64.0,1975
plasma_transcriptome,invalid_shuffle_after_loess,89,,0
plasma_transcriptome,invalid_shuffle_after_loess,90,,0
plasma_transcriptome,invalid_shuffle_after_loess,91,,0
plasma_transcriptome,invalid_shuffle_after_loess,92,,0
plasma_transcriptome,invalid_shuffle_after_loess,93,,0
plasma_transcriptome,invalid_shuffle_after_loess,94,42.0,894
plasma_transcriptome,invalid_shuffle_after_loess,95,,0
plasma_transcriptome,invalid_shuffle_after_loess,96,,0
plasma_transcriptome,invalid_shuffle_after_loess,97,57.0,1583
plasma_transcriptome,invalid_shuffle_after_loess,98,,0
plasma_transcriptome,invalid_shuffle_after_loess,99,,0
plasma_transcriptome,invalid_shuffle_after_loess,100,,0
plasma_transcriptome,invalid_shuffle_after_loess,101,,0
plasma_transcriptome,invalid_shuffle_after_loess,102,,0
plasma_transcriptome,invalid_shuffle_after_loess,103,,0
plasma_transcriptome,invalid_shuffle_after_loess,104,62.0,1503
plasma_transcriptome,invalid_shuffle_after_loess,105,,0
plasma_transcriptome,invalid_shuffle_after_loess,106,,0
plasma_transcriptome,invalid_shuffle_after_loess,107,,0
plasma_transcriptome,invalid_shuffle_after_loess,108,,0
plasma_transcriptome,invalid_shuffle_after_loess,109,,0
plasma_transcriptome,invalid_shuffle_after_loess,110,,0
plasma_transcriptome,invalid_shuffle_after_loess,111,,0
plasma_transcriptome,invalid_shuffle_after_loess,112,,0
plasma_transcriptome,invalid_shuffle_after_loess,113,,0
plasma_transcriptome,invalid_shuffle_after_loess,114,64.0,1629
plasma_transcriptome,invalid_shuffle_after_loess,115,,0
plasma_transcriptome,invalid_shuffle_after_loess,116,,0
plasma_transcriptome,invalid_shuffle_after_loess,117,,0
plasma_transcriptome,invalid_shuffle_after_loess,118,,0
plasma_transcriptome,invalid_shuffle_after_loess,119,,0
plasma_transcriptome,invalid_shuffle_after_loess,120,,0
plasma_transcriptome,invalid_shuffle_after_loess,121,,0
plasma_transcriptome,invalid_shuffle_after_loess,122,,0
plasma_transcriptome,invalid_shuffle_after_loess,123,,0
plasma_transcriptome,invalid_shuffle_after_loess,124,,0
plasma_transcriptome,invalid_shuffle_after_loess,125,,0
plasma_transcriptome,invalid_shuffle_after_loess,126,,0
plasma_transcriptome,invalid_shuffle_after_loess,127,,0
plasma_transcriptome,invalid_shuffle_after_loess,128,,0
plasma_transcriptome,invalid_shuffle_after_loess,129,,0
plasma_transcriptome,invalid_shuffle_after_loess,130,,0
plasma_transcriptome,invalid_shuffle_after_loess,131,,0
plasma_transcriptome,invalid_shuffle_after_loess,132,46.0,3396
plasma_transcriptome,invalid_shuffle_after_loess,133,,0
plasma_transcriptome,invalid_shuffle_after_loess,134,,0
plasma_transcriptome,invalid_shuffle_after_loess,135,,0
plasma_transcriptome,invalid_shuffle_after_loess,136,,0
plasma_transcriptome,invalid_shuffle_after_loess,137,62.0,409
plasma_transcriptome,invalid_shuffle_after_loess,138,,0
plasma_transcriptome,invalid_shuffle_after_loess,139,,0
plasma_transcriptome,invalid_shuffle_after_loess,140,,0
plasma_transcriptome,invalid_shuffle_after_loess,141,,0
plasma_transcriptome,invalid_shuffle_after_loess,142,52.0,684
plasma_transcriptome,invalid_shuffle_after_loess,143,45.0,1392
plasma_transcriptome,invalid_shuffle_after_loess,144,,0
plasma_transcriptome,invalid_shuffle_after_loess,145,,0
plasma_transcriptome,invalid_shuffle_after_loess,146,,0
plasma_transcriptome,invalid_shuffle_after_loess,147,,0
plasma_transcriptome,invalid_shuffle_after_loess,148,,0
plasma_transcriptome,invalid_shuffle_after_loess,149,,0
plasma_transcriptome,invalid_shuffle_after_loess,150,,0
plasma_transcriptome,invalid_shuffle_after_loess,151,,0
plasma_transcriptome,invalid_shuffle_after_loess,152,45.0,878
plasma_transcriptome,invalid_shuffle_after_loess,153,,0
plasma_transcriptome,invalid_shuffle_after_loess,154,,0
plasma_transcriptome,invalid_shuffle_after_loess,155,,0
plasma_transcriptome,invalid_shuffle_after_loess,156,,0
plasma_transcriptome,invalid_shuffle_after_loess,157,,0
plasma_transcriptome,invalid_shuffle_after_loess,158,,0
plasma_transcriptome,invalid_shuffle_after_loess,159,,0
plasma_transcriptome,invalid_shuffle_after_loess,160,,0
plasma_transcriptome,invalid_shuffle_after_loess,161,,0
plasma_transcriptome,invalid_shuffle_after_loess,162,,0
plasma_transcriptome,invalid_shuffle_after_loess,163,47.0,2363
plasma_transcriptome,invalid_shuffle_after_loess,164,,0
plasma_transcriptome,invalid_shuffle_after_loess,165,,0
plasma_transcriptome,invalid_shuffle_after_loess,166,,0
plasma_transcriptome,invalid_shuffle_after_loess,167,,0
plasma_transcriptome,invalid_shuffle_after_loess,168,,0
plasma_transcriptome,invalid_shuffle_after_loess,169,,0
plasma_transcriptome,invalid_shuffle_after_loess,170,,0
plasma_transcriptome,invalid_shuffle_after_loess,171,,0
plasma_transcriptome,invalid_shuffle_after_loess,172,,0
plasma_transcriptome,invalid_shuffle_after_loess,173,,0
plasma_transcriptome,invalid_shuffle_after_loess,174,,0
plasma_transcriptome,invalid_shuffle_after_loess,175,,0
plasma_transcriptome,invalid_shuffle_after_loess,176,,0
plasma_transcriptome,invalid_shuffle_after_loess,177,,0
plasma_transcriptome,invalid_shuffle_after_loess,178,50.0,1730
plasma_transcriptome,invalid_shuffle_after_loess,179,,0
plasma_transcriptome,invalid_shuffle_after_loess,180,,0
plasma_transcriptome,invalid_shuffle_after_loess,181,,0
plasma_transcriptome,invalid_shuffle_after_loess,182,,0
plasma_transcriptome,invalid_shuffle_after_loess,183,,0
plasma_transcriptome,invalid_shuffle_after_loess,184,,0
plasma_transcriptome,invalid_shuffle_after_loess,185,53.0,2286
plasma_transcriptome,invalid_shuffle_after_loess,186,,0
plasma_transcriptome,invalid_shuffle_after_loess,187,,0
plasma_transcriptome,invalid_shuffle_after_loess,188,,0
plasma_transcriptome,invalid_shuffle_after_loess,189,,0
plasma_transcriptome,invalid_shuffle_after_loess,190,,0
plasma_transcriptome,invalid_shuffle_after_loess,191,,0
plasma_transcriptome,invalid_shuffle_after_loess,192,,0
plasma_transcriptome,invalid_shuffle_after_loess,193,,0
plasma_transcriptome,invalid_shuffle_after_loess,194,,0
plasma_transcriptome,invalid_shuffle_after_loess,195,,0
plasma_transcriptome,invalid_shuffle_after_loess,196,52.0,1036
plasma_transcriptome,invalid_shuffle_after_loess,197,,0
plasma_transcriptome,invalid_shuffle_after_loess,198,,0
plasma_transcriptome,invalid_shuffle_after_loess,199,,0
plasma_transcriptome,invalid_shuffle_after_loess,200,,0
plasma_transcriptome,invalid_shuffle_after_loess,201,,0
plasma_transcriptome,invalid_shuffle_after_loess,202,,0
plasma_transcriptome,invalid_shuffle_after_loess,203,,0
plasma_transcriptome,invalid_shuffle_after_loess,204,,0
plasma_transcriptome,invalid_shuffle_after_loess,205,,0
plasma_transcriptome,invalid_shuffle_after_loess,206,,0
plasma_transcriptome,invalid_shuffle_after_loess,207,52.0,1066
plasma_transcriptome,invalid_shuffle_after_loess,208,,0
plasma_transcriptome,invalid_shuffle_after_loess,209,,0
plasma_transcriptome,invalid_shuffle_after_loess,210,,0
plasma_transcriptome,invalid_shuffle_after_loess,211,,0
plasma_transcriptome,invalid_shuffle_after_loess,212,,0
plasma_transcriptome,invalid_shuffle_after_loess,213,,0
plasma_transcriptome,invalid_shuffle_after_loess,214,,0
plasma_transcriptome,invalid_shuffle_after_loess,215,,0
plasma_transcriptome,invalid_shuffle_after_loess,216,,0
plasma_transcriptome,invalid_shuffle_after_loess,217,40.0,1713
plasma_transcriptome,invalid_shuffle_after_loess,218,,0
plasma_transcriptome,invalid_shuffle_after_loess,219,,0
plasma_transcriptome,invalid_shuffle_after_loess,220,,0
plasma_transcriptome,invalid_shuffle_after_loess,221,,0
plasma_transcriptome,invalid_shuffle_after_loess,222,,0
plasma_transcriptome,invalid_shuffle_after_loess,223,,0
plasma_transcriptome,invalid_shuffle_after_loess,224,,0
plasma_transcriptome,invalid_shuffle_after_loess,225,41.0,2176
plasma_transcriptome,invalid_shuffle_after_loess,226,47.0,806
plasma_transcriptome,invalid_shuffle_after_loess,227,,0
plasma_transcriptome,invalid_shuffle_after_loess,228,,0
plasma_transcriptome,invalid_shuffle_after_loess,229,,0
plasma_transcriptome,invalid_shuffle_after_loess,230,,0
plasma_transcriptome,invalid_shuffle_after_loess,231,,0
plasma_transcriptome,invalid_shuffle_after_loess,232,,0
plasma_transcriptome,invalid_shuffle_after_loess,233,,0
plasma_transcriptome,invalid_shuffle_after_loess,234,,0
plasma_transcriptome,invalid_shuffle_after_loess,235,,0
plasma_transcriptome,invalid_shuffle_after_loess,236,,0
plasma_transcriptome,invalid_shuffle_after_loess,237,40.0,2140
plasma_transcriptome,invalid_shuffle_after_loess,238,,0
plasma_transcriptome,invalid_shuffle_after_loess,239,,0
plasma_transcriptome,invalid_shuffle_after_loess,240,,0
plasma_transcriptome,invalid_shuffle_after_loess,241,,0
plasma_transcriptome,invalid_shuffle_after_loess,242,,0
plasma_transcriptome,invalid_shuffle_after_loess,243,,0
plasma_transcriptome,invalid_shuffle_after_loess,244,,0
plasma_transcriptome,invalid_shuffle_after_loess,245,,0
plasma_transcriptome,invalid_shuffle_after_loess,246,,0
plasma_transcriptome,invalid_shuffle_after_loess,247,,0
plasma_transcriptome,invalid_shuffle_after_loess,248,,0
plasma_transcriptome,invalid_shuffle_after_loess,249,,0
plasma_transcriptome,invalid_shuffle_after_loess,250,48.0,342
plasma_transcriptome,invalid_shuffle_after_loess,251,,0
plasma_transcriptome,invalid_shuffle_after_loess,252,43.0,639
plasma_transcriptome,invalid_shuffle_after_loess,253,,0
plasma_transcriptome,invalid_shuffle_after_loess,254,60.0,1489
plasma_transcriptome,invalid_shuffle_after_loess,255,,0
plasma_transcriptome,invalid_shuffle_after_loess,256,,0
plasma_transcriptome,invalid_shuffle_after_loess,257,,0
plasma_transcriptome,invalid_shuffle_after_loess,258,,0
plasma_transcriptome,invalid_shuffle_after_loess,259,,0
plasma_transcriptome,invalid_shuffle_after_loess,260,,0
plasma_transcriptome,invalid_shuffle_after_loess,261,40.0,757
plasma_transcriptome,invalid_shuffle_after_loess,262,,0
plasma_transcriptome,invalid_shuffle_after_loess,263,61.0,1831
plasma_transcriptome,invalid_shuffle_after_loess,264,42.0,1569
plasma_transcriptome,invalid_shuffle_after_loess,265,,0
plasma_transcriptome,invalid_shuffle_after_loess,266,,0
plasma_transcriptome,invalid_shuffle_after_loess,267,46.0,1
plasma_transcriptome,invalid_shuffle_after_loess,268,40.0,180
plasma_transcriptome,invalid_shuffle_after_loess,269,46.0,146
plasma_transcriptome,invalid_shuffle_after_loess,270,,0
plasma_transcriptome,invalid_shuffle_after_loess,271,,0
plasma_transcriptome,invalid_shuffle_after_loess,272,,0
plasma_transcriptome,invalid_shuffle_after_loess,273,,0
plasma_transcriptome,invalid_shuffle_after_loess,274,,0
plasma_transcriptome,invalid_shuffle_after_loess,275,,0
plasma_transcriptome,invalid_shuffle_after_loess,276,,0
plasma_transcriptome,invalid_shuffle_after_loess,277,,0
plasma_transcriptome,invalid_shuffle_after_loess,278,,0
plasma_transcriptome,invalid_shuffle_after_loess,279,,0
plasma_transcriptome,invalid_shuffle_after_loess,280,,0
plasma_transcriptome,invalid_shuffle_after_loess,281,,0
plasma_transcriptome,invalid_shuffle_after_loess,282,,0
plasma_transcriptome,invalid_shuffle_after_loess,283,,0
plasma_transcriptome,invalid_shuffle_after_loess,284,,0
plasma_transcriptome,invalid_shuffle_after_loess,285,,0
plasma_transcriptome,invalid_shuffle_after_loess,286,,0
plasma_transcriptome,invalid_shuffle_after_loess,287,,0
plasma_transcriptome,invalid_shuffle_after_loess,288,,0
plasma_transcriptome,invalid_shuffle_after_loess,289,,0
plasma_transcriptome,invalid_shuffle_after_loess,290,,0
plasma_transcriptome,invalid_shuffle_after_loess,291,,0
plasma_transcriptome,invalid_shuffle_after_loess,292,,0
plasma_transcriptome,invalid_shuffle_after_loess,293,63.0,1567
plasma_transcriptome,invalid_shuffle_after_loess,294,59.0,1342
plasma_transcriptome,invalid_shuffle_after_loess,295,44.0,2464
plasma_transcriptome,invalid_shuffle_after_loess,296,42.0,684
plasma_transcriptome,invalid_shuffle_after_loess,297,42.0,2122
plasma_transcriptome,invalid_shuffle_after_loess,298,,0
plasma_transcriptome,invalid_shuffle_after_loess,299,51.0,881
plasma_proteomics,valid_shuffle_before_loess,0,40.0,231
plasma_proteomics,valid_shuffle_before_loess,1,40.0,242
plasma_proteomics,valid_shuffle_before_loess,2,45.0,243
plasma_proteomics,valid_shuffle_before_loess,3,44.0,241
plasma_proteomics,valid_shuffle_before_loess,4,40.0,241
plasma_proteomics,valid_shuffle_before_loess,5,40.0,252
plasma_proteomics,valid_shuffle_before_loess,6,44.0,253
plasma_proteomics,valid_shuffle_before_loess,7,41.0,259
plasma_proteomics,valid_shuffle_before_loess,8,42.0,244
plasma_proteomics,valid_shuffle_before_loess,9,45.0,256
plasma_proteomics,valid_shuffle_before_loess,10,41.0,254
plasma_proteomics,valid_shuffle_before_loess,11,43.0,242
plasma_proteomics,valid_shuffle_before_loess,12,41.0,249
plasma_proteomics,valid_shuffle_before_loess,13,40.0,241
plasma_proteomics,valid_shuffle_before_loess,14,43.0,245
plasma_proteomics,valid_shuffle_before_loess,15,40.0,235
plasma_proteomics,valid_shuffle_before_loess,16,44.0,258
plasma_proteomics,valid_shuffle_before_loess,17,40.0,246
plasma_proteomics,valid_shuffle_before_loess,18,40.0,258
plasma_proteomics,valid_shuffle_before_loess,19,40.0,243
plasma_proteomics,valid_shuffle_before_loess,20,46.0,245
plasma_proteomics,valid_shuffle_before_loess,21,40.0,270
plasma_proteomics,valid_shuffle_before_loess,22,41.0,253
plasma_proteomics,valid_shuffle_before_loess,23,40.0,263
plasma_proteomics,valid_shuffle_before_loess,24,40.0,238
plasma_proteomics,valid_shuffle_before_loess,25,41.0,237
plasma_proteomics,valid_shuffle_before_loess,26,40.0,250
plasma_proteomics,valid_shuffle_before_loess,27,45.0,238
plasma_proteomics,valid_shuffle_before_loess,28,42.0,244
plasma_proteomics,valid_shuffle_before_loess,29,40.0,245
plasma_proteomics,valid_shuffle_before_loess,30,41.0,257
plasma_proteomics,valid_shuffle_before_loess,31,42.0,255
plasma_proteomics,valid_shuffle_before_loess,32,42.0,245
plasma_proteomics,valid_shuffle_before_loess,33,43.0,245
plasma_proteomics,valid_shuffle_before_loess,34,40.0,258
plasma_proteomics,valid_shuffle_before_loess,35,40.0,243
plasma_proteomics,valid_shuffle_before_loess,36,42.0,253
plasma_proteomics,valid_shuffle_before_loess,37,45.0,250
plasma_proteomics,valid_shuffle_before_loess,38,42.0,253
plasma_proteomics,valid_shuffle_before_loess,39,40.0,258
plasma_proteomics,valid_shuffle_before_loess,40,40.0,244
plasma_proteomics,valid_shuffle_before_loess,41,44.0,247
plasma_proteomics,valid_shuffle_before_loess,42,40.0,257
plasma_proteomics,valid_shuffle_before_loess,43,41.0,240
plasma_proteomics,valid_shuffle_before_loess,44,40.0,259
plasma_proteomics,valid_shuffle_before_loess,45,40.0,259
plasma_proteomics,valid_shuffle_before_loess,46,40.0,246
plasma_proteomics,valid_shuffle_before_loess,47,42.0,251
plasma_proteomics,valid_shuffle_before_loess,48,44.0,243
plasma_proteomics,valid_shuffle_before_loess,49,40.0,239
plasma_proteomics,valid_shuffle_before_loess,50,41.0,246
plasma_proteomics,valid_shuffle_before_loess,51,40.0,231
plasma_proteomics,valid_shuffle_before_loess,52,40.0,239
plasma_proteomics,valid_shuffle_before_loess,53,42.0,242
plasma_proteomics,valid_shuffle_before_loess,54,40.0,252
plasma_proteomics,valid_shuffle_before_loess,55,40.0,242
plasma_proteomics,valid_shuffle_before_loess,56,44.0,244
plasma_proteomics,valid_shuffle_before_loess,57,42.0,258
plasma_proteomics,valid_shuffle_before_loess,58,40.0,242
plasma_proteomics,valid_shuffle_before_loess,59,40.0,253
plasma_proteomics,valid_shuffle_before_loess,60,40.0,251
plasma_proteomics,valid_shuffle_before_loess,61,47.0,247
plasma_proteomics,valid_shuffle_before_loess,62,40.0,253
plasma_proteomics,valid_shuffle_before_loess,63,43.0,257
plasma_proteomics,valid_shuffle_before_loess,64,40.0,252
plasma_proteomics,valid_shuffle_before_loess,65,42.0,259
plasma_proteomics,valid_shuffle_before_loess,66,44.0,242
plasma_proteomics,valid_shuffle_before_loess,67,45.0,246
plasma_proteomics,valid_shuffle_before_loess,68,40.0,234
plasma_proteomics,valid_shuffle_before_loess,69,40.0,244
plasma_proteomics,valid_shuffle_before_loess,70,40.0,246
plasma_proteomics,valid_shuffle_before_loess,71,45.0,242
plasma_proteomics,valid_shuffle_before_loess,72,43.0,246
plasma_proteomics,valid_shuffle_before_loess,73,42.0,239
plasma_proteomics,valid_shuffle_before_loess,74,43.0,236
plasma_proteomics,valid_shuffle_before_loess,75,40.0,241
plasma_proteomics,valid_shuffle_before_loess,76,42.0,250
plasma_proteomics,valid_shuffle_before_loess,77,42.0,263
plasma_proteomics,valid_shuffle_before_loess,78,40.0,250
plasma_proteomics,valid_shuffle_before_loess,79,40.0,240
plasma_proteomics,valid_shuffle_before_loess,80,41.0,256
plasma_proteomics,valid_shuffle_before_loess,81,40.0,245
plasma_proteomics,valid_shuffle_before_loess,82,46.0,250
plasma_proteomics,valid_shuffle_before_loess,83,40.0,255
plasma_proteomics,valid_shuffle_before_loess,84,41.0,261
plasma_proteomics,valid_shuffle_before_loess,85,42.0,240
plasma_proteomics,valid_shuffle_before_loess,86,41.0,251
plasma_proteomics,valid_shuffle_before_loess,87,42.0,242
plasma_proteomics,valid_shuffle_before_loess,88,40.0,243
plasma_proteomics,valid_shuffle_before_loess,89,42.0,262
plasma_proteomics,valid_shuffle_before_loess,90,40.0,241
plasma_proteomics,valid_shuffle_before_loess,91,40.0,250
plasma_proteomics,valid_shuffle_before_loess,92,40.0,251
plasma_proteomics,valid_shuffle_before_loess,93,40.0,254
plasma_proteomics,valid_shuffle_before_loess,94,43.0,250
plasma_proteomics,valid_shuffle_before_loess,95,40.0,258
plasma_proteomics,valid_shuffle_before_loess,96,41.0,248
plasma_proteomics,valid_shuffle_before_loess,97,46.0,248
plasma_proteomics,valid_shuffle_before_loess,98,44.0,237
plasma_proteomics,valid_shuffle_before_loess,99,40.0,253
plasma_proteomics,valid_shuffle_before_loess,100,45.0,235
plasma_proteomics,valid_shuffle_before_loess,101,41.0,245
plasma_proteomics,valid_shuffle_before_loess,102,43.0,251
plasma_proteomics,valid_shuffle_before_loess,103,40.0,256
plasma_proteomics,valid_shuffle_before_loess,104,40.0,254
plasma_proteomics,valid_shuffle_before_loess,105,40.0,247
plasma_proteomics,valid_shuffle_before_loess,106,40.0,245
plasma_proteomics,valid_shuffle_before_loess,107,40.0,247
plasma_proteomics,valid_shuffle_before_loess,108,42.0,251
plasma_proteomics,valid_shuffle_before_loess,109,43.0,250
plasma_proteomics,valid_shuffle_before_loess,110,41.0,263
plasma_proteomics,valid_shuffle_before_loess,111,42.0,231
plasma_proteomics,valid_shuffle_before_loess,112,41.0,251
plasma_proteomics,valid_shuffle_before_loess,113,42.0,258
plasma_proteomics,valid_shuffle_before_loess,114,40.0,247
plasma_proteomics,valid_shuffle_before_loess,115,40.0,229
plasma_proteomics,valid_shuffle_before_loess,116,40.0,250
plasma_proteomics,valid_shuffle_before_loess,117,40.0,251
plasma_proteomics,valid_shuffle_before_loess,118,43.0,248
plasma_proteomics,valid_shuffle_before_loess,119,41.0,248
plasma_proteomics,valid_shuffle_before_loess,120,40.0,268
plasma_proteomics,valid_shuffle_before_loess,121,40.0,246
plasma_proteomics,valid_shuffle_before_loess,122,43.0,250
plasma_proteomics,valid_shuffle_before_loess,123,42.0,243
plasma_proteomics,valid_shuffle_before_loess,124,44.0,257
plasma_proteomics,valid_shuffle_before_loess,125,41.0,256
plasma_proteomics,valid_shuffle_before_loess,126,48.0,234
plasma_proteomics,valid_shuffle_before_loess,127,40.0,259
plasma_proteomics,valid_shuffle_before_loess,128,44.0,246
plasma_proteomics,valid_shuffle_before_loess,129,42.0,261
plasma_proteomics,valid_shuffle_before_loess,130,41.0,252
plasma_proteomics,valid_shuffle_before_loess,131,44.0,245
plasma_proteomics,valid_shuffle_before_loess,132,42.0,245
plasma_proteomics,valid_shuffle_before_loess,133,40.0,245
plasma_proteomics,valid_shuffle_before_loess,134,40.0,249
plasma_proteomics,valid_shuffle_before_loess,135,42.0,256
plasma_proteomics,valid_shuffle_before_loess,136,41.0,241
plasma_proteomics,valid_shuffle_before_loess,137,40.0,250
plasma_proteomics,valid_shuffle_before_loess,138,43.0,249
plasma_proteomics,valid_shuffle_before_loess,139,41.0,244
plasma_proteomics,valid_shuffle_before_loess,140,46.0,237
plasma_proteomics,valid_shuffle_before_loess,141,43.0,260
plasma_proteomics,valid_shuffle_before_loess,142,41.0,241
plasma_proteomics,valid_shuffle_before_loess,143,43.0,243
plasma_proteomics,valid_shuffle_before_loess,144,43.0,254
plasma_proteomics,valid_shuffle_before_loess,145,40.0,267
plasma_proteomics,valid_shuffle_before_loess,146,40.0,255
plasma_proteomics,valid_shuffle_before_loess,147,43.0,245
plasma_proteomics,valid_shuffle_before_loess,148,43.0,250
plasma_proteomics,valid_shuffle_before_loess,149,45.0,258
plasma_proteomics,valid_shuffle_before_loess,150,47.0,245
plasma_proteomics,valid_shuffle_before_loess,151,40.0,243
plasma_proteomics,valid_shuffle_before_loess,152,40.0,235
plasma_proteomics,valid_shuffle_before_loess,153,42.0,258
plasma_proteomics,valid_shuffle_before_loess,154,40.0,257
plasma_proteomics,valid_shuffle_before_loess,155,42.0,262
plasma_proteomics,valid_shuffle_before_loess,156,43.0,241
plasma_proteomics,valid_shuffle_before_loess,157,40.0,253
plasma_proteomics,valid_shuffle_before_loess,158,40.0,257
plasma_proteomics,valid_shuffle_before_loess,159,41.0,248
plasma_proteomics,valid_shuffle_before_loess,160,40.0,252
plasma_proteomics,valid_shuffle_before_loess,161,44.0,252
plasma_proteomics,valid_shuffle_before_loess,162,45.0,243
plasma_proteomics,valid_shuffle_before_loess,163,40.0,247
plasma_proteomics,valid_shuffle_before_loess,164,45.0,249
plasma_proteomics,valid_shuffle_before_loess,165,40.0,259
plasma_proteomics,valid_shuffle_before_loess,166,40.0,243
plasma_proteomics,valid_shuffle_before_loess,167,40.0,250
plasma_proteomics,valid_shuffle_before_loess,168,40.0,241
plasma_proteomics,valid_shuffle_before_loess,169,40.0,238
plasma_proteomics,valid_shuffle_before_loess,170,41.0,242
plasma_proteomics,valid_shuffle_before_loess,171,44.0,237
plasma_proteomics,valid_shuffle_before_loess,172,43.0,236
plasma_proteomics,valid_shuffle_before_loess,173,41.0,244
plasma_proteomics,valid_shuffle_before_loess,174,40.0,258
plasma_proteomics,valid_shuffle_before_loess,175,40.0,258
plasma_proteomics,valid_shuffle_before_loess,176,41.0,242
plasma_proteomics,valid_shuffle_before_loess,177,42.0,241
plasma_proteomics,valid_shuffle_before_loess,178,40.0,263
plasma_proteomics,valid_shuffle_before_loess,179,40.0,246
plasma_proteomics,valid_shuffle_before_loess,180,43.0,249
plasma_proteomics,valid_shuffle_before_loess,181,40.0,243
plasma_proteomics,valid_shuffle_before_loess,182,42.0,252
plasma_proteomics,valid_shuffle_before_loess,183,43.0,253
plasma_proteomics,valid_shuffle_before_loess,184,41.0,223
plasma_proteomics,valid_shuffle_before_loess,185,43.0,252
plasma_proteomics,valid_shuffle_before_loess,186,40.0,256
plasma_proteomics,valid_shuffle_before_loess,187,40.0,254
plasma_proteomics,valid_shuffle_before_loess,188,44.0,242
plasma_proteomics,valid_shuffle_before_loess,189,42.0,240
plasma_proteomics,valid_shuffle_before_loess,190,42.0,255
plasma_proteomics,valid_shuffle_before_loess,191,43.0,250
plasma_proteomics,valid_shuffle_before_loess,192,43.0,236
plasma_proteomics,valid_shuffle_before_loess,193,40.0,250
plasma_proteomics,valid_shuffle_before_loess,194,44.0,254
plasma_proteomics,valid_shuffle_before_loess,195,40.0,259
plasma_proteomics,valid_shuffle_before_loess,196,41.0,246
plasma_proteomics,valid_shuffle_before_loess,197,40.0,241
plasma_proteomics,valid_shuffle_before_loess,198,40.0,246
plasma_proteomics,valid_shuffle_before_loess,199,41.0,247
plasma_proteomics,valid_shuffle_before_loess,200,40.0,249
plasma_proteomics,valid_shuffle_before_loess,201,40.0,236
plasma_proteomics,valid_shuffle_before_loess,202,40.0,248
plasma_proteomics,valid_shuffle_before_loess,203,42.0,251
plasma_proteomics,valid_shuffle_before_loess,204,40.0,256
plasma_proteomics,valid_shuffle_before_loess,205,40.0,242
plasma_proteomics,valid_shuffle_before_loess,206,40.0,254
plasma_proteomics,valid_shuffle_before_loess,207,43.0,246
plasma_proteomics,valid_shuffle_before_loess,208,42.0,260
plasma_proteomics,valid_shuffle_before_loess,209,43.0,254
plasma_proteomics,valid_shuffle_before_loess,210,44.0,241
plasma_proteomics,valid_shuffle_before_loess,211,40.0,234
plasma_proteomics,valid_shuffle_before_loess,212,40.0,253
plasma_proteomics,valid_shuffle_before_loess,213,43.0,248
plasma_proteomics,valid_shuffle_before_loess,214,41.0,240
plasma_proteomics,valid_shuffle_before_loess,215,44.0,241
plasma_proteomics,valid_shuffle_before_loess,216,40.0,253
plasma_proteomics,valid_shuffle_before_loess,217,42.0,233
plasma_proteomics,valid_shuffle_before_loess,218,40.0,250
plasma_proteomics,valid_shuffle_before_loess,219,43.0,249
plasma_proteomics,valid_shuffle_before_loess,220,43.0,239
plasma_proteomics,valid_shuffle_before_loess,221,40.0,254
plasma_proteomics,valid_shuffle_before_loess,222,43.0,255
plasma_proteomics,valid_shuffle_before_loess,223,40.0,240
plasma_proteomics,valid_shuffle_before_loess,224,40.0,253
plasma_proteomics,valid_shuffle_before_loess,225,40.0,257
plasma_proteomics,valid_shuffle_before_loess,226,41.0,239
plasma_proteomics,valid_shuffle_before_loess,227,45.0,245
plasma_proteomics,valid_shuffle_before_loess,228,40.0,254
plasma_proteomics,valid_shuffle_before_loess,229,40.0,256
plasma_proteomics,valid_shuffle_before_loess,230,43.0,240
plasma_proteomics,valid_shuffle_before_loess,231,40.0,253
plasma_proteomics,valid_shuffle_before_loess,232,40.0,245
plasma_proteomics,valid_shuffle_before_loess,233,40.0,238
plasma_proteomics,valid_shuffle_before_loess,234,40.0,250
plasma_proteomics,valid_shuffle_before_loess,235,40.0,246
plasma_proteomics,valid_shuffle_before_loess,236,41.0,258
plasma_proteomics,valid_shuffle_before_loess,237,43.0,242
plasma_proteomics,valid_shuffle_before_loess,238,40.0,235
plasma_proteomics,valid_shuffle_before_loess,239,40.0,267
plasma_proteomics,valid_shuffle_before_loess,240,43.0,246
plasma_proteomics,valid_shuffle_before_loess,241,42.0,248
plasma_proteomics,valid_shuffle_before_loess,242,40.0,254
plasma_proteomics,valid_shuffle_before_loess,243,40.0,229
plasma_proteomics,valid_shuffle_before_loess,244,43.0,247
plasma_proteomics,valid_shuffle_before_loess,245,42.0,233
plasma_proteomics,valid_shuffle_before_loess,246,48.0,240
plasma_proteomics,valid_shuffle_before_loess,247,40.0,237
plasma_proteomics,valid_shuffle_before_loess,248,40.0,236
plasma_proteomics,valid_shuffle_before_loess,249,45.0,251
plasma_proteomics,valid_shuffle_before_loess,250,40.0,254
plasma_proteomics,valid_shuffle_before_loess,251,44.0,250
plasma_proteomics,valid_shuffle_before_loess,252,45.0,245
plasma_proteomics,valid_shuffle_before_loess,253,40.0,242
plasma_proteomics,valid_shuffle_before_loess,254,41.0,237
plasma_proteomics,valid_shuffle_before_loess,255,40.0,243
plasma_proteomics,valid_shuffle_before_loess,256,40.0,235
plasma_proteomics,valid_shuffle_before_loess,257,40.0,247
plasma_proteomics,valid_shuffle_before_loess,258,40.0,243
plasma_proteomics,valid_shuffle_before_loess,259,40.0,246
plasma_proteomics,valid_shuffle_before_loess,260,40.0,235
plasma_proteomics,valid_shuffle_before_loess,261,40.0,246
plasma_proteomics,valid_shuffle_before_loess,262,40.0,247
plasma_proteomics,valid_shuffle_before_loess,263,40.0,242
plasma_proteomics,valid_shuffle_before_loess,264,40.0,237
plasma_proteomics,valid_shuffle_before_loess,265,43.0,249
plasma_proteomics,valid_shuffle_before_loess,266,46.0,246
plasma_proteomics,valid_shuffle_before_loess,267,40.0,230
plasma_proteomics,valid_shuffle_before_loess,268,41.0,254
plasma_proteomics,valid_shuffle_before_loess,269,40.0,239
plasma_proteomics,valid_shuffle_before_loess,270,43.0,242
plasma_proteomics,valid_shuffle_before_loess,271,41.0,245
plasma_proteomics,valid_shuffle_before_loess,272,42.0,235
plasma_proteomics,valid_shuffle_before_loess,273,42.0,248
plasma_proteomics,valid_shuffle_before_loess,274,40.0,234
plasma_proteomics,valid_shuffle_before_loess,275,47.0,240
plasma_proteomics,valid_shuffle_before_loess,276,40.0,256
plasma_proteomics,valid_shuffle_before_loess,277,40.0,262
plasma_proteomics,valid_shuffle_before_loess,278,42.0,235
plasma_proteomics,valid_shuffle_before_loess,279,40.0,249
plasma_proteomics,valid_shuffle_before_loess,280,40.0,255
plasma_proteomics,valid_shuffle_before_loess,281,41.0,266
plasma_proteomics,valid_shuffle_before_loess,282,40.0,259
plasma_proteomics,valid_shuffle_before_loess,283,41.0,251
plasma_proteomics,valid_shuffle_before_loess,284,45.0,228
plasma_proteomics,valid_shuffle_before_loess,285,44.0,253
plasma_proteomics,valid_shuffle_before_loess,286,40.0,256
plasma_proteomics,valid_shuffle_before_loess,287,40.0,245
plasma_proteomics,valid_shuffle_before_loess,288,40.0,259
plasma_proteomics,valid_shuffle_before_loess,289,40.0,253
plasma_proteomics,valid_shuffle_before_loess,290,41.0,262
plasma_proteomics,valid_shuffle_before_loess,291,40.0,263
plasma_proteomics,valid_shuffle_before_loess,292,43.0,261
plasma_proteomics,valid_shuffle_before_loess,293,43.0,246
plasma_proteomics,valid_shuffle_before_loess,294,42.0,238
plasma_proteomics,valid_shuffle_before_loess,295,42.0,241
plasma_proteomics,valid_shuffle_before_loess,296,40.0,256
plasma_proteomics,valid_shuffle_before_loess,297,45.0,243
plasma_proteomics,valid_shuffle_before_loess,298,42.0,259
plasma_proteomics,valid_shuffle_before_loess,299,41.0,243
plasma_proteomics,valid_shuffle_before_loess,300,40.0,255
plasma_proteomics,valid_shuffle_before_loess,301,42.0,263
plasma_proteomics,valid_shuffle_before_loess,302,41.0,247
plasma_proteomics,valid_shuffle_before_loess,303,42.0,236
plasma_proteomics,valid_shuffle_before_loess,304,40.0,258
plasma_proteomics,valid_shuffle_before_loess,305,40.0,250
plasma_proteomics,valid_shuffle_before_loess,306,42.0,247
plasma_proteomics,valid_shuffle_before_loess,307,41.0,251
plasma_proteomics,valid_shuffle_before_loess,308,40.0,244
plasma_proteomics,valid_shuffle_before_loess,309,43.0,246
plasma_proteomics,valid_shuffle_before_loess,310,42.0,260
plasma_proteomics,valid_shuffle_before_loess,311,40.0,247
plasma_proteomics,valid_shuffle_before_loess,312,41.0,248
plasma_proteomics,valid_shuffle_before_loess,313,41.0,242
plasma_proteomics,valid_shuffle_before_loess,314,40.0,245
plasma_proteomics,valid_shuffle_before_loess,315,41.0,242
plasma_proteomics,valid_shuffle_before_loess,316,41.0,239
plasma_proteomics,valid_shuffle_before_loess,317,40.0,242
plasma_proteomics,valid_shuffle_before_loess,318,43.0,240
plasma_proteomics,valid_shuffle_before_loess,319,43.0,250
plasma_proteomics,valid_shuffle_before_loess,320,40.0,256
plasma_proteomics,valid_shuffle_before_loess,321,42.0,254
plasma_proteomics,valid_shuffle_before_loess,322,45.0,259
plasma_proteomics,valid_shuffle_before_loess,323,47.0,250
plasma_proteomics,valid_shuffle_before_loess,324,42.0,257
plasma_proteomics,valid_shuffle_before_loess,325,43.0,253
plasma_proteomics,valid_shuffle_before_loess,326,44.0,249
plasma_proteomics,valid_shuffle_before_loess,327,40.0,250
plasma_proteomics,valid_shuffle_before_loess,328,40.0,240
plasma_proteomics,valid_shuffle_before_loess,329,46.0,242
plasma_proteomics,valid_shuffle_before_loess,330,46.0,240
plasma_proteomics,valid_shuffle_before_loess,331,42.0,242
plasma_proteomics,valid_shuffle_before_loess,332,40.0,253
plasma_proteomics,valid_shuffle_before_loess,333,40.0,250
plasma_proteomics,valid_shuffle_before_loess,334,42.0,258
plasma_proteomics,valid_shuffle_before_loess,335,40.0,257
plasma_proteomics,valid_shuffle_before_loess,336,40.0,257
plasma_proteomics,valid_shuffle_before_loess,337,41.0,257
plasma_proteomics,valid_shuffle_before_loess,338,40.0,236
plasma_proteomics,valid_shuffle_before_loess,339,42.0,239
plasma_proteomics,valid_shuffle_before_loess,340,44.0,252
plasma_proteomics,valid_shuffle_before_loess,341,40.0,242
plasma_proteomics,valid_shuffle_before_loess,342,41.0,253
plasma_proteomics,valid_shuffle_before_loess,343,44.0,252
plasma_proteomics,valid_shuffle_before_loess,344,40.0,247
plasma_proteomics,valid_shuffle_before_loess,345,40.0,247
plasma_proteomics,valid_shuffle_before_loess,346,42.0,263
plasma_proteomics,valid_shuffle_before_loess,347,40.0,242
plasma_proteomics,valid_shuffle_before_loess,348,40.0,240
plasma_proteomics,valid_shuffle_before_loess,349,42.0,247
plasma_proteomics,valid_shuffle_before_loess,350,43.0,246
plasma_proteomics,valid_shuffle_before_loess,351,40.0,241
plasma_proteomics,valid_shuffle_before_loess,352,40.0,245
plasma_proteomics,valid_shuffle_before_loess,353,41.0,252
plasma_proteomics,valid_shuffle_before_loess,354,43.0,237
plasma_proteomics,valid_shuffle_before_loess,355,42.0,242
plasma_proteomics,valid_shuffle_before_loess,356,40.0,249
plasma_proteomics,valid_shuffle_before_loess,357,40.0,238
plasma_proteomics,valid_shuffle_before_loess,358,40.0,251
plasma_proteomics,valid_shuffle_before_loess,359,43.0,256
plasma_proteomics,valid_shuffle_before_loess,360,40.0,251
plasma_proteomics,valid_shuffle_before_loess,361,44.0,252
plasma_proteomics,valid_shuffle_before_loess,362,42.0,260
plasma_proteomics,valid_shuffle_before_loess,363,40.0,254
plasma_proteomics,valid_shuffle_before_loess,364,42.0,254
plasma_proteomics,valid_shuffle_before_loess,365,42.0,260
plasma_proteomics,valid_shuffle_before_loess,366,40.0,253
plasma_proteomics,valid_shuffle_before_loess,367,40.0,246
plasma_proteomics,valid_shuffle_before_loess,368,44.0,247
plasma_proteomics,valid_shuffle_before_loess,369,40.0,248
plasma_proteomics,valid_shuffle_before_loess,370,40.0,260
plasma_proteomics,valid_shuffle_before_loess,371,41.0,250
plasma_proteomics,valid_shuffle_before_loess,372,42.0,244
plasma_proteomics,valid_shuffle_before_loess,373,41.0,258
plasma_proteomics,valid_shuffle_before_loess,374,43.0,254
plasma_proteomics,valid_shuffle_before_loess,375,40.0,254
plasma_proteomics,valid_shuffle_before_loess,376,42.0,254
plasma_proteomics,valid_shuffle_before_loess,377,42.0,246
plasma_proteomics,valid_shuffle_before_loess,378,43.0,259
plasma_proteomics,valid_shuffle_before_loess,379,41.0,253
plasma_proteomics,valid_shuffle_before_loess,380,40.0,241
plasma_proteomics,valid_shuffle_before_loess,381,43.0,238
plasma_proteomics,valid_shuffle_before_loess,382,44.0,250
plasma_proteomics,valid_shuffle_before_loess,383,41.0,265
plasma_proteomics,valid_shuffle_before_loess,384,41.0,263
plasma_proteomics,valid_shuffle_before_loess,385,40.0,243
plasma_proteomics,valid_shuffle_before_loess,386,43.0,248
plasma_proteomics,valid_shuffle_before_loess,387,44.0,245
plasma_proteomics,valid_shuffle_before_loess,388,43.0,259
plasma_proteomics,valid_shuffle_before_loess,389,44.0,251
plasma_proteomics,valid_shuffle_before_loess,390,42.0,254
plasma_proteomics,valid_shuffle_before_loess,391,45.0,260
plasma_proteomics,valid_shuffle_before_loess,392,40.0,246
plasma_proteomics,valid_shuffle_before_loess,393,43.0,260
plasma_proteomics,valid_shuffle_before_loess,394,40.0,250
plasma_proteomics,valid_shuffle_before_loess,395,40.0,257
plasma_proteomics,valid_shuffle_before_loess,396,46.0,244
plasma_proteomics,valid_shuffle_before_loess,397,40.0,256
plasma_proteomics,valid_shuffle_before_loess,398,41.0,243
plasma_proteomics,valid_shuffle_before_loess,399,40.0,251
plasma_proteomics,valid_shuffle_before_loess,400,42.0,251
plasma_proteomics,valid_shuffle_before_loess,401,40.0,255
plasma_proteomics,valid_shuffle_before_loess,402,43.0,253
plasma_proteomics,valid_shuffle_before_loess,403,40.0,255
plasma_proteomics,valid_shuffle_before_loess,404,40.0,259
plasma_proteomics,valid_shuffle_before_loess,405,41.0,257
plasma_proteomics,valid_shuffle_before_loess,406,40.0,240
plasma_proteomics,valid_shuffle_before_loess,407,40.0,256
plasma_proteomics,valid_shuffle_before_loess,408,40.0,253
plasma_proteomics,valid_shuffle_before_loess,409,43.0,255
plasma_proteomics,valid_shuffle_before_loess,410,40.0,241
plasma_proteomics,valid_shuffle_before_loess,411,40.0,248
plasma_proteomics,valid_shuffle_before_loess,412,43.0,244
plasma_proteomics,valid_shuffle_before_loess,413,40.0,248
plasma_proteomics,valid_shuffle_before_loess,414,42.0,254
plasma_proteomics,valid_shuffle_before_loess,415,42.0,251
plasma_proteomics,valid_shuffle_before_loess,416,41.0,257
plasma_proteomics,valid_shuffle_before_loess,417,41.0,254
plasma_proteomics,valid_shuffle_before_loess,418,42.0,237
plasma_proteomics,valid_shuffle_before_loess,419,40.0,250
plasma_proteomics,valid_shuffle_before_loess,420,40.0,243
plasma_proteomics,valid_shuffle_before_loess,421,40.0,240
plasma_proteomics,valid_shuffle_before_loess,422,41.0,247
plasma_proteomics,valid_shuffle_before_loess,423,40.0,230
plasma_proteomics,valid_shuffle_before_loess,424,41.0,242
plasma_proteomics,valid_shuffle_before_loess,425,41.0,250
plasma_proteomics,valid_shuffle_before_loess,426,42.0,261
plasma_proteomics,valid_shuffle_before_loess,427,40.0,240
plasma_proteomics,valid_shuffle_before_loess,428,42.0,247
plasma_proteomics,valid_shuffle_before_loess,429,42.0,246
plasma_proteomics,valid_shuffle_before_loess,430,43.0,249
plasma_proteomics,valid_shuffle_before_loess,431,41.0,242
plasma_proteomics,valid_shuffle_before_loess,432,41.0,247
plasma_proteomics,valid_shuffle_before_loess,433,44.0,236
plasma_proteomics,valid_shuffle_before_loess,434,47.0,249
plasma_proteomics,valid_shuffle_before_loess,435,45.0,234
plasma_proteomics,valid_shuffle_before_loess,436,40.0,255
plasma_proteomics,valid_shuffle_before_loess,437,40.0,240
plasma_proteomics,valid_shuffle_before_loess,438,47.0,240
plasma_proteomics,valid_shuffle_before_loess,439,42.0,253
plasma_proteomics,valid_shuffle_before_loess,440,42.0,249
plasma_proteomics,valid_shuffle_before_loess,441,40.0,242
plasma_proteomics,valid_shuffle_before_loess,442,43.0,254
plasma_proteomics,valid_shuffle_before_loess,443,40.0,243
plasma_proteomics,valid_shuffle_before_loess,444,43.0,256
plasma_proteomics,valid_shuffle_before_loess,445,42.0,255
plasma_proteomics,valid_shuffle_before_loess,446,40.0,250
plasma_proteomics,valid_shuffle_before_loess,447,40.0,240
plasma_proteomics,valid_shuffle_before_loess,448,44.0,251
plasma_proteomics,valid_shuffle_before_loess,449,40.0,241
plasma_proteomics,valid_shuffle_before_loess,450,41.0,245
plasma_proteomics,valid_shuffle_before_loess,451,40.0,255
plasma_proteomics,valid_shuffle_before_loess,452,40.0,258
plasma_proteomics,valid_shuffle_before_loess,453,40.0,253
plasma_proteomics,valid_shuffle_before_loess,454,42.0,263
plasma_proteomics,valid_shuffle_before_loess,455,40.0,244
plasma_proteomics,valid_shuffle_before_loess,456,40.0,240
plasma_proteomics,valid_shuffle_before_loess,457,40.0,244
plasma_proteomics,valid_shuffle_before_loess,458,46.0,239
plasma_proteomics,valid_shuffle_before_loess,459,40.0,249
plasma_proteomics,valid_shuffle_before_loess,460,48.0,237
plasma_proteomics,valid_shuffle_before_loess,461,40.0,259
plasma_proteomics,valid_shuffle_before_loess,462,40.0,251
plasma_proteomics,valid_shuffle_before_loess,463,40.0,258
plasma_proteomics,valid_shuffle_before_loess,464,40.0,246
plasma_proteomics,valid_shuffle_before_loess,465,41.0,246
plasma_proteomics,valid_shuffle_before_loess,466,40.0,254
plasma_proteomics,valid_shuffle_before_loess,467,40.0,257
plasma_proteomics,valid_shuffle_before_loess,468,43.0,243
plasma_proteomics,valid_shuffle_before_loess,469,45.0,243
plasma_proteomics,valid_shuffle_before_loess,470,42.0,246
plasma_proteomics,valid_shuffle_before_loess,471,44.0,235
plasma_proteomics,valid_shuffle_before_loess,472,40.0,250
plasma_proteomics,valid_shuffle_before_loess,473,45.0,239
plasma_proteomics,valid_shuffle_before_loess,474,41.0,245
plasma_proteomics,valid_shuffle_before_loess,475,42.0,238
plasma_proteomics,valid_shuffle_before_loess,476,40.0,238
plasma_proteomics,valid_shuffle_before_loess,477,40.0,247
plasma_proteomics,valid_shuffle_before_loess,478,41.0,241
plasma_proteomics,valid_shuffle_before_loess,479,40.0,249
plasma_proteomics,valid_shuffle_before_loess,480,40.0,257
plasma_proteomics,valid_shuffle_before_loess,481,40.0,246
plasma_proteomics,valid_shuffle_before_loess,482,43.0,257
plasma_proteomics,valid_shuffle_before_loess,483,43.0,257
plasma_proteomics,valid_shuffle_before_loess,484,41.0,249
plasma_proteomics,valid_shuffle_before_loess,485,40.0,252
plasma_proteomics,valid_shuffle_before_loess,486,44.0,236
plasma_proteomics,valid_shuffle_before_loess,487,43.0,243
plasma_proteomics,valid_shuffle_before_loess,488,45.0,243
plasma_proteomics,valid_shuffle_before_loess,489,40.0,255
plasma_proteomics,valid_shuffle_before_loess,490,43.0,253
plasma_proteomics,valid_shuffle_before_loess,491,40.0,242
plasma_proteomics,valid_shuffle_before_loess,492,41.0,248
plasma_proteomics,valid_shuffle_before_loess,493,43.0,253
plasma_proteomics,valid_shuffle_before_loess,494,40.0,249
plasma_proteomics,valid_shuffle_before_loess,495,40.0,245
plasma_proteomics,valid_shuffle_before_loess,496,40.0,249
plasma_proteomics,valid_shuffle_before_loess,497,43.0,249
plasma_proteomics,valid_shuffle_before_loess,498,40.0,254
plasma_proteomics,valid_shuffle_before_loess,499,40.0,248
plasma_proteomics,valid_shuffle_before_loess,500,40.0,257
plasma_proteomics,valid_shuffle_before_loess,501,42.0,260
plasma_proteomics,valid_shuffle_before_loess,502,42.0,242
plasma_proteomics,valid_shuffle_before_loess,503,40.0,237
plasma_proteomics,valid_shuffle_before_loess,504,40.0,255
plasma_proteomics,valid_shuffle_before_loess,505,43.0,260
plasma_proteomics,valid_shuffle_before_loess,506,45.0,235
plasma_proteomics,valid_shuffle_before_loess,507,42.0,254
plasma_proteomics,valid_shuffle_before_loess,508,40.0,250
plasma_proteomics,valid_shuffle_before_loess,509,45.0,238
plasma_proteomics,valid_shuffle_before_loess,510,40.0,245
plasma_proteomics,valid_shuffle_before_loess,511,40.0,252
plasma_proteomics,valid_shuffle_before_loess,512,43.0,249
plasma_proteomics,valid_shuffle_before_loess,513,42.0,247
plasma_proteomics,valid_shuffle_before_loess,514,40.0,270
plasma_proteomics,valid_shuffle_before_loess,515,40.0,251
plasma_proteomics,valid_shuffle_before_loess,516,40.0,233
plasma_proteomics,valid_shuffle_before_loess,517,40.0,257
plasma_proteomics,valid_shuffle_before_loess,518,40.0,258
plasma_proteomics,valid_shuffle_before_loess,519,46.0,243
plasma_proteomics,valid_shuffle_before_loess,520,40.0,244
plasma_proteomics,valid_shuffle_before_loess,521,41.0,249
plasma_proteomics,valid_shuffle_before_loess,522,40.0,250
plasma_proteomics,valid_shuffle_before_loess,523,40.0,253
plasma_proteomics,valid_shuffle_before_loess,524,42.0,253
plasma_proteomics,valid_shuffle_before_loess,525,40.0,242
plasma_proteomics,valid_shuffle_before_loess,526,42.0,251
plasma_proteomics,valid_shuffle_before_loess,527,40.0,251
plasma_proteomics,valid_shuffle_before_loess,528,43.0,248
plasma_proteomics,valid_shuffle_before_loess,529,41.0,242
plasma_proteomics,valid_shuffle_before_loess,530,40.0,256
plasma_proteomics,valid_shuffle_before_loess,531,42.0,243
plasma_proteomics,valid_shuffle_before_loess,532,40.0,239
plasma_proteomics,valid_shuffle_before_loess,533,42.0,243
plasma_proteomics,valid_shuffle_before_loess,534,45.0,241
plasma_proteomics,valid_shuffle_before_loess,535,41.0,252
plasma_proteomics,valid_shuffle_before_loess,536,44.0,253
plasma_proteomics,valid_shuffle_before_loess,537,40.0,235
plasma_proteomics,valid_shuffle_before_loess,538,40.0,237
plasma_proteomics,valid_shuffle_before_loess,539,42.0,249
plasma_proteomics,valid_shuffle_before_loess,540,40.0,243
plasma_proteomics,valid_shuffle_before_loess,541,42.0,242
plasma_proteomics,valid_shuffle_before_loess,542,42.0,245
plasma_proteomics,valid_shuffle_before_loess,543,43.0,253
plasma_proteomics,valid_shuffle_before_loess,544,40.0,241
plasma_proteomics,valid_shuffle_before_loess,545,40.0,246
plasma_proteomics,valid_shuffle_before_loess,546,40.0,250
plasma_proteomics,valid_shuffle_before_loess,547,40.0,242
plasma_proteomics,valid_shuffle_before_loess,548,45.0,236
plasma_proteomics,valid_shuffle_before_loess,549,40.0,249
plasma_proteomics,valid_shuffle_before_loess,550,44.0,241
plasma_proteomics,valid_shuffle_before_loess,551,43.0,246
plasma_proteomics,valid_shuffle_before_loess,552,42.0,254
plasma_proteomics,valid_shuffle_before_loess,553,42.0,239
plasma_proteomics,valid_shuffle_before_loess,554,40.0,257
plasma_proteomics,valid_shuffle_before_loess,555,40.0,234
plasma_proteomics,valid_shuffle_before_loess,556,40.0,251
plasma_proteomics,valid_shuffle_before_loess,557,41.0,246
plasma_proteomics,valid_shuffle_before_loess,558,40.0,247
plasma_proteomics,valid_shuffle_before_loess,559,40.0,244
plasma_proteomics,valid_shuffle_before_loess,560,44.0,246
plasma_proteomics,valid_shuffle_before_loess,561,43.0,263
plasma_proteomics,valid_shuffle_before_loess,562,40.0,252
plasma_proteomics,valid_shuffle_before_loess,563,42.0,242
plasma_proteomics,valid_shuffle_before_loess,564,44.0,240
plasma_proteomics,valid_shuffle_before_loess,565,40.0,257
plasma_proteomics,valid_shuffle_before_loess,566,40.0,240
plasma_proteomics,valid_shuffle_before_loess,567,42.0,244
plasma_proteomics,valid_shuffle_before_loess,568,43.0,258
plasma_proteomics,valid_shuffle_before_loess,569,40.0,253
plasma_proteomics,valid_shuffle_before_loess,570,40.0,243
plasma_proteomics,valid_shuffle_before_loess,571,43.0,233
plasma_proteomics,valid_shuffle_before_loess,572,42.0,244
plasma_proteomics,valid_shuffle_before_loess,573,40.0,237
plasma_proteomics,valid_shuffle_before_loess,574,41.0,251
plasma_proteomics,valid_shuffle_before_loess,575,40.0,241
plasma_proteomics,valid_shuffle_before_loess,576,43.0,250
plasma_proteomics,valid_shuffle_before_loess,577,40.0,242
plasma_proteomics,valid_shuffle_before_loess,578,40.0,248
plasma_proteomics,valid_shuffle_before_loess,579,41.0,252
plasma_proteomics,valid_shuffle_before_loess,580,40.0,250
plasma_proteomics,valid_shuffle_before_loess,581,43.0,233
plasma_proteomics,valid_shuffle_before_loess,582,43.0,251
plasma_proteomics,valid_shuffle_before_loess,583,43.0,238
plasma_proteomics,valid_shuffle_before_loess,584,40.0,248
plasma_proteomics,valid_shuffle_before_loess,585,40.0,246
plasma_proteomics,valid_shuffle_before_loess,586,41.0,249
plasma_proteomics,valid_shuffle_before_loess,587,43.0,256
plasma_proteomics,valid_shuffle_before_loess,588,44.0,253
plasma_proteomics,valid_shuffle_before_loess,589,41.0,255
plasma_proteomics,valid_shuffle_before_loess,590,43.0,249
plasma_proteomics,valid_shuffle_before_loess,591,43.0,254
plasma_proteomics,valid_shuffle_before_loess,592,40.0,253
plasma_proteomics,valid_shuffle_before_loess,593,42.0,243
plasma_proteomics,valid_shuffle_before_loess,594,40.0,252
plasma_proteomics,valid_shuffle_before_loess,595,42.0,253
plasma_proteomics,valid_shuffle_before_loess,596,40.0,273
plasma_proteomics,valid_shuffle_before_loess,597,42.0,254
plasma_proteomics,valid_shuffle_before_loess,598,42.0,252
plasma_proteomics,valid_shuffle_before_loess,599,41.0,246
plasma_proteomics,valid_shuffle_before_loess,600,44.0,236
plasma_proteomics,valid_shuffle_before_loess,601,40.0,251
plasma_proteomics,valid_shuffle_before_loess,602,43.0,254
plasma_proteomics,valid_shuffle_before_loess,603,40.0,241
plasma_proteomics,valid_shuffle_before_loess,604,43.0,249
plasma_proteomics,valid_shuffle_before_loess,605,40.0,237
plasma_proteomics,valid_shuffle_before_loess,606,40.0,249
plasma_proteomics,valid_shuffle_before_loess,607,40.0,245
plasma_proteomics,valid_shuffle_before_loess,608,41.0,251
plasma_proteomics,valid_shuffle_before_loess,609,40.0,249
plasma_proteomics,valid_shuffle_before_loess,610,40.0,241
plasma_proteomics,valid_shuffle_before_loess,611,40.0,245
plasma_proteomics,valid_shuffle_before_loess,612,43.0,248
plasma_proteomics,valid_shuffle_before_loess,613,40.0,260
plasma_proteomics,valid_shuffle_before_loess,614,43.0,255
plasma_proteomics,valid_shuffle_before_loess,615,43.0,249
plasma_proteomics,valid_shuffle_before_loess,616,41.0,257
plasma_proteomics,valid_shuffle_before_loess,617,40.0,250
plasma_proteomics,valid_shuffle_before_loess,618,42.0,261
plasma_proteomics,valid_shuffle_before_loess,619,42.0,249
plasma_proteomics,valid_shuffle_before_loess,620,41.0,251
plasma_proteomics,valid_shuffle_before_loess,621,43.0,253
plasma_proteomics,valid_shuffle_before_loess,622,40.0,243
plasma_proteomics,valid_shuffle_before_loess,623,40.0,257
plasma_proteomics,valid_shuffle_before_loess,624,44.0,255
plasma_proteomics,valid_shuffle_before_loess,625,42.0,236
plasma_proteomics,valid_shuffle_before_loess,626,43.0,249
plasma_proteomics,valid_shuffle_before_loess,627,40.0,254
plasma_proteomics,valid_shuffle_before_loess,628,41.0,237
plasma_proteomics,valid_shuffle_before_loess,629,40.0,249
plasma_proteomics,valid_shuffle_before_loess,630,43.0,240
plasma_proteomics,valid_shuffle_before_loess,631,40.0,252
plasma_proteomics,valid_shuffle_before_loess,632,40.0,240
plasma_proteomics,valid_shuffle_before_loess,633,44.0,258
plasma_proteomics,valid_shuffle_before_loess,634,40.0,250
plasma_proteomics,valid_shuffle_before_loess,635,43.0,238
plasma_proteomics,valid_shuffle_before_loess,636,42.0,253
plasma_proteomics,valid_shuffle_before_loess,637,44.0,259
plasma_proteomics,valid_shuffle_before_loess,638,41.0,233
plasma_proteomics,valid_shuffle_before_loess,639,40.0,238
plasma_proteomics,valid_shuffle_before_loess,640,42.0,236
plasma_proteomics,valid_shuffle_before_loess,641,43.0,242
plasma_proteomics,valid_shuffle_before_loess,642,40.0,261
plasma_proteomics,valid_shuffle_before_loess,643,40.0,248
plasma_proteomics,valid_shuffle_before_loess,644,40.0,235
plasma_proteomics,valid_shuffle_before_loess,645,41.0,239
plasma_proteomics,valid_shuffle_before_loess,646,40.0,253
plasma_proteomics,valid_shuffle_before_loess,647,40.0,259
plasma_proteomics,valid_shuffle_before_loess,648,40.0,258
plasma_proteomics,valid_shuffle_before_loess,649,40.0,252
plasma_proteomics,valid_shuffle_before_loess,650,44.0,226
plasma_proteomics,valid_shuffle_before_loess,651,40.0,254
plasma_proteomics,valid_shuffle_before_loess,652,44.0,249
plasma_proteomics,valid_shuffle_before_loess,653,43.0,261
plasma_proteomics,valid_shuffle_before_loess,654,44.0,253
plasma_proteomics,valid_shuffle_before_loess,655,41.0,245
plasma_proteomics,valid_shuffle_before_loess,656,40.0,242
plasma_proteomics,valid_shuffle_before_loess,657,40.0,252
plasma_proteomics,valid_shuffle_before_loess,658,40.0,246
plasma_proteomics,valid_shuffle_before_loess,659,40.0,261
plasma_proteomics,valid_shuffle_before_loess,660,41.0,255
plasma_proteomics,valid_shuffle_before_loess,661,41.0,255
plasma_proteomics,valid_shuffle_before_loess,662,40.0,242
plasma_proteomics,valid_shuffle_before_loess,663,40.0,258
plasma_proteomics,valid_shuffle_before_loess,664,40.0,254
plasma_proteomics,valid_shuffle_before_loess,665,40.0,252
plasma_proteomics,valid_shuffle_before_loess,666,40.0,243
plasma_proteomics,valid_shuffle_before_loess,667,42.0,250
plasma_proteomics,valid_shuffle_before_loess,668,40.0,258
plasma_proteomics,valid_shuffle_before_loess,669,40.0,253
plasma_proteomics,valid_shuffle_before_loess,670,40.0,253
plasma_proteomics,valid_shuffle_before_loess,671,43.0,255
plasma_proteomics,valid_shuffle_before_loess,672,44.0,236
plasma_proteomics,valid_shuffle_before_loess,673,43.0,259
plasma_proteomics,valid_shuffle_before_loess,674,44.0,245
plasma_proteomics,valid_shuffle_before_loess,675,40.0,261
plasma_proteomics,valid_shuffle_before_loess,676,40.0,255
plasma_proteomics,valid_shuffle_before_loess,677,40.0,240
plasma_proteomics,valid_shuffle_before_loess,678,40.0,241
plasma_proteomics,valid_shuffle_before_loess,679,46.0,253
plasma_proteomics,valid_shuffle_before_loess,680,45.0,252
plasma_proteomics,valid_shuffle_before_loess,681,41.0,244
plasma_proteomics,valid_shuffle_before_loess,682,43.0,252
plasma_proteomics,valid_shuffle_before_loess,683,40.0,247
plasma_proteomics,valid_shuffle_before_loess,684,40.0,242
plasma_proteomics,valid_shuffle_before_loess,685,40.0,245
plasma_proteomics,valid_shuffle_before_loess,686,43.0,245
plasma_proteomics,valid_shuffle_before_loess,687,43.0,240
plasma_proteomics,valid_shuffle_before_loess,688,43.0,249
plasma_proteomics,valid_shuffle_before_loess,689,40.0,248
plasma_proteomics,valid_shuffle_before_loess,690,40.0,245
plasma_proteomics,valid_shuffle_before_loess,691,45.0,256
plasma_proteomics,valid_shuffle_before_loess,692,40.0,246
plasma_proteomics,valid_shuffle_before_loess,693,46.0,251
plasma_proteomics,valid_shuffle_before_loess,694,44.0,242
plasma_proteomics,valid_shuffle_before_loess,695,44.0,246
plasma_proteomics,valid_shuffle_before_loess,696,42.0,256
plasma_proteomics,valid_shuffle_before_loess,697,42.0,247
plasma_proteomics,valid_shuffle_before_loess,698,40.0,250
plasma_proteomics,valid_shuffle_before_loess,699,45.0,249
plasma_proteomics,valid_shuffle_before_loess,700,44.0,245
plasma_proteomics,valid_shuffle_before_loess,701,42.0,245
plasma_proteomics,valid_shuffle_before_loess,702,40.0,254
plasma_proteomics,valid_shuffle_before_loess,703,44.0,244
plasma_proteomics,valid_shuffle_before_loess,704,40.0,250
plasma_proteomics,valid_shuffle_before_loess,705,40.0,252
plasma_proteomics,valid_shuffle_before_loess,706,40.0,254
plasma_proteomics,valid_shuffle_before_loess,707,46.0,246
plasma_proteomics,valid_shuffle_before_loess,708,40.0,238
plasma_proteomics,valid_shuffle_before_loess,709,42.0,259
plasma_proteomics,valid_shuffle_before_loess,710,42.0,241
plasma_proteomics,valid_shuffle_before_loess,711,43.0,258
plasma_proteomics,valid_shuffle_before_loess,712,42.0,250
plasma_proteomics,valid_shuffle_before_loess,713,44.0,264
plasma_proteomics,valid_shuffle_before_loess,714,42.0,237
plasma_proteomics,valid_shuffle_before_loess,715,40.0,240
plasma_proteomics,valid_shuffle_before_loess,716,42.0,250
plasma_proteomics,valid_shuffle_before_loess,717,43.0,256
plasma_proteomics,valid_shuffle_before_loess,718,40.0,243
plasma_proteomics,valid_shuffle_before_loess,719,40.0,247
plasma_proteomics,valid_shuffle_before_loess,720,40.0,243
plasma_proteomics,valid_shuffle_before_loess,721,43.0,256
plasma_proteomics,valid_shuffle_before_loess,722,40.0,237
plasma_proteomics,valid_shuffle_before_loess,723,40.0,254
plasma_proteomics,valid_shuffle_before_loess,724,41.0,252
plasma_proteomics,valid_shuffle_before_loess,725,40.0,234
plasma_proteomics,valid_shuffle_before_loess,726,40.0,249
plasma_proteomics,valid_shuffle_before_loess,727,42.0,234
plasma_proteomics,valid_shuffle_before_loess,728,40.0,256
plasma_proteomics,valid_shuffle_before_loess,729,43.0,250
plasma_proteomics,valid_shuffle_before_loess,730,41.0,245
plasma_proteomics,valid_shuffle_before_loess,731,41.0,249
plasma_proteomics,valid_shuffle_before_loess,732,41.0,251
plasma_proteomics,valid_shuffle_before_loess,733,40.0,243
plasma_proteomics,valid_shuffle_before_loess,734,40.0,248
plasma_proteomics,valid_shuffle_before_loess,735,41.0,242
plasma_proteomics,valid_shuffle_before_loess,736,40.0,230
plasma_proteomics,valid_shuffle_before_loess,737,42.0,243
plasma_proteomics,valid_shuffle_before_loess,738,40.0,259
plasma_proteomics,valid_shuffle_before_loess,739,44.0,248
plasma_proteomics,valid_shuffle_before_loess,740,40.0,248
plasma_proteomics,valid_shuffle_before_loess,741,40.0,255
plasma_proteomics,valid_shuffle_before_loess,742,46.0,249
plasma_proteomics,valid_shuffle_before_loess,743,44.0,243
plasma_proteomics,valid_shuffle_before_loess,744,41.0,260
plasma_proteomics,valid_shuffle_before_loess,745,40.0,235
plasma_proteomics,valid_shuffle_before_loess,746,42.0,260
plasma_proteomics,valid_shuffle_before_loess,747,42.0,239
plasma_proteomics,valid_shuffle_before_loess,748,40.0,247
plasma_proteomics,valid_shuffle_before_loess,749,44.0,257
plasma_proteomics,valid_shuffle_before_loess,750,44.0,240
plasma_proteomics,valid_shuffle_before_loess,751,42.0,248
plasma_proteomics,valid_shuffle_before_loess,752,40.0,249
plasma_proteomics,valid_shuffle_before_loess,753,42.0,266
plasma_proteomics,valid_shuffle_before_loess,754,41.0,255
plasma_proteomics,valid_shuffle_before_loess,755,44.0,244
plasma_proteomics,valid_shuffle_before_loess,756,40.0,249
plasma_proteomics,valid_shuffle_before_loess,757,43.0,257
plasma_proteomics,valid_shuffle_before_loess,758,42.0,255
plasma_proteomics,valid_shuffle_before_loess,759,40.0,258
plasma_proteomics,valid_shuffle_before_loess,760,42.0,246
plasma_proteomics,valid_shuffle_before_loess,761,41.0,238
plasma_proteomics,valid_shuffle_before_loess,762,44.0,242
plasma_proteomics,valid_shuffle_before_loess,763,41.0,258
plasma_proteomics,valid_shuffle_before_loess,764,43.0,254
plasma_proteomics,valid_shuffle_before_loess,765,40.0,252
plasma_proteomics,valid_shuffle_before_loess,766,40.0,239
plasma_proteomics,valid_shuffle_before_loess,767,42.0,240
plasma_proteomics,valid_shuffle_before_loess,768,40.0,244
plasma_proteomics,valid_shuffle_before_loess,769,43.0,260
plasma_proteomics,valid_shuffle_before_loess,770,40.0,244
plasma_proteomics,valid_shuffle_before_loess,771,44.0,247
plasma_proteomics,valid_shuffle_before_loess,772,40.0,244
plasma_proteomics,valid_shuffle_before_loess,773,44.0,246
plasma_proteomics,valid_shuffle_before_loess,774,40.0,243
plasma_proteomics,valid_shuffle_before_loess,775,42.0,248
plasma_proteomics,valid_shuffle_before_loess,776,45.0,247
plasma_proteomics,valid_shuffle_before_loess,777,40.0,244
plasma_proteomics,valid_shuffle_before_loess,778,45.0,251
plasma_proteomics,valid_shuffle_before_loess,779,40.0,246
plasma_proteomics,valid_shuffle_before_loess,780,40.0,246
plasma_proteomics,valid_shuffle_before_loess,781,44.0,250
plasma_proteomics,valid_shuffle_before_loess,782,40.0,264
plasma_proteomics,valid_shuffle_before_loess,783,44.0,244
plasma_proteomics,valid_shuffle_before_loess,784,40.0,244
plasma_proteomics,valid_shuffle_before_loess,785,41.0,256
plasma_proteomics,valid_shuffle_before_loess,786,41.0,257
plasma_proteomics,valid_shuffle_before_loess,787,43.0,257
plasma_proteomics,valid_shuffle_before_loess,788,42.0,239
plasma_proteomics,valid_shuffle_before_loess,789,40.0,243
plasma_proteomics,valid_shuffle_before_loess,790,47.0,237
plasma_proteomics,valid_shuffle_before_loess,791,42.0,258
plasma_proteomics,valid_shuffle_before_loess,792,41.0,251
plasma_proteomics,valid_shuffle_before_loess,793,40.0,247
plasma_proteomics,valid_shuffle_before_loess,794,43.0,245
plasma_proteomics,valid_shuffle_before_loess,795,40.0,256
plasma_proteomics,valid_shuffle_before_loess,796,40.0,251
plasma_proteomics,valid_shuffle_before_loess,797,42.0,234
plasma_proteomics,valid_shuffle_before_loess,798,43.0,251
plasma_proteomics,valid_shuffle_before_loess,799,42.0,244
plasma_proteomics,valid_shuffle_before_loess,800,42.0,249
plasma_proteomics,valid_shuffle_before_loess,801,40.0,253
plasma_proteomics,valid_shuffle_before_loess,802,45.0,237
plasma_proteomics,valid_shuffle_before_loess,803,41.0,251
plasma_proteomics,valid_shuffle_before_loess,804,40.0,254
plasma_proteomics,valid_shuffle_before_loess,805,44.0,252
plasma_proteomics,valid_shuffle_before_loess,806,44.0,262
plasma_proteomics,valid_shuffle_before_loess,807,41.0,250
plasma_proteomics,valid_shuffle_before_loess,808,42.0,254
plasma_proteomics,valid_shuffle_before_loess,809,42.0,244
plasma_proteomics,valid_shuffle_before_loess,810,40.0,238
plasma_proteomics,valid_shuffle_before_loess,811,40.0,241
plasma_proteomics,valid_shuffle_before_loess,812,40.0,249
plasma_proteomics,valid_shuffle_before_loess,813,44.0,234
plasma_proteomics,valid_shuffle_before_loess,814,44.0,244
plasma_proteomics,valid_shuffle_before_loess,815,40.0,240
plasma_proteomics,valid_shuffle_before_loess,816,43.0,251
plasma_proteomics,valid_shuffle_before_loess,817,45.0,254
plasma_proteomics,valid_shuffle_before_loess,818,40.0,249
plasma_proteomics,valid_shuffle_before_loess,819,41.0,249
plasma_proteomics,valid_shuffle_before_loess,820,40.0,253
plasma_proteomics,valid_shuffle_before_loess,821,40.0,255
plasma_proteomics,valid_shuffle_before_loess,822,40.0,246
plasma_proteomics,valid_shuffle_before_loess,823,42.0,250
plasma_proteomics,valid_shuffle_before_loess,824,40.0,243
plasma_proteomics,valid_shuffle_before_loess,825,40.0,241
plasma_proteomics,valid_shuffle_before_loess,826,41.0,238
plasma_proteomics,valid_shuffle_before_loess,827,43.0,241
plasma_proteomics,valid_shuffle_before_loess,828,40.0,245
plasma_proteomics,valid_shuffle_before_loess,829,40.0,260
plasma_proteomics,valid_shuffle_before_loess,830,44.0,260
plasma_proteomics,valid_shuffle_before_loess,831,40.0,249
plasma_proteomics,valid_shuffle_before_loess,832,40.0,252
plasma_proteomics,valid_shuffle_before_loess,833,41.0,251
plasma_proteomics,valid_shuffle_before_loess,834,40.0,254
plasma_proteomics,valid_shuffle_before_loess,835,47.0,241
plasma_proteomics,valid_shuffle_before_loess,836,40.0,251
plasma_proteomics,valid_shuffle_before_loess,837,40.0,246
plasma_proteomics,valid_shuffle_before_loess,838,41.0,238
plasma_proteomics,valid_shuffle_before_loess,839,46.0,238
plasma_proteomics,valid_shuffle_before_loess,840,43.0,239
plasma_proteomics,valid_shuffle_before_loess,841,40.0,244
plasma_proteomics,valid_shuffle_before_loess,842,40.0,259
plasma_proteomics,valid_shuffle_before_loess,843,42.0,243
plasma_proteomics,valid_shuffle_before_loess,844,40.0,241
plasma_proteomics,valid_shuffle_before_loess,845,40.0,260
plasma_proteomics,valid_shuffle_before_loess,846,41.0,249
plasma_proteomics,valid_shuffle_before_loess,847,40.0,254
plasma_proteomics,valid_shuffle_before_loess,848,43.0,245
plasma_proteomics,valid_shuffle_before_loess,849,44.0,254
plasma_proteomics,valid_shuffle_before_loess,850,40.0,236
plasma_proteomics,valid_shuffle_before_loess,851,43.0,259
plasma_proteomics,valid_shuffle_before_loess,852,42.0,246
plasma_proteomics,valid_shuffle_before_loess,853,43.0,259
plasma_proteomics,valid_shuffle_before_loess,854,41.0,248
plasma_proteomics,valid_shuffle_before_loess,855,42.0,249
plasma_proteomics,valid_shuffle_before_loess,856,40.0,252
plasma_proteomics,valid_shuffle_before_loess,857,43.0,259
plasma_proteomics,valid_shuffle_before_loess,858,41.0,255
plasma_proteomics,valid_shuffle_before_loess,859,40.0,255
plasma_proteomics,valid_shuffle_before_loess,860,40.0,247
plasma_proteomics,valid_shuffle_before_loess,861,43.0,246
plasma_proteomics,valid_shuffle_before_loess,862,43.0,250
plasma_proteomics,valid_shuffle_before_loess,863,43.0,250
plasma_proteomics,valid_shuffle_before_loess,864,42.0,233
plasma_proteomics,valid_shuffle_before_loess,865,42.0,237
plasma_proteomics,valid_shuffle_before_loess,866,40.0,258
plasma_proteomics,valid_shuffle_before_loess,867,40.0,254
plasma_proteomics,valid_shuffle_before_loess,868,40.0,247
plasma_proteomics,valid_shuffle_before_loess,869,40.0,253
plasma_proteomics,valid_shuffle_before_loess,870,43.0,253
plasma_proteomics,valid_shuffle_before_loess,871,42.0,249
plasma_proteomics,valid_shuffle_before_loess,872,40.0,251
plasma_proteomics,valid_shuffle_before_loess,873,43.0,253
plasma_proteomics,valid_shuffle_before_loess,874,42.0,260
plasma_proteomics,valid_shuffle_before_loess,875,40.0,241
plasma_proteomics,valid_shuffle_before_loess,876,40.0,252
plasma_proteomics,valid_shuffle_before_loess,877,41.0,254
plasma_proteomics,valid_shuffle_before_loess,878,45.0,264
plasma_proteomics,valid_shuffle_before_loess,879,40.0,256
plasma_proteomics,valid_shuffle_before_loess,880,42.0,258
plasma_proteomics,valid_shuffle_before_loess,881,43.0,248
plasma_proteomics,valid_shuffle_before_loess,882,40.0,248
plasma_proteomics,valid_shuffle_before_loess,883,41.0,254
plasma_proteomics,valid_shuffle_before_loess,884,41.0,259
plasma_proteomics,valid_shuffle_before_loess,885,40.0,247
plasma_proteomics,valid_shuffle_before_loess,886,42.0,254
plasma_proteomics,valid_shuffle_before_loess,887,42.0,239
plasma_proteomics,valid_shuffle_before_loess,888,40.0,231
plasma_proteomics,valid_shuffle_before_loess,889,40.0,255
plasma_proteomics,valid_shuffle_before_loess,890,40.0,260
plasma_proteomics,valid_shuffle_before_loess,891,40.0,246
plasma_proteomics,valid_shuffle_before_loess,892,40.0,242
plasma_proteomics,valid_shuffle_before_loess,893,41.0,251
plasma_proteomics,valid_shuffle_before_loess,894,40.0,238
plasma_proteomics,valid_shuffle_before_loess,895,42.0,240
plasma_proteomics,valid_shuffle_before_loess,896,43.0,243
plasma_proteomics,valid_shuffle_before_loess,897,43.0,246
plasma_proteomics,valid_shuffle_before_loess,898,46.0,249
plasma_proteomics,valid_shuffle_before_loess,899,43.0,245
plasma_proteomics,valid_shuffle_before_loess,900,42.0,236
plasma_proteomics,valid_shuffle_before_loess,901,40.0,241
plasma_proteomics,valid_shuffle_before_loess,902,40.0,250
plasma_proteomics,valid_shuffle_before_loess,903,41.0,264
plasma_proteomics,valid_shuffle_before_loess,904,41.0,253
plasma_proteomics,valid_shuffle_before_loess,905,40.0,236
plasma_proteomics,valid_shuffle_before_loess,906,40.0,254
plasma_proteomics,valid_shuffle_before_loess,907,44.0,244
plasma_proteomics,valid_shuffle_before_loess,908,40.0,243
plasma_proteomics,valid_shuffle_before_loess,909,40.0,231
plasma_proteomics,valid_shuffle_before_loess,910,42.0,247
plasma_proteomics,valid_shuffle_before_loess,911,48.0,243
plasma_proteomics,valid_shuffle_before_loess,912,42.0,255
plasma_proteomics,valid_shuffle_before_loess,913,42.0,229
plasma_proteomics,valid_shuffle_before_loess,914,40.0,241
plasma_proteomics,valid_shuffle_before_loess,915,41.0,243
plasma_proteomics,valid_shuffle_before_loess,916,41.0,256
plasma_proteomics,valid_shuffle_before_loess,917,41.0,240
plasma_proteomics,valid_shuffle_before_loess,918,42.0,255
plasma_proteomics,valid_shuffle_before_loess,919,40.0,247
plasma_proteomics,valid_shuffle_before_loess,920,40.0,253
plasma_proteomics,valid_shuffle_before_loess,921,40.0,259
plasma_proteomics,valid_shuffle_before_loess,922,40.0,244
plasma_proteomics,valid_shuffle_before_loess,923,44.0,245
plasma_proteomics,valid_shuffle_before_loess,924,42.0,242
plasma_proteomics,valid_shuffle_before_loess,925,44.0,248
plasma_proteomics,valid_shuffle_before_loess,926,45.0,249
plasma_proteomics,valid_shuffle_before_loess,927,40.0,241
plasma_proteomics,valid_shuffle_before_loess,928,44.0,237
plasma_proteomics,valid_shuffle_before_loess,929,40.0,250
plasma_proteomics,valid_shuffle_before_loess,930,40.0,245
plasma_proteomics,valid_shuffle_before_loess,931,40.0,252
plasma_proteomics,valid_shuffle_before_loess,932,40.0,256
plasma_proteomics,valid_shuffle_before_loess,933,40.0,242
plasma_proteomics,valid_shuffle_before_loess,934,43.0,259
plasma_proteomics,valid_shuffle_before_loess,935,41.0,250
plasma_proteomics,valid_shuffle_before_loess,936,41.0,258
plasma_proteomics,valid_shuffle_before_loess,937,43.0,249
plasma_proteomics,valid_shuffle_before_loess,938,40.0,259
plasma_proteomics,valid_shuffle_before_loess,939,43.0,237
plasma_proteomics,valid_shuffle_before_loess,940,41.0,249
plasma_proteomics,valid_shuffle_before_loess,941,43.0,252
plasma_proteomics,valid_shuffle_before_loess,942,43.0,242
plasma_proteomics,valid_shuffle_before_loess,943,40.0,248
plasma_proteomics,valid_shuffle_before_loess,944,40.0,238
plasma_proteomics,valid_shuffle_before_loess,945,40.0,253
plasma_proteomics,valid_shuffle_before_loess,946,41.0,252
plasma_proteomics,valid_shuffle_before_loess,947,40.0,248
plasma_proteomics,valid_shuffle_before_loess,948,40.0,237
plasma_proteomics,valid_shuffle_before_loess,949,42.0,248
plasma_proteomics,valid_shuffle_before_loess,950,40.0,248
plasma_proteomics,valid_shuffle_before_loess,951,40.0,247
plasma_proteomics,valid_shuffle_before_loess,952,42.0,241
plasma_proteomics,valid_shuffle_before_loess,953,41.0,252
plasma_proteomics,valid_shuffle_before_loess,954,40.0,238
plasma_proteomics,valid_shuffle_before_loess,955,43.0,251
plasma_proteomics,valid_shuffle_before_loess,956,40.0,253
plasma_proteomics,valid_shuffle_before_loess,957,40.0,253
plasma_proteomics,valid_shuffle_before_loess,958,40.0,249
plasma_proteomics,valid_shuffle_before_loess,959,40.0,252
plasma_proteomics,valid_shuffle_before_loess,960,40.0,229
plasma_proteomics,valid_shuffle_before_loess,961,40.0,256
plasma_proteomics,valid_shuffle_before_loess,962,40.0,234
plasma_proteomics,valid_shuffle_before_loess,963,40.0,236
plasma_proteomics,valid_shuffle_before_loess,964,41.0,243
plasma_proteomics,valid_shuffle_before_loess,965,45.0,239
plasma_proteomics,valid_shuffle_before_loess,966,40.0,233
plasma_proteomics,valid_shuffle_before_loess,967,40.0,256
plasma_proteomics,valid_shuffle_before_loess,968,40.0,236
plasma_proteomics,valid_shuffle_before_loess,969,42.0,243
plasma_proteomics,valid_shuffle_before_loess,970,44.0,252
plasma_proteomics,valid_shuffle_before_loess,971,43.0,247
plasma_proteomics,valid_shuffle_before_loess,972,40.0,234
plasma_proteomics,valid_shuffle_before_loess,973,40.0,244
plasma_proteomics,valid_shuffle_before_loess,974,40.0,238
plasma_proteomics,valid_shuffle_before_loess,975,40.0,242
plasma_proteomics,valid_shuffle_before_loess,976,43.0,233
plasma_proteomics,valid_shuffle_before_loess,977,42.0,247
plasma_proteomics,valid_shuffle_before_loess,978,42.0,252
plasma_proteomics,valid_shuffle_before_loess,979,41.0,246
plasma_proteomics,valid_shuffle_before_loess,980,45.0,249
plasma_proteomics,valid_shuffle_before_loess,981,45.0,240
plasma_proteomics,valid_shuffle_before_loess,982,41.0,244
plasma_proteomics,valid_shuffle_before_loess,983,40.0,238
plasma_proteomics,valid_shuffle_before_loess,984,40.0,242
plasma_proteomics,valid_shuffle_before_loess,985,43.0,251
plasma_proteomics,valid_shuffle_before_loess,986,40.0,242
plasma_proteomics,valid_shuffle_before_loess,987,40.0,231
plasma_proteomics,valid_shuffle_before_loess,988,47.0,235
plasma_proteomics,valid_shuffle_before_loess,989,40.0,247
plasma_proteomics,valid_shuffle_before_loess,990,43.0,241
plasma_proteomics,valid_shuffle_before_loess,991,43.0,252
plasma_proteomics,valid_shuffle_before_loess,992,40.0,261
plasma_proteomics,valid_shuffle_before_loess,993,43.0,243
plasma_proteomics,valid_shuffle_before_loess,994,41.0,240
plasma_proteomics,valid_shuffle_before_loess,995,43.0,260
plasma_proteomics,valid_shuffle_before_loess,996,40.0,250
plasma_proteomics,valid_shuffle_before_loess,997,46.0,238
plasma_proteomics,valid_shuffle_before_loess,998,40.0,250
plasma_proteomics,valid_shuffle_before_loess,999,40.0,245
plasma_proteomics,invalid_shuffle_after_loess,0,,0
plasma_proteomics,invalid_shuffle_after_loess,1,,0
plasma_proteomics,invalid_shuffle_after_loess,2,,0
plasma_proteomics,invalid_shuffle_after_loess,3,,0
plasma_proteomics,invalid_shuffle_after_loess,4,,0
plasma_proteomics,invalid_shuffle_after_loess,5,42.0,27
plasma_proteomics,invalid_shuffle_after_loess,6,59.0,71
plasma_proteomics,invalid_shuffle_after_loess,7,,0
plasma_proteomics,invalid_shuffle_after_loess,8,,0
plasma_proteomics,invalid_shuffle_after_loess,9,,0
plasma_proteomics,invalid_shuffle_after_loess,10,,0
plasma_proteomics,invalid_shuffle_after_loess,11,,0
plasma_proteomics,invalid_shuffle_after_loess,12,,0
plasma_proteomics,invalid_shuffle_after_loess,13,57.0,40
plasma_proteomics,invalid_shuffle_after_loess,14,45.0,1
plasma_proteomics,invalid_shuffle_after_loess,15,,0
plasma_proteomics,invalid_shuffle_after_loess,16,,0
plasma_proteomics,invalid_shuffle_after_loess,17,,0
plasma_proteomics,invalid_shuffle_after_loess,18,,0
plasma_proteomics,invalid_shuffle_after_loess,19,,0
plasma_proteomics,invalid_shuffle_after_loess,20,,0
plasma_proteomics,invalid_shuffle_after_loess,21,,0
plasma_proteomics,invalid_shuffle_after_loess,22,51.0,24
plasma_proteomics,invalid_shuffle_after_loess,23,,0
plasma_proteomics,invalid_shuffle_after_loess,24,,0
plasma_proteomics,invalid_shuffle_after_loess,25,,0
plasma_proteomics,invalid_shuffle_after_loess,26,42.0,2
plasma_proteomics,invalid_shuffle_after_loess,27,,0
plasma_proteomics,invalid_shuffle_after_loess,28,,0
plasma_proteomics,invalid_shuffle_after_loess,29,62.0,43
plasma_proteomics,invalid_shuffle_after_loess,30,,0
plasma_proteomics,invalid_shuffle_after_loess,31,61.0,24
plasma_proteomics,invalid_shuffle_after_loess,32,,0
plasma_proteomics,invalid_shuffle_after_loess,33,,0
plasma_proteomics,invalid_shuffle_after_loess,34,,0
plasma_proteomics,invalid_shuffle_after_loess,35,62.0,1
plasma_proteomics,invalid_shuffle_after_loess,36,,0
plasma_proteomics,invalid_shuffle_after_loess,37,,0
plasma_proteomics,invalid_shuffle_after_loess,38,,0
plasma_proteomics,invalid_shuffle_after_loess,39,,0
plasma_proteomics,invalid_shuffle_after_loess,40,,0
plasma_proteomics,invalid_shuffle_after_loess,41,,0
plasma_proteomics,invalid_shuffle_after_loess,42,,0
plasma_proteomics,invalid_shuffle_after_loess,43,,0
plasma_proteomics,invalid_shuffle_after_loess,44,,0
plasma_proteomics,invalid_shuffle_after_loess,45,,0
plasma_proteomics,invalid_shuffle_after_loess,46,,0
plasma_proteomics,invalid_shuffle_after_loess,47,60.0,31
plasma_proteomics,invalid_shuffle_after_loess,48,,0
plasma_proteomics,invalid_shuffle_after_loess,49,,0
plasma_proteomics,invalid_shuffle_after_loess,50,,0
plasma_proteomics,invalid_shuffle_after_loess,51,,0
plasma_proteomics,invalid_shuffle_after_loess,52,,0
plasma_proteomics,invalid_shuffle_after_loess,53,40.0,1
plasma_proteomics,invalid_shuffle_after_loess,54,64.0,2
plasma_proteomics,invalid_shuffle_after_loess,55,60.0,1
plasma_proteomics,invalid_shuffle_after_loess,56,,0
plasma_proteomics,invalid_shuffle_after_loess,57,,0
plasma_proteomics,invalid_shuffle_after_loess,58,40.0,8
plasma_proteomics,invalid_shuffle_after_loess,59,,0
plasma_proteomics,invalid_shuffle_after_loess,60,,0
plasma_proteomics,invalid_shuffle_after_loess,61,,0
plasma_proteomics,invalid_shuffle_after_loess,62,,0
plasma_proteomics,invalid_shuffle_after_loess,63,41.0,1
plasma_proteomics,invalid_shuffle_after_loess,64,,0
plasma_proteomics,invalid_shuffle_after_loess,65,,0
plasma_proteomics,invalid_shuffle_after_loess,66,41.0,9
plasma_proteomics,invalid_shuffle_after_loess,67,,0
plasma_proteomics,invalid_shuffle_after_loess,68,63.0,66
plasma_proteomics,invalid_shuffle_after_loess,69,,0
plasma_proteomics,invalid_shuffle_after_loess,70,,0
plasma_proteomics,invalid_shuffle_after_loess,71,62.0,24
plasma_proteomics,invalid_shuffle_after_loess,72,,0
plasma_proteomics,invalid_shuffle_after_loess,73,,0
plasma_proteomics,invalid_shuffle_after_loess,74,,0
plasma_proteomics,invalid_shuffle_after_loess,75,,0
plasma_proteomics,invalid_shuffle_after_loess,76,,0
plasma_proteomics,invalid_shuffle_after_loess,77,,0
plasma_proteomics,invalid_shuffle_after_loess,78,,0
plasma_proteomics,invalid_shuffle_after_loess,79,,0
plasma_proteomics,invalid_shuffle_after_loess,80,,0
plasma_proteomics,invalid_shuffle_after_loess,81,,0
plasma_proteomics,invalid_shuffle_after_loess,82,,0
plasma_proteomics,invalid_shuffle_after_loess,83,,0
plasma_proteomics,invalid_shuffle_after_loess,84,,0
plasma_proteomics,invalid_shuffle_after_loess,85,,0
plasma_proteomics,invalid_shuffle_after_loess,86,,0
plasma_proteomics,invalid_shuffle_after_loess,87,49.0,3
plasma_proteomics,invalid_shuffle_after_loess,88,57.0,66
plasma_proteomics,invalid_shuffle_after_loess,89,63.0,15
plasma_proteomics,invalid_shuffle_after_loess,90,54.0,10
plasma_proteomics,invalid_shuffle_after_loess,91,61.0,51
plasma_proteomics,invalid_shuffle_after_loess,92,,0
plasma_proteomics,invalid_shuffle_after_loess,93,55.0,3
plasma_proteomics,invalid_shuffle_after_loess,94,44.0,66
plasma_proteomics,invalid_shuffle_after_loess,95,,0
plasma_proteomics,invalid_shuffle_after_loess,96,,0
plasma_proteomics,invalid_shuffle_after_loess,97,,0
plasma_proteomics,invalid_shuffle_after_loess,98,,0
plasma_proteomics,invalid_shuffle_after_loess,99,,0
plasma_proteomics,invalid_shuffle_after_loess,100,,0
plasma_proteomics,invalid_shuffle_after_loess,101,,0
plasma_proteomics,invalid_shuffle_after_loess,102,,0
plasma_proteomics,invalid_shuffle_after_loess,103,,0
plasma_proteomics,invalid_shuffle_after_loess,104,,0
plasma_proteomics,invalid_shuffle_after_loess,105,,0
plasma_proteomics,invalid_shuffle_after_loess,106,,0
plasma_proteomics,invalid_shuffle_after_loess,107,,0
plasma_proteomics,invalid_shuffle_after_loess,108,,0
plasma_proteomics,invalid_shuffle_after_loess,109,59.0,4
plasma_proteomics,invalid_shuffle_after_loess,110,,0
plasma_proteomics,invalid_shuffle_after_loess,111,,0
plasma_proteomics,invalid_shuffle_after_loess,112,,0
plasma_proteomics,invalid_shuffle_after_loess,113,,0
plasma_proteomics,invalid_shuffle_after_loess,114,,0
plasma_proteomics,invalid_shuffle_after_loess,115,,0
plasma_proteomics,invalid_shuffle_after_loess,116,,0
plasma_proteomics,invalid_shuffle_after_loess,117,,0
plasma_proteomics,invalid_shuffle_after_loess,118,,0
plasma_proteomics,invalid_shuffle_after_loess,119,,0
plasma_proteomics,invalid_shuffle_after_loess,120,,0
plasma_proteomics,invalid_shuffle_after_loess,121,,0
plasma_proteomics,invalid_shuffle_after_loess,122,,0
plasma_proteomics,invalid_shuffle_after_loess,123,,0
plasma_proteomics,invalid_shuffle_after_loess,124,,0
plasma_proteomics,invalid_shuffle_after_loess,125,64.0,58
plasma_proteomics,invalid_shuffle_after_loess,126,,0
plasma_proteomics,invalid_shuffle_after_loess,127,,0
plasma_proteomics,invalid_shuffle_after_loess,128,,0
plasma_proteomics,invalid_shuffle_after_loess,129,,0
plasma_proteomics,invalid_shuffle_after_loess,130,,0
plasma_proteomics,invalid_shuffle_after_loess,131,57.0,26
plasma_proteomics,invalid_shuffle_after_loess,132,,0
plasma_proteomics,invalid_shuffle_after_loess,133,61.0,44
plasma_proteomics,invalid_shuffle_after_loess,134,53.0,22
plasma_proteomics,invalid_shuffle_after_loess,135,,0
plasma_proteomics,invalid_shuffle_after_loess,136,56.0,9
plasma_proteomics,invalid_shuffle_after_loess,137,,0
plasma_proteomics,invalid_shuffle_after_loess,138,,0
plasma_proteomics,invalid_shuffle_after_loess,139,48.0,22
plasma_proteomics,invalid_shuffle_after_loess,140,,0
plasma_proteomics,invalid_shuffle_after_loess,141,60.0,51
plasma_proteomics,invalid_shuffle_after_loess,142,,0
plasma_proteomics,invalid_shuffle_after_loess,143,,0
plasma_proteomics,invalid_shuffle_after_loess,144,,0
plasma_proteomics,invalid_shuffle_after_loess,145,,0
plasma_proteomics,invalid_shuffle_after_loess,146,,0
plasma_proteomics,invalid_shuffle_after_loess,147,50.0,23
plasma_proteomics,invalid_shuffle_after_loess,148,50.0,1
plasma_proteomics,invalid_shuffle_after_loess,149,,0
plasma_proteomics,invalid_shuffle_after_loess,150,,0
plasma_proteomics,invalid_shuffle_after_loess,151,,0
plasma_proteomics,invalid_shuffle_after_loess,152,,0
plasma_proteomics,invalid_shuffle_after_loess,153,,0
plasma_proteomics,invalid_shuffle_after_loess,154,,0
plasma_proteomics,invalid_shuffle_after_loess,155,,0
plasma_proteomics,invalid_shuffle_after_loess,156,41.0,8
plasma_proteomics,invalid_shuffle_after_loess,157,,0
plasma_proteomics,invalid_shuffle_after_loess,158,,0
plasma_proteomics,invalid_shuffle_after_loess,159,,0
plasma_proteomics,invalid_shuffle_after_loess,160,,0
plasma_proteomics,invalid_shuffle_after_loess,161,,0
plasma_proteomics,invalid_shuffle_after_loess,162,,0
plasma_proteomics,invalid_shuffle_after_loess,163,,0
plasma_proteomics,invalid_shuffle_after_loess,164,55.0,14
plasma_proteomics,invalid_shuffle_after_loess,165,,0
plasma_proteomics,invalid_shuffle_after_loess,166,,0
plasma_proteomics,invalid_shuffle_after_loess,167,57.0,1
plasma_proteomics,invalid_shuffle_after_loess,168,44.0,5
plasma_proteomics,invalid_shuffle_after_loess,169,,0
plasma_proteomics,invalid_shuffle_after_loess,170,,0
plasma_proteomics,invalid_shuffle_after_loess,171,,0
plasma_proteomics,invalid_shuffle_after_loess,172,,0
plasma_proteomics,invalid_shuffle_after_loess,173,,0
plasma_proteomics,invalid_shuffle_after_loess,174,45.0,96
plasma_proteomics,invalid_shuffle_after_loess,175,,0
plasma_proteomics,invalid_shuffle_after_loess,176,,0
plasma_proteomics,invalid_shuffle_after_loess,177,,0
plasma_proteomics,invalid_shuffle_after_loess,178,,0
plasma_proteomics,invalid_shuffle_after_loess,179,,0
plasma_proteomics,invalid_shuffle_after_loess,180,,0
plasma_proteomics,invalid_shuffle_after_loess,181,,0
plasma_proteomics,invalid_shuffle_after_loess,182,,0
plasma_proteomics,invalid_shuffle_after_loess,183,,0
plasma_proteomics,invalid_shuffle_after_loess,184,,0
plasma_proteomics,invalid_shuffle_after_loess,185,53.0,25
plasma_proteomics,invalid_shuffle_after_loess,186,,0
plasma_proteomics,invalid_shuffle_after_loess,187,,0
plasma_proteomics,invalid_shuffle_after_loess,188,,0
plasma_proteomics,invalid_shuffle_after_loess,189,,0
plasma_proteomics,invalid_shuffle_after_loess,190,,0
plasma_proteomics,invalid_shuffle_after_loess,191,,0
plasma_proteomics,invalid_shuffle_after_loess,192,54.0,1
plasma_proteomics,invalid_shuffle_after_loess,193,,0
plasma_proteomics,invalid_shuffle_after_loess,194,,0
plasma_proteomics,invalid_shuffle_after_loess,195,,0
plasma_proteomics,invalid_shuffle_after_loess,196,,0
plasma_proteomics,invalid_shuffle_after_loess,197,,0
plasma_proteomics,invalid_shuffle_after_loess,198,,0
plasma_proteomics,invalid_shuffle_after_loess,199,,0
plasma_proteomics,invalid_shuffle_after_loess,200,,0
plasma_proteomics,invalid_shuffle_after_loess,201,,0
plasma_proteomics,invalid_shuffle_after_loess,202,,0
plasma_proteomics,invalid_shuffle_after_loess,203,,0
plasma_proteomics,invalid_shuffle_after_loess,204,,0
plasma_proteomics,invalid_shuffle_after_loess,205,,0
plasma_proteomics,invalid_shuffle_after_loess,206,,0
plasma_proteomics,invalid_shuffle_after_loess,207,,0
plasma_proteomics,invalid_shuffle_after_loess,208,58.0,14
plasma_proteomics,invalid_shuffle_after_loess,209,,0
plasma_proteomics,invalid_shuffle_after_loess,210,42.0,24
plasma_proteomics,invalid_shuffle_after_loess,211,,0
plasma_proteomics,invalid_shuffle_after_loess,212,,0
plasma_proteomics,invalid_shuffle_after_loess,213,,0
plasma_proteomics,invalid_shuffle_after_loess,214,,0
plasma_proteomics,invalid_shuffle_after_loess,215,55.0,34
plasma_proteomics,invalid_shuffle_after_loess,216,62.0,1
plasma_proteomics,invalid_shuffle_after_loess,217,63.0,4
plasma_proteomics,invalid_shuffle_after_loess,218,,0
plasma_proteomics,invalid_shuffle_after_loess,219,,0
plasma_proteomics,invalid_shuffle_after_loess,220,48.0,26
plasma_proteomics,invalid_shuffle_after_loess,221,,0
plasma_proteomics,invalid_shuffle_after_loess,222,,0
plasma_proteomics,invalid_shuffle_after_loess,223,,0
plasma_proteomics,invalid_shuffle_after_loess,224,,0
plasma_proteomics,invalid_shuffle_after_loess,225,,0
plasma_proteomics,invalid_shuffle_after_loess,226,,0
plasma_proteomics,invalid_shuffle_after_loess,227,53.0,10
plasma_proteomics,invalid_shuffle_after_loess,228,,0
plasma_proteomics,invalid_shuffle_after_loess,229,45.0,1
plasma_proteomics,invalid_shuffle_after_loess,230,58.0,2
plasma_proteomics,invalid_shuffle_after_loess,231,,0
plasma_proteomics,invalid_shuffle_after_loess,232,,0
plasma_proteomics,invalid_shuffle_after_loess,233,,0
plasma_proteomics,invalid_shuffle_after_loess,234,,0
plasma_proteomics,invalid_shuffle_after_loess,235,,0
plasma_proteomics,invalid_shuffle_after_loess,236,45.0,4
plasma_proteomics,invalid_shuffle_after_loess,237,63.0,84
plasma_proteomics,invalid_shuffle_after_loess,238,,0
plasma_proteomics,invalid_shuffle_after_loess,239,,0
plasma_proteomics,invalid_shuffle_after_loess,240,,0
plasma_proteomics,invalid_shuffle_after_loess,241,48.0,19
plasma_proteomics,invalid_shuffle_after_loess,242,,0
plasma_proteomics,invalid_shuffle_after_loess,243,,0
plasma_proteomics,invalid_shuffle_after_loess,244,,0
plasma_proteomics,invalid_shuffle_after_loess,245,,0
plasma_proteomics,invalid_shuffle_after_loess,246,,0
plasma_proteomics,invalid_shuffle_after_loess,247,,0
plasma_proteomics,invalid_shuffle_after_loess,248,,0
plasma_proteomics,invalid_shuffle_after_loess,249,,0
plasma_proteomics,invalid_shuffle_after_loess,250,62.0,38
plasma_proteomics,invalid_shuffle_after_loess,251,,0
plasma_proteomics,invalid_shuffle_after_loess,252,,0
plasma_proteomics,invalid_shuffle_after_loess,253,,0
plasma_proteomics,invalid_shuffle_after_loess,254,,0
plasma_proteomics,invalid_shuffle_after_loess,255,,0
plasma_proteomics,invalid_shuffle_after_loess,256,,0
plasma_proteomics,invalid_shuffle_after_loess,257,,0
plasma_proteomics,invalid_shuffle_after_loess,258,,0
plasma_proteomics,invalid_shuffle_after_loess,259,,0
plasma_proteomics,invalid_shuffle_after_loess,260,,0
plasma_proteomics,invalid_shuffle_after_loess,261,,0
plasma_proteomics,invalid_shuffle_after_loess,262,,0
plasma_proteomics,invalid_shuffle_after_loess,263,,0
plasma_proteomics,invalid_shuffle_after_loess,264,,0
plasma_proteomics,invalid_shuffle_after_loess,265,57.0,6
plasma_proteomics,invalid_shuffle_after_loess,266,59.0,101
plasma_proteomics,invalid_shuffle_after_loess,267,,0
plasma_proteomics,invalid_shuffle_after_loess,268,,0
plasma_proteomics,invalid_shuffle_after_loess,269,,0
plasma_proteomics,invalid_shuffle_after_loess,270,,0
plasma_proteomics,invalid_shuffle_after_loess,271,,0
plasma_proteomics,invalid_shuffle_after_loess,272,,0
plasma_proteomics,invalid_shuffle_after_loess,273,,0
plasma_proteomics,invalid_shuffle_after_loess,274,58.0,16
plasma_proteomics,invalid_shuffle_after_loess,275,,0
plasma_proteomics,invalid_shuffle_after_loess,276,,0
plasma_proteomics,invalid_shuffle_after_loess,277,,0
plasma_proteomics,invalid_shuffle_after_loess,278,,0
plasma_proteomics,invalid_shuffle_after_loess,279,,0
plasma_proteomics,invalid_shuffle_after_loess,280,,0
plasma_proteomics,invalid_shuffle_after_loess,281,,0
plasma_proteomics,invalid_shuffle_after_loess,282,60.0,24
plasma_proteomics,invalid_shuffle_after_loess,283,,0
plasma_proteomics,invalid_shuffle_after_loess,284,,0
plasma_proteomics,invalid_shuffle_after_loess,285,,0
plasma_proteomics,invalid_shuffle_after_loess,286,,0
plasma_proteomics,invalid_shuffle_after_loess,287,,0
plasma_proteomics,invalid_shuffle_after_loess,288,,0
plasma_proteomics,invalid_shuffle_after_loess,289,,0
plasma_proteomics,invalid_shuffle_after_loess,290,,0
plasma_proteomics,invalid_shuffle_after_loess,291,,0
plasma_proteomics,invalid_shuffle_after_loess,292,43.0,1
plasma_proteomics,invalid_shuffle_after_loess,293,,0
plasma_proteomics,invalid_shuffle_after_loess,294,,0
plasma_proteomics,invalid_shuffle_after_loess,295,57.0,44
plasma_proteomics,invalid_shuffle_after_loess,296,49.0,1
plasma_proteomics,invalid_shuffle_after_loess,297,,0
plasma_proteomics,invalid_shuffle_after_loess,298,,0
plasma_proteomics,invalid_shuffle_after_loess,299,,0
plasma_proteomics,invalid_shuffle_after_loess,300,,0
plasma_proteomics,invalid_shuffle_after_loess,301,,0
plasma_proteomics,invalid_shuffle_after_loess,302,64.0,13
plasma_proteomics,invalid_shuffle_after_loess,303,,0
plasma_proteomics,invalid_shuffle_after_loess,304,,0
plasma_proteomics,invalid_shuffle_after_loess,305,,0
plasma_proteomics,invalid_shuffle_after_loess,306,,0
plasma_proteomics,invalid_shuffle_after_loess,307,,0
plasma_proteomics,invalid_shuffle_after_loess,308,48.0,8
plasma_proteomics,invalid_shuffle_after_loess,309,,0
plasma_proteomics,invalid_shuffle_after_loess,310,,0
plasma_proteomics,invalid_shuffle_after_loess,311,,0
plasma_proteomics,invalid_shuffle_after_loess,312,,0
plasma_proteomics,invalid_shuffle_after_loess,313,60.0,34
plasma_proteomics,invalid_shuffle_after_loess,314,,0
plasma_proteomics,invalid_shuffle_after_loess,315,62.0,2
plasma_proteomics,invalid_shuffle_after_loess,316,,0
plasma_proteomics,invalid_shuffle_after_loess,317,,0
plasma_proteomics,invalid_shuffle_after_loess,318,,0
plasma_proteomics,invalid_shuffle_after_loess,319,64.0,16
plasma_proteomics,invalid_shuffle_after_loess,320,,0
plasma_proteomics,invalid_shuffle_after_loess,321,,0
plasma_proteomics,invalid_shuffle_after_loess,322,,0
plasma_proteomics,invalid_shuffle_after_loess,323,57.0,1
plasma_proteomics,invalid_shuffle_after_loess,324,,0
plasma_proteomics,invalid_shuffle_after_loess,325,,0
plasma_proteomics,invalid_shuffle_after_loess,326,,0
plasma_proteomics,invalid_shuffle_after_loess,327,,0
plasma_proteomics,invalid_shuffle_after_loess,328,57.0,11
plasma_proteomics,invalid_shuffle_after_loess,329,,0
plasma_proteomics,invalid_shuffle_after_loess,330,,0
plasma_proteomics,invalid_shuffle_after_loess,331,,0
plasma_proteomics,invalid_shuffle_after_loess,332,,0
plasma_proteomics,invalid_shuffle_after_loess,333,,0
plasma_proteomics,invalid_shuffle_after_loess,334,,0
plasma_proteomics,invalid_shuffle_after_loess,335,,0
plasma_proteomics,invalid_shuffle_after_loess,336,61.0,51
plasma_proteomics,invalid_shuffle_after_loess,337,,0
plasma_proteomics,invalid_shuffle_after_loess,338,,0
plasma_proteomics,invalid_shuffle_after_loess,339,,0
plasma_proteomics,invalid_shuffle_after_loess,340,,0
plasma_proteomics,invalid_shuffle_after_loess,341,,0
plasma_proteomics,invalid_shuffle_after_loess,342,,0
plasma_proteomics,invalid_shuffle_after_loess,343,,0
plasma_proteomics,invalid_shuffle_after_loess,344,,0
plasma_proteomics,invalid_shuffle_after_loess,345,,0
plasma_proteomics,invalid_shuffle_after_loess,346,,0
plasma_proteomics,invalid_shuffle_after_loess,347,,0
plasma_proteomics,invalid_shuffle_after_loess,348,,0
plasma_proteomics,invalid_shuffle_after_loess,349,,0
plasma_proteomics,invalid_shuffle_after_loess,350,,0
plasma_proteomics,invalid_shuffle_after_loess,351,,0
plasma_proteomics,invalid_shuffle_after_loess,352,63.0,44
plasma_proteomics,invalid_shuffle_after_loess,353,,0
plasma_proteomics,invalid_shuffle_after_loess,354,,0
plasma_proteomics,invalid_shuffle_after_loess,355,48.0,10
plasma_proteomics,invalid_shuffle_after_loess,356,48.0,52
plasma_proteomics,invalid_shuffle_after_loess,357,,0
plasma_proteomics,invalid_shuffle_after_loess,358,,0
plasma_proteomics,invalid_shuffle_after_loess,359,,0
plasma_proteomics,invalid_shuffle_after_loess,360,,0
plasma_proteomics,invalid_shuffle_after_loess,361,,0
plasma_proteomics,invalid_shuffle_after_loess,362,,0
plasma_proteomics,invalid_shuffle_after_loess,363,,0
plasma_proteomics,invalid_shuffle_after_loess,364,60.0,60
plasma_proteomics,invalid_shuffle_after_loess,365,,0
plasma_proteomics,invalid_shuffle_after_loess,366,,0
plasma_proteomics,invalid_shuffle_after_loess,367,,0
plasma_proteomics,invalid_shuffle_after_loess,368,,0
plasma_proteomics,invalid_shuffle_after_loess,369,,0
plasma_proteomics,invalid_shuffle_after_loess,370,50.0,22
plasma_proteomics,invalid_shuffle_after_loess,371,,0
plasma_proteomics,invalid_shuffle_after_loess,372,,0
plasma_proteomics,invalid_shuffle_after_loess,373,,0
plasma_proteomics,invalid_shuffle_after_loess,374,,0
plasma_proteomics,invalid_shuffle_after_loess,375,,0
plasma_proteomics,invalid_shuffle_after_loess,376,,0
plasma_proteomics,invalid_shuffle_after_loess,377,,0
plasma_proteomics,invalid_shuffle_after_loess,378,62.0,31
plasma_proteomics,invalid_shuffle_after_loess,379,51.0,66
plasma_proteomics,invalid_shuffle_after_loess,380,,0
plasma_proteomics,invalid_shuffle_after_loess,381,41.0,9
plasma_proteomics,invalid_shuffle_after_loess,382,64.0,37
plasma_proteomics,invalid_shuffle_after_loess,383,55.0,2
plasma_proteomics,invalid_shuffle_after_loess,384,,0
plasma_proteomics,invalid_shuffle_after_loess,385,,0
plasma_proteomics,invalid_shuffle_after_loess,386,,0
plasma_proteomics,invalid_shuffle_after_loess,387,54.0,84
plasma_proteomics,invalid_shuffle_after_loess,388,,0
plasma_proteomics,invalid_shuffle_after_loess,389,,0
plasma_proteomics,invalid_shuffle_after_loess,390,,0
plasma_proteomics,invalid_shuffle_after_loess,391,,0
plasma_proteomics,invalid_shuffle_after_loess,392,,0
plasma_proteomics,invalid_shuffle_after_loess,393,,0
plasma_proteomics,invalid_shuffle_after_loess,394,52.0,55
plasma_proteomics,invalid_shuffle_after_loess,395,,0
plasma_proteomics,invalid_shuffle_after_loess,396,,0
plasma_proteomics,invalid_shuffle_after_loess,397,,0
plasma_proteomics,invalid_shuffle_after_loess,398,61.0,17
plasma_proteomics,invalid_shuffle_after_loess,399,,0
plasma_proteomics,invalid_shuffle_after_loess,400,58.0,27
plasma_proteomics,invalid_shuffle_after_loess,401,,0
plasma_proteomics,invalid_shuffle_after_loess,402,,0
plasma_proteomics,invalid_shuffle_after_loess,403,43.0,1
plasma_proteomics,invalid_shuffle_after_loess,404,,0
plasma_proteomics,invalid_shuffle_after_loess,405,,0
plasma_proteomics,invalid_shuffle_after_loess,406,41.0,30
plasma_proteomics,invalid_shuffle_after_loess,407,,0
plasma_proteomics,invalid_shuffle_after_loess,408,,0
plasma_proteomics,invalid_shuffle_after_loess,409,,0
plasma_proteomics,invalid_shuffle_after_loess,410,,0
plasma_proteomics,invalid_shuffle_after_loess,411,,0
plasma_proteomics,invalid_shuffle_after_loess,412,56.0,7
plasma_proteomics,invalid_shuffle_after_loess,413,49.0,1
plasma_proteomics,invalid_shuffle_after_loess,414,,0
plasma_proteomics,invalid_shuffle_after_loess,415,,0
plasma_proteomics,invalid_shuffle_after_loess,416,,0
plasma_proteomics,invalid_shuffle_after_loess,417,,0
plasma_proteomics,invalid_shuffle_after_loess,418,59.0,5
plasma_proteomics,invalid_shuffle_after_loess,419,60.0,76
plasma_proteomics,invalid_shuffle_after_loess,420,,0
plasma_proteomics,invalid_shuffle_after_loess,421,,0
plasma_proteomics,invalid_shuffle_after_loess,422,,0
plasma_proteomics,invalid_shuffle_after_loess,423,,0
plasma_proteomics,invalid_shuffle_after_loess,424,,0
plasma_proteomics,invalid_shuffle_after_loess,425,,0
plasma_proteomics,invalid_shuffle_after_loess,426,,0
plasma_proteomics,invalid_shuffle_after_loess,427,,0
plasma_proteomics,invalid_shuffle_after_loess,428,,0
plasma_proteomics,invalid_shuffle_after_loess,429,,0
plasma_proteomics,invalid_shuffle_after_loess,430,,0
plasma_proteomics,invalid_shuffle_after_loess,431,,0
plasma_proteomics,invalid_shuffle_after_loess,432,40.0,9
plasma_proteomics,invalid_shuffle_after_loess,433,,0
plasma_proteomics,invalid_shuffle_after_loess,434,,0
plasma_proteomics,invalid_shuffle_after_loess,435,,0
plasma_proteomics,invalid_shuffle_after_loess,436,,0
plasma_proteomics,invalid_shuffle_after_loess,437,,0
plasma_proteomics,invalid_shuffle_after_loess,438,54.0,31
plasma_proteomics,invalid_shuffle_after_loess,439,,0
plasma_proteomics,invalid_shuffle_after_loess,440,,0
plasma_proteomics,invalid_shuffle_after_loess,441,50.0,10
plasma_proteomics,invalid_shuffle_after_loess,442,,0
plasma_proteomics,invalid_shuffle_after_loess,443,,0
plasma_proteomics,invalid_shuffle_after_loess,444,,0
plasma_proteomics,invalid_shuffle_after_loess,445,,0
plasma_proteomics,invalid_shuffle_after_loess,446,,0
plasma_proteomics,invalid_shuffle_after_loess,447,,0
plasma_proteomics,invalid_shuffle_after_loess,448,52.0,53
plasma_proteomics,invalid_shuffle_after_loess,449,,0
plasma_proteomics,invalid_shuffle_after_loess,450,,0
plasma_proteomics,invalid_shuffle_after_loess,451,,0
plasma_proteomics,invalid_shuffle_after_loess,452,,0
plasma_proteomics,invalid_shuffle_after_loess,453,,0
plasma_proteomics,invalid_shuffle_after_loess,454,47.0,30
plasma_proteomics,invalid_shuffle_after_loess,455,,0
plasma_proteomics,invalid_shuffle_after_loess,456,,0
plasma_proteomics,invalid_shuffle_after_loess,457,,0
plasma_proteomics,invalid_shuffle_after_loess,458,54.0,4
plasma_proteomics,invalid_shuffle_after_loess,459,47.0,20
plasma_proteomics,invalid_shuffle_after_loess,460,,0
plasma_proteomics,invalid_shuffle_after_loess,461,52.0,29
plasma_proteomics,invalid_shuffle_after_loess,462,,0
plasma_proteomics,invalid_shuffle_after_loess,463,,0
plasma_proteomics,invalid_shuffle_after_loess,464,,0
plasma_proteomics,invalid_shuffle_after_loess,465,49.0,61
plasma_proteomics,invalid_shuffle_after_loess,466,,0
plasma_proteomics,invalid_shuffle_after_loess,467,,0
plasma_proteomics,invalid_shuffle_after_loess,468,,0
plasma_proteomics,invalid_shuffle_after_loess,469,57.0,1
plasma_proteomics,invalid_shuffle_after_loess,470,,0
plasma_proteomics,invalid_shuffle_after_loess,471,,0
plasma_proteomics,invalid_shuffle_after_loess,472,,0
plasma_proteomics,invalid_shuffle_after_loess,473,,0
plasma_proteomics,invalid_shuffle_after_loess,474,,0
plasma_proteomics,invalid_shuffle_after_loess,475,,0
plasma_proteomics,invalid_shuffle_after_loess,476,,0
plasma_proteomics,invalid_shuffle_after_loess,477,,0
plasma_proteomics,invalid_shuffle_after_loess,478,,0
plasma_proteomics,invalid_shuffle_after_loess,479,,0
plasma_proteomics,invalid_shuffle_after_loess,480,,0
plasma_proteomics,invalid_shuffle_after_loess,481,,0
plasma_proteomics,invalid_shuffle_after_loess,482,41.0,34
plasma_proteomics,invalid_shuffle_after_loess,483,,0
plasma_proteomics,invalid_shuffle_after_loess,484,57.0,17
plasma_proteomics,invalid_shuffle_after_loess,485,42.0,28
plasma_proteomics,invalid_shuffle_after_loess,486,,0
plasma_proteomics,invalid_shuffle_after_loess,487,,0
plasma_proteomics,invalid_shuffle_after_loess,488,,0
plasma_proteomics,invalid_shuffle_after_loess,489,,0
plasma_proteomics,invalid_shuffle_after_loess,490,,0
plasma_proteomics,invalid_shuffle_after_loess,491,,0
plasma_proteomics,invalid_shuffle_after_loess,492,,0
plasma_proteomics,invalid_shuffle_after_loess,493,63.0,2
plasma_proteomics,invalid_shuffle_after_loess,494,,0
plasma_proteomics,invalid_shuffle_after_loess,495,,0
plasma_proteomics,invalid_shuffle_after_loess,496,,0
plasma_proteomics,invalid_shuffle_after_loess,497,64.0,68
plasma_proteomics,invalid_shuffle_after_loess,498,58.0,25
plasma_proteomics,invalid_shuffle_after_loess,499,62.0,24
plasma_proteomics,invalid_shuffle_after_loess,500,54.0,20
plasma_proteomics,invalid_shuffle_after_loess,501,60.0,34
plasma_proteomics,invalid_shuffle_after_loess,502,64.0,17
plasma_proteomics,invalid_shuffle_after_loess,503,40.0,40
plasma_proteomics,invalid_shuffle_after_loess,504,,0
plasma_proteomics,invalid_shuffle_after_loess,505,,0
plasma_proteomics,invalid_shuffle_after_loess,506,,0
plasma_proteomics,invalid_shuffle_after_loess,507,,0
plasma_proteomics,invalid_shuffle_after_loess,508,,0
plasma_proteomics,invalid_shuffle_after_loess,509,61.0,26
plasma_proteomics,invalid_shuffle_after_loess,510,,0
plasma_proteomics,invalid_shuffle_after_loess,511,53.0,1
plasma_proteomics,invalid_shuffle_after_loess,512,,0
plasma_proteomics,invalid_shuffle_after_loess,513,50.0,30
plasma_proteomics,invalid_shuffle_after_loess,514,,0
plasma_proteomics,invalid_shuffle_after_loess,515,41.0,75
plasma_proteomics,invalid_shuffle_after_loess,516,,0
plasma_proteomics,invalid_shuffle_after_loess,517,55.0,1
plasma_proteomics,invalid_shuffle_after_loess,518,,0
plasma_proteomics,invalid_shuffle_after_loess,519,,0
plasma_proteomics,invalid_shuffle_after_loess,520,,0
plasma_proteomics,invalid_shuffle_after_loess,521,,0
plasma_proteomics,invalid_shuffle_after_loess,522,,0
plasma_proteomics,invalid_shuffle_after_loess,523,,0
plasma_proteomics,invalid_shuffle_after_loess,524,,0
plasma_proteomics,invalid_shuffle_after_loess,525,50.0,70
plasma_proteomics,invalid_shuffle_after_loess,526,,0
plasma_proteomics,invalid_shuffle_after_loess,527,,0
plasma_proteomics,invalid_shuffle_after_loess,528,,0
plasma_proteomics,invalid_shuffle_after_loess,529,,0
plasma_proteomics,invalid_shuffle_after_loess,530,,0
plasma_proteomics,invalid_shuffle_after_loess,531,,0
plasma_proteomics,invalid_shuffle_after_loess,532,,0
plasma_proteomics,invalid_shuffle_after_loess,533,,0
plasma_proteomics,invalid_shuffle_after_loess,534,,0
plasma_proteomics,invalid_shuffle_after_loess,535,,0
plasma_proteomics,invalid_shuffle_after_loess,536,,0
plasma_proteomics,invalid_shuffle_after_loess,537,51.0,77
plasma_proteomics,invalid_shuffle_after_loess,538,,0
plasma_proteomics,invalid_shuffle_after_loess,539,,0
plasma_proteomics,invalid_shuffle_after_loess,540,,0
plasma_proteomics,invalid_shuffle_after_loess,541,,0
plasma_proteomics,invalid_shuffle_after_loess,542,48.0,29
plasma_proteomics,invalid_shuffle_after_loess,543,,0
plasma_proteomics,invalid_shuffle_after_loess,544,,0
plasma_proteomics,invalid_shuffle_after_loess,545,,0
plasma_proteomics,invalid_shuffle_after_loess,546,,0
plasma_proteomics,invalid_shuffle_after_loess,547,52.0,5
plasma_proteomics,invalid_shuffle_after_loess,548,,0
plasma_proteomics,invalid_shuffle_after_loess,549,,0
plasma_proteomics,invalid_shuffle_after_loess,550,,0
plasma_proteomics,invalid_shuffle_after_loess,551,,0
plasma_proteomics,invalid_shuffle_after_loess,552,64.0,55
plasma_proteomics,invalid_shuffle_after_loess,553,62.0,5
plasma_proteomics,invalid_shuffle_after_loess,554,42.0,26
plasma_proteomics,invalid_shuffle_after_loess,555,,0
plasma_proteomics,invalid_shuffle_after_loess,556,,0
plasma_proteomics,invalid_shuffle_after_loess,557,42.0,39
plasma_proteomics,invalid_shuffle_after_loess,558,,0
plasma_proteomics,invalid_shuffle_after_loess,559,,0
plasma_proteomics,invalid_shuffle_after_loess,560,,0
plasma_proteomics,invalid_shuffle_after_loess,561,,0
plasma_proteomics,invalid_shuffle_after_loess,562,58.0,38
plasma_proteomics,invalid_shuffle_after_loess,563,,0
plasma_proteomics,invalid_shuffle_after_loess,564,,0
plasma_proteomics,invalid_shuffle_after_loess,565,,0
plasma_proteomics,invalid_shuffle_after_loess,566,,0
plasma_proteomics,invalid_shuffle_after_loess,567,,0
plasma_proteomics,invalid_shuffle_after_loess,568,43.0,64
plasma_proteomics,invalid_shuffle_after_loess,569,62.0,15
plasma_proteomics,invalid_shuffle_after_loess,570,,0
plasma_proteomics,invalid_shuffle_after_loess,571,59.0,1
plasma_proteomics,invalid_shuffle_after_loess,572,60.0,56
plasma_proteomics,invalid_shuffle_after_loess,573,,0
plasma_proteomics,invalid_shuffle_after_loess,574,,0
plasma_proteomics,invalid_shuffle_after_loess,575,,0
plasma_proteomics,invalid_shuffle_after_loess,576,,0
plasma_proteomics,invalid_shuffle_after_loess,577,,0
plasma_proteomics,invalid_shuffle_after_loess,578,61.0,1
plasma_proteomics,invalid_shuffle_after_loess,579,,0
plasma_proteomics,invalid_shuffle_after_loess,580,,0
plasma_proteomics,invalid_shuffle_after_loess,581,,0
plasma_proteomics,invalid_shuffle_after_loess,582,,0
plasma_proteomics,invalid_shuffle_after_loess,583,,0
plasma_proteomics,invalid_shuffle_after_loess,584,,0
plasma_proteomics,invalid_shuffle_after_loess,585,,0
plasma_proteomics,invalid_shuffle_after_loess,586,,0
plasma_proteomics,invalid_shuffle_after_loess,587,61.0,40
plasma_proteomics,invalid_shuffle_after_loess,588,,0
plasma_proteomics,invalid_shuffle_after_loess,589,58.0,22
plasma_proteomics,invalid_shuffle_after_loess,590,,0
plasma_proteomics,invalid_shuffle_after_loess,591,,0
plasma_proteomics,invalid_shuffle_after_loess,592,,0
plasma_proteomics,invalid_shuffle_after_loess,593,,0
plasma_proteomics,invalid_shuffle_after_loess,594,,0
plasma_proteomics,invalid_shuffle_after_loess,595,,0
plasma_proteomics,invalid_shuffle_after_loess,596,57.0,49
plasma_proteomics,invalid_shuffle_after_loess,597,,0
plasma_proteomics,invalid_shuffle_after_loess,598,,0
plasma_proteomics,invalid_shuffle_after_loess,599,,0
plasma_proteomics,invalid_shuffle_after_loess,600,,0
plasma_proteomics,invalid_shuffle_after_loess,601,,0
plasma_proteomics,invalid_shuffle_after_loess,602,,0
plasma_proteomics,invalid_shuffle_after_loess,603,,0
plasma_proteomics,invalid_shuffle_after_loess,604,,0
plasma_proteomics,invalid_shuffle_after_loess,605,,0
plasma_proteomics,invalid_shuffle_after_loess,606,,0
plasma_proteomics,invalid_shuffle_after_loess,607,,0
plasma_proteomics,invalid_shuffle_after_loess,608,,0
plasma_proteomics,invalid_shuffle_after_loess,609,,0
plasma_proteomics,invalid_shuffle_after_loess,610,,0
plasma_proteomics,invalid_shuffle_after_loess,611,,0
plasma_proteomics,invalid_shuffle_after_loess,612,,0
plasma_proteomics,invalid_shuffle_after_loess,613,40.0,9
plasma_proteomics,invalid_shuffle_after_loess,614,,0
plasma_proteomics,invalid_shuffle_after_loess,615,,0
plasma_proteomics,invalid_shuffle_after_loess,616,,0
plasma_proteomics,invalid_shuffle_after_loess,617,,0
plasma_proteomics,invalid_shuffle_after_loess,618,50.0,9
plasma_proteomics,invalid_shuffle_after_loess,619,46.0,9
plasma_proteomics,invalid_shuffle_after_loess,620,,0
plasma_proteomics,invalid_shuffle_after_loess,621,,0
plasma_proteomics,invalid_shuffle_after_loess,622,,0
plasma_proteomics,invalid_shuffle_after_loess,623,,0
plasma_proteomics,invalid_shuffle_after_loess,624,,0
plasma_proteomics,invalid_shuffle_after_loess,625,,0
plasma_proteomics,invalid_shuffle_after_loess,626,,0
plasma_proteomics,invalid_shuffle_after_loess,627,,0
plasma_proteomics,invalid_shuffle_after_loess,628,,0
plasma_proteomics,invalid_shuffle_after_loess,629,,0
plasma_proteomics,invalid_shuffle_after_loess,630,42.0,17
plasma_proteomics,invalid_shuffle_after_loess,631,,0
plasma_proteomics,invalid_shuffle_after_loess,632,46.0,119
plasma_proteomics,invalid_shuffle_after_loess,633,,0
plasma_proteomics,invalid_shuffle_after_loess,634,,0
plasma_proteomics,invalid_shuffle_after_loess,635,44.0,22
plasma_proteomics,invalid_shuffle_after_loess,636,50.0,73
plasma_proteomics,invalid_shuffle_after_loess,637,,0
plasma_proteomics,invalid_shuffle_after_loess,638,,0
plasma_proteomics,invalid_shuffle_after_loess,639,,0
plasma_proteomics,invalid_shuffle_after_loess,640,,0
plasma_proteomics,invalid_shuffle_after_loess,641,52.0,66
plasma_proteomics,invalid_shuffle_after_loess,642,55.0,2
plasma_proteomics,invalid_shuffle_after_loess,643,,0
plasma_proteomics,invalid_shuffle_after_loess,644,,0
plasma_proteomics,invalid_shuffle_after_loess,645,,0
plasma_proteomics,invalid_shuffle_after_loess,646,,0
plasma_proteomics,invalid_shuffle_after_loess,647,,0
plasma_proteomics,invalid_shuffle_after_loess,648,,0
plasma_proteomics,invalid_shuffle_after_loess,649,,0
plasma_proteomics,invalid_shuffle_after_loess,650,64.0,12
plasma_proteomics,invalid_shuffle_after_loess,651,,0
plasma_proteomics,invalid_shuffle_after_loess,652,,0
plasma_proteomics,invalid_shuffle_after_loess,653,,0
plasma_proteomics,invalid_shuffle_after_loess,654,40.0,1
plasma_proteomics,invalid_shuffle_after_loess,655,,0
plasma_proteomics,invalid_shuffle_after_loess,656,,0
plasma_proteomics,invalid_shuffle_after_loess,657,,0
plasma_proteomics,invalid_shuffle_after_loess,658,,0
plasma_proteomics,invalid_shuffle_after_loess,659,,0
plasma_proteomics,invalid_shuffle_after_loess,660,,0
plasma_proteomics,invalid_shuffle_after_loess,661,41.0,52
plasma_proteomics,invalid_shuffle_after_loess,662,42.0,38
plasma_proteomics,invalid_shuffle_after_loess,663,,0
plasma_proteomics,invalid_shuffle_after_loess,664,49.0,31
plasma_proteomics,invalid_shuffle_after_loess,665,,0
plasma_proteomics,invalid_shuffle_after_loess,666,,0
plasma_proteomics,invalid_shuffle_after_loess,667,,0
plasma_proteomics,invalid_shuffle_after_loess,668,62.0,8
plasma_proteomics,invalid_shuffle_after_loess,669,,0
plasma_proteomics,invalid_shuffle_after_loess,670,,0
plasma_proteomics,invalid_shuffle_after_loess,671,,0
plasma_proteomics,invalid_shuffle_after_loess,672,45.0,13
plasma_proteomics,invalid_shuffle_after_loess,673,,0
plasma_proteomics,invalid_shuffle_after_loess,674,64.0,25
plasma_proteomics,invalid_shuffle_after_loess,675,,0
plasma_proteomics,invalid_shuffle_after_loess,676,,0
plasma_proteomics,invalid_shuffle_after_loess,677,,0
plasma_proteomics,invalid_shuffle_after_loess,678,,0
plasma_proteomics,invalid_shuffle_after_loess,679,,0
plasma_proteomics,invalid_shuffle_after_loess,680,,0
plasma_proteomics,invalid_shuffle_after_loess,681,,0
plasma_proteomics,invalid_shuffle_after_loess,682,48.0,49
plasma_proteomics,invalid_shuffle_after_loess,683,,0
plasma_proteomics,invalid_shuffle_after_loess,684,,0
plasma_proteomics,invalid_shuffle_after_loess,685,,0
plasma_proteomics,invalid_shuffle_after_loess,686,,0
plasma_proteomics,invalid_shuffle_after_loess,687,,0
plasma_proteomics,invalid_shuffle_after_loess,688,,0
plasma_proteomics,invalid_shuffle_after_loess,689,,0
plasma_proteomics,invalid_shuffle_after_loess,690,,0
plasma_proteomics,invalid_shuffle_after_loess,691,50.0,19
plasma_proteomics,invalid_shuffle_after_loess,692,,0
plasma_proteomics,invalid_shuffle_after_loess,693,,0
plasma_proteomics,invalid_shuffle_after_loess,694,41.0,2
plasma_proteomics,invalid_shuffle_after_loess,695,,0
plasma_proteomics,invalid_shuffle_after_loess,696,,0
plasma_proteomics,invalid_shuffle_after_loess,697,,0
plasma_proteomics,invalid_shuffle_after_loess,698,,0
plasma_proteomics,invalid_shuffle_after_loess,699,40.0,1
plasma_proteomics,invalid_shuffle_after_loess,700,,0
plasma_proteomics,invalid_shuffle_after_loess,701,40.0,48
plasma_proteomics,invalid_shuffle_after_loess,702,,0
plasma_proteomics,invalid_shuffle_after_loess,703,,0
plasma_proteomics,invalid_shuffle_after_loess,704,,0
plasma_proteomics,invalid_shuffle_after_loess,705,,0
plasma_proteomics,invalid_shuffle_after_loess,706,,0
plasma_proteomics,invalid_shuffle_after_loess,707,,0
plasma_proteomics,invalid_shuffle_after_loess,708,42.0,1
plasma_proteomics,invalid_shuffle_after_loess,709,,0
plasma_proteomics,invalid_shuffle_after_loess,710,,0
plasma_proteomics,invalid_shuffle_after_loess,711,,0
plasma_proteomics,invalid_shuffle_after_loess,712,,0
plasma_proteomics,invalid_shuffle_after_loess,713,,0
plasma_proteomics,invalid_shuffle_after_loess,714,,0
plasma_proteomics,invalid_shuffle_after_loess,715,,0
plasma_proteomics,invalid_shuffle_after_loess,716,47.0,1
plasma_proteomics,invalid_shuffle_after_loess,717,,0
plasma_proteomics,invalid_shuffle_after_loess,718,,0
plasma_proteomics,invalid_shuffle_after_loess,719,,0
plasma_proteomics,invalid_shuffle_after_loess,720,,0
plasma_proteomics,invalid_shuffle_after_loess,721,,0
plasma_proteomics,invalid_shuffle_after_loess,722,,0
plasma_proteomics,invalid_shuffle_after_loess,723,61.0,4
plasma_proteomics,invalid_shuffle_after_loess,724,,0
plasma_proteomics,invalid_shuffle_after_loess,725,,0
plasma_proteomics,invalid_shuffle_after_loess,726,,0
plasma_proteomics,invalid_shuffle_after_loess,727,,0
plasma_proteomics,invalid_shuffle_after_loess,728,,0
plasma_proteomics,invalid_shuffle_after_loess,729,,0
plasma_proteomics,invalid_shuffle_after_loess,730,,0
plasma_proteomics,invalid_shuffle_after_loess,731,58.0,1
plasma_proteomics,invalid_shuffle_after_loess,732,,0
plasma_proteomics,invalid_shuffle_after_loess,733,,0
plasma_proteomics,invalid_shuffle_after_loess,734,,0
plasma_proteomics,invalid_shuffle_after_loess,735,,0
plasma_proteomics,invalid_shuffle_after_loess,736,,0
plasma_proteomics,invalid_shuffle_after_loess,737,,0
plasma_proteomics,invalid_shuffle_after_loess,738,,0
plasma_proteomics,invalid_shuffle_after_loess,739,52.0,70
plasma_proteomics,invalid_shuffle_after_loess,740,,0
plasma_proteomics,invalid_shuffle_after_loess,741,,0
plasma_proteomics,invalid_shuffle_after_loess,742,,0
plasma_proteomics,invalid_shuffle_after_loess,743,,0
plasma_proteomics,invalid_shuffle_after_loess,744,,0
plasma_proteomics,invalid_shuffle_after_loess,745,,0
plasma_proteomics,invalid_shuffle_after_loess,746,,0
plasma_proteomics,invalid_shuffle_after_loess,747,,0
plasma_proteomics,invalid_shuffle_after_loess,748,,0
plasma_proteomics,invalid_shuffle_after_loess,749,43.0,16
plasma_proteomics,invalid_shuffle_after_loess,750,,0
plasma_proteomics,invalid_shuffle_after_loess,751,,0
plasma_proteomics,invalid_shuffle_after_loess,752,,0
plasma_proteomics,invalid_shuffle_after_loess,753,,0
plasma_proteomics,invalid_shuffle_after_loess,754,,0
plasma_proteomics,invalid_shuffle_after_loess,755,63.0,75
plasma_proteomics,invalid_shuffle_after_loess,756,,0
plasma_proteomics,invalid_shuffle_after_loess,757,43.0,43
plasma_proteomics,invalid_shuffle_after_loess,758,,0
plasma_proteomics,invalid_shuffle_after_loess,759,51.0,34
plasma_proteomics,invalid_shuffle_after_loess,760,,0
plasma_proteomics,invalid_shuffle_after_loess,761,,0
plasma_proteomics,invalid_shuffle_after_loess,762,,0
plasma_proteomics,invalid_shuffle_after_loess,763,,0
plasma_proteomics,invalid_shuffle_after_loess,764,,0
plasma_proteomics,invalid_shuffle_after_loess,765,,0
plasma_proteomics,invalid_shuffle_after_loess,766,,0
plasma_proteomics,invalid_shuffle_after_loess,767,53.0,34
plasma_proteomics,invalid_shuffle_after_loess,768,49.0,64
plasma_proteomics,invalid_shuffle_after_loess,769,,0
plasma_proteomics,invalid_shuffle_after_loess,770,,0
plasma_proteomics,invalid_shuffle_after_loess,771,,0
plasma_proteomics,invalid_shuffle_after_loess,772,,0
plasma_proteomics,invalid_shuffle_after_loess,773,,0
plasma_proteomics,invalid_shuffle_after_loess,774,,0
plasma_proteomics,invalid_shuffle_after_loess,775,60.0,9
plasma_proteomics,invalid_shuffle_after_loess,776,,0
plasma_proteomics,invalid_shuffle_after_loess,777,,0
plasma_proteomics,invalid_shuffle_after_loess,778,50.0,67
plasma_proteomics,invalid_shuffle_after_loess,779,58.0,17
plasma_proteomics,invalid_shuffle_after_loess,780,,0
plasma_proteomics,invalid_shuffle_after_loess,781,,0
plasma_proteomics,invalid_shuffle_after_loess,782,,0
plasma_proteomics,invalid_shuffle_after_loess,783,43.0,31
plasma_proteomics,invalid_shuffle_after_loess,784,,0
plasma_proteomics,invalid_shuffle_after_loess,785,,0
plasma_proteomics,invalid_shuffle_after_loess,786,,0
plasma_proteomics,invalid_shuffle_after_loess,787,54.0,43
plasma_proteomics,invalid_shuffle_after_loess,788,,0
plasma_proteomics,invalid_shuffle_after_loess,789,61.0,72
plasma_proteomics,invalid_shuffle_after_loess,790,,0
plasma_proteomics,invalid_shuffle_after_loess,791,,0
plasma_proteomics,invalid_shuffle_after_loess,792,,0
plasma_proteomics,invalid_shuffle_after_loess,793,56.0,1
plasma_proteomics,invalid_shuffle_after_loess,794,,0
plasma_proteomics,invalid_shuffle_after_loess,795,,0
plasma_proteomics,invalid_shuffle_after_loess,796,46.0,27
plasma_proteomics,invalid_shuffle_after_loess,797,,0
plasma_proteomics,invalid_shuffle_after_loess,798,,0
plasma_proteomics,invalid_shuffle_after_loess,799,,0
plasma_proteomics,invalid_shuffle_after_loess,800,,0
plasma_proteomics,invalid_shuffle_after_loess,801,,0
plasma_proteomics,invalid_shuffle_after_loess,802,49.0,57
plasma_proteomics,invalid_shuffle_after_loess,803,,0
plasma_proteomics,invalid_shuffle_after_loess,804,,0
plasma_proteomics,invalid_shuffle_after_loess,805,42.0,9
plasma_proteomics,invalid_shuffle_after_loess,806,,0
plasma_proteomics,invalid_shuffle_after_loess,807,,0
plasma_proteomics,invalid_shuffle_after_loess,808,,0
plasma_proteomics,invalid_shuffle_after_loess,809,,0
plasma_proteomics,invalid_shuffle_after_loess,810,,0
plasma_proteomics,invalid_shuffle_after_loess,811,53.0,43
plasma_proteomics,invalid_shuffle_after_loess,812,58.0,7
plasma_proteomics,invalid_shuffle_after_loess,813,,0
plasma_proteomics,invalid_shuffle_after_loess,814,,0
plasma_proteomics,invalid_shuffle_after_loess,815,52.0,1
plasma_proteomics,invalid_shuffle_after_loess,816,,0
plasma_proteomics,invalid_shuffle_after_loess,817,,0
plasma_proteomics,invalid_shuffle_after_loess,818,,0
plasma_proteomics,invalid_shuffle_after_loess,819,,0
plasma_proteomics,invalid_shuffle_after_loess,820,,0
plasma_proteomics,invalid_shuffle_after_loess,821,,0
plasma_proteomics,invalid_shuffle_after_loess,822,,0
plasma_proteomics,invalid_shuffle_after_loess,823,44.0,1
plasma_proteomics,invalid_shuffle_after_loess,824,,0
plasma_proteomics,invalid_shuffle_after_loess,825,42.0,25
plasma_proteomics,invalid_shuffle_after_loess,826,44.0,34
plasma_proteomics,invalid_shuffle_after_loess,827,,0
plasma_proteomics,invalid_shuffle_after_loess,828,,0
plasma_proteomics,invalid_shuffle_after_loess,829,,0
plasma_proteomics,invalid_shuffle_after_loess,830,42.0,43
plasma_proteomics,invalid_shuffle_after_loess,831,,0
plasma_proteomics,invalid_shuffle_after_loess,832,,0
plasma_proteomics,invalid_shuffle_after_loess,833,,0
plasma_proteomics,invalid_shuffle_after_loess,834,,0
plasma_proteomics,invalid_shuffle_after_loess,835,,0
plasma_proteomics,invalid_shuffle_after_loess,836,,0
plasma_proteomics,invalid_shuffle_after_loess,837,,0
plasma_proteomics,invalid_shuffle_after_loess,838,,0
plasma_proteomics,invalid_shuffle_after_loess,839,,0
plasma_proteomics,invalid_shuffle_after_loess,840,,0
plasma_proteomics,invalid_shuffle_after_loess,841,,0
plasma_proteomics,invalid_shuffle_after_loess,842,,0
plasma_proteomics,invalid_shuffle_after_loess,843,,0
plasma_proteomics,invalid_shuffle_after_loess,844,,0
plasma_proteomics,invalid_shuffle_after_loess,845,,0
plasma_proteomics,invalid_shuffle_after_loess,846,59.0,61
plasma_proteomics,invalid_shuffle_after_loess,847,,0
plasma_proteomics,invalid_shuffle_after_loess,848,46.0,30
plasma_proteomics,invalid_shuffle_after_loess,849,,0
plasma_proteomics,invalid_shuffle_after_loess,850,,0
plasma_proteomics,invalid_shuffle_after_loess,851,,0
plasma_proteomics,invalid_shuffle_after_loess,852,,0
plasma_proteomics,invalid_shuffle_after_loess,853,,0
plasma_proteomics,invalid_shuffle_after_loess,854,,0
plasma_proteomics,invalid_shuffle_after_loess,855,55.0,12
plasma_proteomics,invalid_shuffle_after_loess,856,,0
plasma_proteomics,invalid_shuffle_after_loess,857,,0
plasma_proteomics,invalid_shuffle_after_loess,858,,0
plasma_proteomics,invalid_shuffle_after_loess,859,59.0,4
plasma_proteomics,invalid_shuffle_after_loess,860,,0
plasma_proteomics,invalid_shuffle_after_loess,861,62.0,45
plasma_proteomics,invalid_shuffle_after_loess,862,50.0,48
plasma_proteomics,invalid_shuffle_after_loess,863,,0
plasma_proteomics,invalid_shuffle_after_loess,864,,0
plasma_proteomics,invalid_shuffle_after_loess,865,,0
plasma_proteomics,invalid_shuffle_after_loess,866,,0
plasma_proteomics,invalid_shuffle_after_loess,867,,0
plasma_proteomics,invalid_shuffle_after_loess,868,,0
plasma_proteomics,invalid_shuffle_after_loess,869,,0
plasma_proteomics,invalid_shuffle_after_loess,870,,0
plasma_proteomics,invalid_shuffle_after_loess,871,,0
plasma_proteomics,invalid_shuffle_after_loess,872,,0
plasma_proteomics,invalid_shuffle_after_loess,873,40.0,15
plasma_proteomics,invalid_shuffle_after_loess,874,,0
plasma_proteomics,invalid_shuffle_after_loess,875,,0
plasma_proteomics,invalid_shuffle_after_loess,876,,0
plasma_proteomics,invalid_shuffle_after_loess,877,,0
plasma_proteomics,invalid_shuffle_after_loess,878,,0
plasma_proteomics,invalid_shuffle_after_loess,879,,0
plasma_proteomics,invalid_shuffle_after_loess,880,57.0,1
plasma_proteomics,invalid_shuffle_after_loess,881,,0
plasma_proteomics,invalid_shuffle_after_loess,882,,0
plasma_proteomics,invalid_shuffle_after_loess,883,52.0,27
plasma_proteomics,invalid_shuffle_after_loess,884,,0
plasma_proteomics,invalid_shuffle_after_loess,885,,0
plasma_proteomics,invalid_shuffle_after_loess,886,,0
plasma_proteomics,invalid_shuffle_after_loess,887,,0
plasma_proteomics,invalid_shuffle_after_loess,888,,0
plasma_proteomics,invalid_shuffle_after_loess,889,,0
plasma_proteomics,invalid_shuffle_after_loess,890,49.0,27
plasma_proteomics,invalid_shuffle_after_loess,891,,0
plasma_proteomics,invalid_shuffle_after_loess,892,59.0,29
plasma_proteomics,invalid_shuffle_after_loess,893,,0
plasma_proteomics,invalid_shuffle_after_loess,894,60.0,1
plasma_proteomics,invalid_shuffle_after_loess,895,,0
plasma_proteomics,invalid_shuffle_after_loess,896,,0
plasma_proteomics,invalid_shuffle_after_loess,897,61.0,29
plasma_proteomics,invalid_shuffle_after_loess,898,,0
plasma_proteomics,invalid_shuffle_after_loess,899,40.0,8
plasma_proteomics,invalid_shuffle_after_loess,900,,0
plasma_proteomics,invalid_shuffle_after_loess,901,,0
plasma_proteomics,invalid_shuffle_after_loess,902,55.0,7
plasma_proteomics,invalid_shuffle_after_loess,903,,0
plasma_proteomics,invalid_shuffle_after_loess,904,,0
plasma_proteomics,invalid_shuffle_after_loess,905,,0
plasma_proteomics,invalid_shuffle_after_loess,906,,0
plasma_proteomics,invalid_shuffle_after_loess,907,,0
plasma_proteomics,invalid_shuffle_after_loess,908,47.0,22
plasma_proteomics,invalid_shuffle_after_loess,909,,0
plasma_proteomics,invalid_shuffle_after_loess,910,,0
plasma_proteomics,invalid_shuffle_after_loess,911,,0
plasma_proteomics,invalid_shuffle_after_loess,912,48.0,11
plasma_proteomics,invalid_shuffle_after_loess,913,,0
plasma_proteomics,invalid_shuffle_after_loess,914,,0
plasma_proteomics,invalid_shuffle_after_loess,915,49.0,1
plasma_proteomics,invalid_shuffle_after_loess,916,,0
plasma_proteomics,invalid_shuffle_after_loess,917,,0
plasma_proteomics,invalid_shuffle_after_loess,918,46.0,12
plasma_proteomics,invalid_shuffle_after_loess,919,,0
plasma_proteomics,invalid_shuffle_after_loess,920,,0
plasma_proteomics,invalid_shuffle_after_loess,921,57.0,47
plasma_proteomics,invalid_shuffle_after_loess,922,,0
plasma_proteomics,invalid_shuffle_after_loess,923,,0
plasma_proteomics,invalid_shuffle_after_loess,924,56.0,1
plasma_proteomics,invalid_shuffle_after_loess,925,,0
plasma_proteomics,invalid_shuffle_after_loess,926,,0
plasma_proteomics,invalid_shuffle_after_loess,927,,0
plasma_proteomics,invalid_shuffle_after_loess,928,,0
plasma_proteomics,invalid_shuffle_after_loess,929,,0
plasma_proteomics,invalid_shuffle_after_loess,930,,0
plasma_proteomics,invalid_shuffle_after_loess,931,,0
plasma_proteomics,invalid_shuffle_after_loess,932,,0
plasma_proteomics,invalid_shuffle_after_loess,933,,0
plasma_proteomics,invalid_shuffle_after_loess,934,47.0,24
plasma_proteomics,invalid_shuffle_after_loess,935,,0
plasma_proteomics,invalid_shuffle_after_loess,936,54.0,31
plasma_proteomics,invalid_shuffle_after_loess,937,,0
plasma_proteomics,invalid_shuffle_after_loess,938,,0
plasma_proteomics,invalid_shuffle_after_loess,939,,0
plasma_proteomics,invalid_shuffle_after_loess,940,,0
plasma_proteomics,invalid_shuffle_after_loess,941,,0
plasma_proteomics,invalid_shuffle_after_loess,942,,0
plasma_proteomics,invalid_shuffle_after_loess,943,,0
plasma_proteomics,invalid_shuffle_after_loess,944,,0
plasma_proteomics,invalid_shuffle_after_loess,945,,0
plasma_proteomics,invalid_shuffle_after_loess,946,,0
plasma_proteomics,invalid_shuffle_after_loess,947,,0
plasma_proteomics,invalid_shuffle_after_loess,948,,0
plasma_proteomics,invalid_shuffle_after_loess,949,,0
plasma_proteomics,invalid_shuffle_after_loess,950,,0
plasma_proteomics,invalid_shuffle_after_loess,951,,0
plasma_proteomics,invalid_shuffle_after_loess,952,,0
plasma_proteomics,invalid_shuffle_after_loess,953,,0
plasma_proteomics,invalid_shuffle_after_loess,954,,0
plasma_proteomics,invalid_shuffle_after_loess,955,,0
plasma_proteomics,invalid_shuffle_after_loess,956,,0
plasma_proteomics,invalid_shuffle_after_loess,957,49.0,12
plasma_proteomics,invalid_shuffle_after_loess,958,47.0,13
plasma_proteomics,invalid_shuffle_after_loess,959,,0
plasma_proteomics,invalid_shuffle_after_loess,960,62.0,43
plasma_proteomics,invalid_shuffle_after_loess,961,,0
plasma_proteomics,invalid_shuffle_after_loess,962,,0
plasma_proteomics,invalid_shuffle_after_loess,963,,0
plasma_proteomics,invalid_shuffle_after_loess,964,43.0,2
plasma_proteomics,invalid_shuffle_after_loess,965,,0
plasma_proteomics,invalid_shuffle_after_loess,966,,0
plasma_proteomics,invalid_shuffle_after_loess,967,40.0,2
plasma_proteomics,invalid_shuffle_after_loess,968,,0
plasma_proteomics,invalid_shuffle_after_loess,969,,0
plasma_proteomics,invalid_shuffle_after_loess,970,,0
plasma_proteomics,invalid_shuffle_after_loess,971,,0
plasma_proteomics,invalid_shuffle_after_loess,972,,0
plasma_proteomics,invalid_shuffle_after_loess,973,,0
plasma_proteomics,invalid_shuffle_after_loess,974,,0
plasma_proteomics,invalid_shuffle_after_loess,975,,0
plasma_proteomics,invalid_shuffle_after_loess,976,,0
plasma_proteomics,invalid_shuffle_after_loess,977,46.0,4
plasma_proteomics,invalid_shuffle_after_loess,978,,0
plasma_proteomics,invalid_shuffle_after_loess,979,43.0,13
plasma_proteomics,invalid_shuffle_after_loess,980,42.0,6
plasma_proteomics,invalid_shuffle_after_loess,981,,0
plasma_proteomics,invalid_shuffle_after_loess,982,,0
plasma_proteomics,invalid_shuffle_after_loess,983,,0
plasma_proteomics,invalid_shuffle_after_loess,984,,0
plasma_proteomics,invalid_shuffle_after_loess,985,,0
plasma_proteomics,invalid_shuffle_after_loess,986,,0
plasma_proteomics,invalid_shuffle_after_loess,987,,0
plasma_proteomics,invalid_shuffle_after_loess,988,,0
plasma_proteomics,invalid_shuffle_after_loess,989,,0
plasma_proteomics,invalid_shuffle_after_loess,990,,0
plasma_proteomics,invalid_shuffle_after_loess,991,40.0,9
plasma_proteomics,invalid_shuffle_after_loess,992,,0
plasma_proteomics,invalid_shuffle_after_loess,993,,0
plasma_proteomics,invalid_shuffle_after_loess,994,,0
plasma_proteomics,invalid_shuffle_after_loess,995,,0
plasma_proteomics,invalid_shuffle_after_loess,996,,0
plasma_proteomics,invalid_shuffle_after_loess,997,,0
plasma_proteomics,invalid_shuffle_after_loess,998,,0
plasma_proteomics,invalid_shuffle_after_loess,999,56.0,17
plasma_cytokine,valid_shuffle_before_loess,0,56.0,63
plasma_cytokine,valid_shuffle_before_loess,1,41.0,64
plasma_cytokine,valid_shuffle_before_loess,2,43.0,63
plasma_cytokine,valid_shuffle_before_loess,3,41.0,59
plasma_cytokine,valid_shuffle_before_loess,4,41.0,59
plasma_cytokine,valid_shuffle_before_loess,5,44.0,59
plasma_cytokine,valid_shuffle_before_loess,6,61.0,59
plasma_cytokine,valid_shuffle_before_loess,7,41.0,48
plasma_cytokine,valid_shuffle_before_loess,8,48.0,64
plasma_cytokine,valid_shuffle_before_loess,9,41.0,62
plasma_cytokine,valid_shuffle_before_loess,10,53.0,60
plasma_cytokine,valid_shuffle_before_loess,11,61.0,64
plasma_cytokine,valid_shuffle_before_loess,12,40.0,60
plasma_cytokine,valid_shuffle_before_loess,13,60.0,61
plasma_cytokine,valid_shuffle_before_loess,14,44.0,63
plasma_cytokine,valid_shuffle_before_loess,15,40.0,52
plasma_cytokine,valid_shuffle_before_loess,16,41.0,62
plasma_cytokine,valid_shuffle_before_loess,17,46.0,60
plasma_cytokine,valid_shuffle_before_loess,18,60.0,59
plasma_cytokine,valid_shuffle_before_loess,19,41.0,63
plasma_cytokine,valid_shuffle_before_loess,20,43.0,62
plasma_cytokine,valid_shuffle_before_loess,21,62.0,62
plasma_cytokine,valid_shuffle_before_loess,22,42.0,60
plasma_cytokine,valid_shuffle_before_loess,23,62.0,56
plasma_cytokine,valid_shuffle_before_loess,24,41.0,60
plasma_cytokine,valid_shuffle_before_loess,25,56.0,51
plasma_cytokine,valid_shuffle_before_loess,26,51.0,60
plasma_cytokine,valid_shuffle_before_loess,27,40.0,64
plasma_cytokine,valid_shuffle_before_loess,28,47.0,63
plasma_cytokine,valid_shuffle_before_loess,29,41.0,64
plasma_cytokine,valid_shuffle_before_loess,30,41.0,57
plasma_cytokine,valid_shuffle_before_loess,31,40.0,60
plasma_cytokine,valid_shuffle_before_loess,32,40.0,62
plasma_cytokine,valid_shuffle_before_loess,33,43.0,64
plasma_cytokine,valid_shuffle_before_loess,34,42.0,63
plasma_cytokine,valid_shuffle_before_loess,35,40.0,62
plasma_cytokine,valid_shuffle_before_loess,36,40.0,63
plasma_cytokine,valid_shuffle_before_loess,37,46.0,63
plasma_cytokine,valid_shuffle_before_loess,38,56.0,58
plasma_cytokine,valid_shuffle_before_loess,39,42.0,64
plasma_cytokine,valid_shuffle_before_loess,40,42.0,65
plasma_cytokine,valid_shuffle_before_loess,41,40.0,61
plasma_cytokine,valid_shuffle_before_loess,42,48.0,63
plasma_cytokine,valid_shuffle_before_loess,43,41.0,57
plasma_cytokine,valid_shuffle_before_loess,44,43.0,63
plasma_cytokine,valid_shuffle_before_loess,45,43.0,62
plasma_cytokine,valid_shuffle_before_loess,46,63.0,63
plasma_cytokine,valid_shuffle_before_loess,47,41.0,64
plasma_cytokine,valid_shuffle_before_loess,48,40.0,61
plasma_cytokine,valid_shuffle_before_loess,49,44.0,60
plasma_cytokine,valid_shuffle_before_loess,50,53.0,60
plasma_cytokine,valid_shuffle_before_loess,51,41.0,64
plasma_cytokine,valid_shuffle_before_loess,52,42.0,63
plasma_cytokine,valid_shuffle_before_loess,53,62.0,59
plasma_cytokine,valid_shuffle_before_loess,54,47.0,63
plasma_cytokine,valid_shuffle_before_loess,55,45.0,61
plasma_cytokine,valid_shuffle_before_loess,56,45.0,61
plasma_cytokine,valid_shuffle_before_loess,57,50.0,60
plasma_cytokine,valid_shuffle_before_loess,58,46.0,62
plasma_cytokine,valid_shuffle_before_loess,59,40.0,58
plasma_cytokine,valid_shuffle_before_loess,60,42.0,65
plasma_cytokine,valid_shuffle_before_loess,61,40.0,64
plasma_cytokine,valid_shuffle_before_loess,62,40.0,64
plasma_cytokine,valid_shuffle_before_loess,63,41.0,64
plasma_cytokine,valid_shuffle_before_loess,64,64.0,58
plasma_cytokine,valid_shuffle_before_loess,65,40.0,61
plasma_cytokine,valid_shuffle_before_loess,66,40.0,61
plasma_cytokine,valid_shuffle_before_loess,67,61.0,62
plasma_cytokine,valid_shuffle_before_loess,68,40.0,58
plasma_cytokine,valid_shuffle_before_loess,69,42.0,65
plasma_cytokine,valid_shuffle_before_loess,70,42.0,63
plasma_cytokine,valid_shuffle_before_loess,71,42.0,65
plasma_cytokine,valid_shuffle_before_loess,72,45.0,63
plasma_cytokine,valid_shuffle_before_loess,73,54.0,60
plasma_cytokine,valid_shuffle_before_loess,74,45.0,64
plasma_cytokine,valid_shuffle_before_loess,75,40.0,49
plasma_cytokine,valid_shuffle_before_loess,76,43.0,61
plasma_cytokine,valid_shuffle_before_loess,77,40.0,61
plasma_cytokine,valid_shuffle_before_loess,78,51.0,62
plasma_cytokine,valid_shuffle_before_loess,79,41.0,63
plasma_cytokine,valid_shuffle_before_loess,80,40.0,64
plasma_cytokine,valid_shuffle_before_loess,81,43.0,61
plasma_cytokine,valid_shuffle_before_loess,82,40.0,61
plasma_cytokine,valid_shuffle_before_loess,83,45.0,62
plasma_cytokine,valid_shuffle_before_loess,84,60.0,60
plasma_cytokine,valid_shuffle_before_loess,85,40.0,61
plasma_cytokine,valid_shuffle_before_loess,86,41.0,61
plasma_cytokine,valid_shuffle_before_loess,87,40.0,63
plasma_cytokine,valid_shuffle_before_loess,88,42.0,60
plasma_cytokine,valid_shuffle_before_loess,89,40.0,59
plasma_cytokine,valid_shuffle_before_loess,90,43.0,63
plasma_cytokine,valid_shuffle_before_loess,91,62.0,60
plasma_cytokine,valid_shuffle_before_loess,92,62.0,56
plasma_cytokine,valid_shuffle_before_loess,93,45.0,59
plasma_cytokine,valid_shuffle_before_loess,94,45.0,60
plasma_cytokine,valid_shuffle_before_loess,95,51.0,59
plasma_cytokine,valid_shuffle_before_loess,96,44.0,57
plasma_cytokine,valid_shuffle_before_loess,97,43.0,62
plasma_cytokine,valid_shuffle_before_loess,98,40.0,61
plasma_cytokine,valid_shuffle_before_loess,99,62.0,62
plasma_cytokine,valid_shuffle_before_loess,100,62.0,58
plasma_cytokine,valid_shuffle_before_loess,101,42.0,60
plasma_cytokine,valid_shuffle_before_loess,102,52.0,57
plasma_cytokine,valid_shuffle_before_loess,103,41.0,61
plasma_cytokine,valid_shuffle_before_loess,104,51.0,59
plasma_cytokine,valid_shuffle_before_loess,105,40.0,56
plasma_cytokine,valid_shuffle_before_loess,106,42.0,64
plasma_cytokine,valid_shuffle_before_loess,107,64.0,63
plasma_cytokine,valid_shuffle_before_loess,108,53.0,64
plasma_cytokine,valid_shuffle_before_loess,109,47.0,62
plasma_cytokine,valid_shuffle_before_loess,110,40.0,63
plasma_cytokine,valid_shuffle_before_loess,111,42.0,56
plasma_cytokine,valid_shuffle_before_loess,112,40.0,62
plasma_cytokine,valid_shuffle_before_loess,113,41.0,58
plasma_cytokine,valid_shuffle_before_loess,114,44.0,59
plasma_cytokine,valid_shuffle_before_loess,115,40.0,60
plasma_cytokine,valid_shuffle_before_loess,116,64.0,61
plasma_cytokine,valid_shuffle_before_loess,117,40.0,64
plasma_cytokine,valid_shuffle_before_loess,118,53.0,62
plasma_cytokine,valid_shuffle_before_loess,119,54.0,59
plasma_cytokine,valid_shuffle_before_loess,120,46.0,64
plasma_cytokine,valid_shuffle_before_loess,121,42.0,64
plasma_cytokine,valid_shuffle_before_loess,122,40.0,58
plasma_cytokine,valid_shuffle_before_loess,123,50.0,64
plasma_cytokine,valid_shuffle_before_loess,124,50.0,59
plasma_cytokine,valid_shuffle_before_loess,125,46.0,59
plasma_cytokine,valid_shuffle_before_loess,126,43.0,63
plasma_cytokine,valid_shuffle_before_loess,127,59.0,56
plasma_cytokine,valid_shuffle_before_loess,128,60.0,60
plasma_cytokine,valid_shuffle_before_loess,129,44.0,63
plasma_cytokine,valid_shuffle_before_loess,130,48.0,60
plasma_cytokine,valid_shuffle_before_loess,131,43.0,65
plasma_cytokine,valid_shuffle_before_loess,132,47.0,58
plasma_cytokine,valid_shuffle_before_loess,133,40.0,63
plasma_cytokine,valid_shuffle_before_loess,134,63.0,63
plasma_cytokine,valid_shuffle_before_loess,135,49.0,59
plasma_cytokine,valid_shuffle_before_loess,136,52.0,63
plasma_cytokine,valid_shuffle_before_loess,137,46.0,62
plasma_cytokine,valid_shuffle_before_loess,138,44.0,59
plasma_cytokine,valid_shuffle_before_loess,139,40.0,59
plasma_cytokine,valid_shuffle_before_loess,140,40.0,59
plasma_cytokine,valid_shuffle_before_loess,141,42.0,64
plasma_cytokine,valid_shuffle_before_loess,142,40.0,63
plasma_cytokine,valid_shuffle_before_loess,143,41.0,60
plasma_cytokine,valid_shuffle_before_loess,144,44.0,61
plasma_cytokine,valid_shuffle_before_loess,145,50.0,63
plasma_cytokine,valid_shuffle_before_loess,146,45.0,62
plasma_cytokine,valid_shuffle_before_loess,147,44.0,61
plasma_cytokine,valid_shuffle_before_loess,148,42.0,57
plasma_cytokine,valid_shuffle_before_loess,149,44.0,63
plasma_cytokine,valid_shuffle_before_loess,150,40.0,63
plasma_cytokine,valid_shuffle_before_loess,151,41.0,61
plasma_cytokine,valid_shuffle_before_loess,152,40.0,60
plasma_cytokine,valid_shuffle_before_loess,153,54.0,63
plasma_cytokine,valid_shuffle_before_loess,154,47.0,56
plasma_cytokine,valid_shuffle_before_loess,155,55.0,61
plasma_cytokine,valid_shuffle_before_loess,156,44.0,64
plasma_cytokine,valid_shuffle_before_loess,157,40.0,59
plasma_cytokine,valid_shuffle_before_loess,158,46.0,63
plasma_cytokine,valid_shuffle_before_loess,159,40.0,61
plasma_cytokine,valid_shuffle_before_loess,160,45.0,63
plasma_cytokine,valid_shuffle_before_loess,161,40.0,63
plasma_cytokine,valid_shuffle_before_loess,162,40.0,62
plasma_cytokine,valid_shuffle_before_loess,163,41.0,56
plasma_cytokine,valid_shuffle_before_loess,164,58.0,61
plasma_cytokine,valid_shuffle_before_loess,165,43.0,56
plasma_cytokine,valid_shuffle_before_loess,166,43.0,54
plasma_cytokine,valid_shuffle_before_loess,167,48.0,59
plasma_cytokine,valid_shuffle_before_loess,168,42.0,59
plasma_cytokine,valid_shuffle_before_loess,169,52.0,56
plasma_cytokine,valid_shuffle_before_loess,170,42.0,60
plasma_cytokine,valid_shuffle_before_loess,171,41.0,60
plasma_cytokine,valid_shuffle_before_loess,172,44.0,62
plasma_cytokine,valid_shuffle_before_loess,173,41.0,64
plasma_cytokine,valid_shuffle_before_loess,174,45.0,44
plasma_cytokine,valid_shuffle_before_loess,175,58.0,58
plasma_cytokine,valid_shuffle_before_loess,176,61.0,63
plasma_cytokine,valid_shuffle_before_loess,177,40.0,59
plasma_cytokine,valid_shuffle_before_loess,178,41.0,62
plasma_cytokine,valid_shuffle_before_loess,179,59.0,62
plasma_cytokine,valid_shuffle_before_loess,180,45.0,62
plasma_cytokine,valid_shuffle_before_loess,181,59.0,60
plasma_cytokine,valid_shuffle_before_loess,182,43.0,64
plasma_cytokine,valid_shuffle_before_loess,183,44.0,62
plasma_cytokine,valid_shuffle_before_loess,184,46.0,58
plasma_cytokine,valid_shuffle_before_loess,185,42.0,64
plasma_cytokine,valid_shuffle_before_loess,186,40.0,63
plasma_cytokine,valid_shuffle_before_loess,187,40.0,63
plasma_cytokine,valid_shuffle_before_loess,188,43.0,66
plasma_cytokine,valid_shuffle_before_loess,189,59.0,61
plasma_cytokine,valid_shuffle_before_loess,190,49.0,63
plasma_cytokine,valid_shuffle_before_loess,191,41.0,60
plasma_cytokine,valid_shuffle_before_loess,192,58.0,58
plasma_cytokine,valid_shuffle_before_loess,193,55.0,56
plasma_cytokine,valid_shuffle_before_loess,194,41.0,59
plasma_cytokine,valid_shuffle_before_loess,195,43.0,62
plasma_cytokine,valid_shuffle_before_loess,196,40.0,63
plasma_cytokine,valid_shuffle_before_loess,197,40.0,60
plasma_cytokine,valid_shuffle_before_loess,198,56.0,58
plasma_cytokine,valid_shuffle_before_loess,199,47.0,61
plasma_cytokine,valid_shuffle_before_loess,200,42.0,62
plasma_cytokine,valid_shuffle_before_loess,201,40.0,62
plasma_cytokine,valid_shuffle_before_loess,202,43.0,64
plasma_cytokine,valid_shuffle_before_loess,203,63.0,58
plasma_cytokine,valid_shuffle_before_loess,204,59.0,62
plasma_cytokine,valid_shuffle_before_loess,205,49.0,61
plasma_cytokine,valid_shuffle_before_loess,206,40.0,59
plasma_cytokine,valid_shuffle_before_loess,207,45.0,59
plasma_cytokine,valid_shuffle_before_loess,208,40.0,63
plasma_cytokine,valid_shuffle_before_loess,209,42.0,56
plasma_cytokine,valid_shuffle_before_loess,210,40.0,59
plasma_cytokine,valid_shuffle_before_loess,211,51.0,60
plasma_cytokine,valid_shuffle_before_loess,212,42.0,55
plasma_cytokine,valid_shuffle_before_loess,213,41.0,62
plasma_cytokine,valid_shuffle_before_loess,214,48.0,57
plasma_cytokine,valid_shuffle_before_loess,215,40.0,58
plasma_cytokine,valid_shuffle_before_loess,216,40.0,54
plasma_cytokine,valid_shuffle_before_loess,217,40.0,59
plasma_cytokine,valid_shuffle_before_loess,218,40.0,61
plasma_cytokine,valid_shuffle_before_loess,219,42.0,64
plasma_cytokine,valid_shuffle_before_loess,220,64.0,55
plasma_cytokine,valid_shuffle_before_loess,221,44.0,64
plasma_cytokine,valid_shuffle_before_loess,222,40.0,61
plasma_cytokine,valid_shuffle_before_loess,223,61.0,62
plasma_cytokine,valid_shuffle_before_loess,224,42.0,58
plasma_cytokine,valid_shuffle_before_loess,225,54.0,59
plasma_cytokine,valid_shuffle_before_loess,226,44.0,60
plasma_cytokine,valid_shuffle_before_loess,227,64.0,59
plasma_cytokine,valid_shuffle_before_loess,228,64.0,58
plasma_cytokine,valid_shuffle_before_loess,229,54.0,63
plasma_cytokine,valid_shuffle_before_loess,230,41.0,64
plasma_cytokine,valid_shuffle_before_loess,231,42.0,62
plasma_cytokine,valid_shuffle_before_loess,232,41.0,59
plasma_cytokine,valid_shuffle_before_loess,233,58.0,62
plasma_cytokine,valid_shuffle_before_loess,234,46.0,63
plasma_cytokine,valid_shuffle_before_loess,235,55.0,54
plasma_cytokine,valid_shuffle_before_loess,236,40.0,65
plasma_cytokine,valid_shuffle_before_loess,237,45.0,64
plasma_cytokine,valid_shuffle_before_loess,238,40.0,59
plasma_cytokine,valid_shuffle_before_loess,239,43.0,58
plasma_cytokine,valid_shuffle_before_loess,240,62.0,61
plasma_cytokine,valid_shuffle_before_loess,241,63.0,62
plasma_cytokine,valid_shuffle_before_loess,242,43.0,61
plasma_cytokine,valid_shuffle_before_loess,243,43.0,63
plasma_cytokine,valid_shuffle_before_loess,244,42.0,59
plasma_cytokine,valid_shuffle_before_loess,245,57.0,59
plasma_cytokine,valid_shuffle_before_loess,246,49.0,59
plasma_cytokine,valid_shuffle_before_loess,247,42.0,63
plasma_cytokine,valid_shuffle_before_loess,248,40.0,62
plasma_cytokine,valid_shuffle_before_loess,249,40.0,56
plasma_cytokine,valid_shuffle_before_loess,250,40.0,55
plasma_cytokine,valid_shuffle_before_loess,251,45.0,56
plasma_cytokine,valid_shuffle_before_loess,252,46.0,60
plasma_cytokine,valid_shuffle_before_loess,253,41.0,64
plasma_cytokine,valid_shuffle_before_loess,254,60.0,62
plasma_cytokine,valid_shuffle_before_loess,255,55.0,54
plasma_cytokine,valid_shuffle_before_loess,256,41.0,59
plasma_cytokine,valid_shuffle_before_loess,257,58.0,59
plasma_cytokine,valid_shuffle_before_loess,258,40.0,61
plasma_cytokine,valid_shuffle_before_loess,259,56.0,65
plasma_cytokine,valid_shuffle_before_loess,260,45.0,61
plasma_cytokine,valid_shuffle_before_loess,261,57.0,58
plasma_cytokine,valid_shuffle_before_loess,262,42.0,60
plasma_cytokine,valid_shuffle_before_loess,263,57.0,59
plasma_cytokine,valid_shuffle_before_loess,264,51.0,59
plasma_cytokine,valid_shuffle_before_loess,265,57.0,62
plasma_cytokine,valid_shuffle_before_loess,266,47.0,66
plasma_cytokine,valid_shuffle_before_loess,267,55.0,59
plasma_cytokine,valid_shuffle_before_loess,268,60.0,64
plasma_cytokine,valid_shuffle_before_loess,269,46.0,62
plasma_cytokine,valid_shuffle_before_loess,270,63.0,59
plasma_cytokine,valid_shuffle_before_loess,271,40.0,62
plasma_cytokine,valid_shuffle_before_loess,272,44.0,65
plasma_cytokine,valid_shuffle_before_loess,273,49.0,61
plasma_cytokine,valid_shuffle_before_loess,274,63.0,59
plasma_cytokine,valid_shuffle_before_loess,275,42.0,57
plasma_cytokine,valid_shuffle_before_loess,276,40.0,60
plasma_cytokine,valid_shuffle_before_loess,277,40.0,62
plasma_cytokine,valid_shuffle_before_loess,278,62.0,55
plasma_cytokine,valid_shuffle_before_loess,279,40.0,58
plasma_cytokine,valid_shuffle_before_loess,280,55.0,63
plasma_cytokine,valid_shuffle_before_loess,281,42.0,56
plasma_cytokine,valid_shuffle_before_loess,282,42.0,62
plasma_cytokine,valid_shuffle_before_loess,283,40.0,60
plasma_cytokine,valid_shuffle_before_loess,284,42.0,63
plasma_cytokine,valid_shuffle_before_loess,285,49.0,57
plasma_cytokine,valid_shuffle_before_loess,286,40.0,62
plasma_cytokine,valid_shuffle_before_loess,287,40.0,57
plasma_cytokine,valid_shuffle_before_loess,288,40.0,63
plasma_cytokine,valid_shuffle_before_loess,289,40.0,60
plasma_cytokine,valid_shuffle_before_loess,290,58.0,63
plasma_cytokine,valid_shuffle_before_loess,291,54.0,58
plasma_cytokine,valid_shuffle_before_loess,292,40.0,63
plasma_cytokine,valid_shuffle_before_loess,293,40.0,65
plasma_cytokine,valid_shuffle_before_loess,294,40.0,63
plasma_cytokine,valid_shuffle_before_loess,295,44.0,64
plasma_cytokine,valid_shuffle_before_loess,296,58.0,59
plasma_cytokine,valid_shuffle_before_loess,297,40.0,53
plasma_cytokine,valid_shuffle_before_loess,298,46.0,62
plasma_cytokine,valid_shuffle_before_loess,299,59.0,60
plasma_cytokine,valid_shuffle_before_loess,300,41.0,66
plasma_cytokine,valid_shuffle_before_loess,301,51.0,59
plasma_cytokine,valid_shuffle_before_loess,302,52.0,57
plasma_cytokine,valid_shuffle_before_loess,303,42.0,60
plasma_cytokine,valid_shuffle_before_loess,304,52.0,54
plasma_cytokine,valid_shuffle_before_loess,305,40.0,64
plasma_cytokine,valid_shuffle_before_loess,306,62.0,63
plasma_cytokine,valid_shuffle_before_loess,307,40.0,62
plasma_cytokine,valid_shuffle_before_loess,308,42.0,57
plasma_cytokine,valid_shuffle_before_loess,309,49.0,60
plasma_cytokine,valid_shuffle_before_loess,310,43.0,56
plasma_cytokine,valid_shuffle_before_loess,311,40.0,59
plasma_cytokine,valid_shuffle_before_loess,312,43.0,62
plasma_cytokine,valid_shuffle_before_loess,313,41.0,59
plasma_cytokine,valid_shuffle_before_loess,314,59.0,64
plasma_cytokine,valid_shuffle_before_loess,315,42.0,63
plasma_cytokine,valid_shuffle_before_loess,316,49.0,59
plasma_cytokine,valid_shuffle_before_loess,317,47.0,61
plasma_cytokine,valid_shuffle_before_loess,318,40.0,59
plasma_cytokine,valid_shuffle_before_loess,319,58.0,61
plasma_cytokine,valid_shuffle_before_loess,320,42.0,65
plasma_cytokine,valid_shuffle_before_loess,321,40.0,61
plasma_cytokine,valid_shuffle_before_loess,322,40.0,62
plasma_cytokine,valid_shuffle_before_loess,323,60.0,60
plasma_cytokine,valid_shuffle_before_loess,324,45.0,59
plasma_cytokine,valid_shuffle_before_loess,325,42.0,61
plasma_cytokine,valid_shuffle_before_loess,326,60.0,62
plasma_cytokine,valid_shuffle_before_loess,327,48.0,58
plasma_cytokine,valid_shuffle_before_loess,328,43.0,63
plasma_cytokine,valid_shuffle_before_loess,329,41.0,58
plasma_cytokine,valid_shuffle_before_loess,330,43.0,59
plasma_cytokine,valid_shuffle_before_loess,331,41.0,63
plasma_cytokine,valid_shuffle_before_loess,332,41.0,64
plasma_cytokine,valid_shuffle_before_loess,333,41.0,56
plasma_cytokine,valid_shuffle_before_loess,334,40.0,57
plasma_cytokine,valid_shuffle_before_loess,335,41.0,64
plasma_cytokine,valid_shuffle_before_loess,336,40.0,52
plasma_cytokine,valid_shuffle_before_loess,337,43.0,60
plasma_cytokine,valid_shuffle_before_loess,338,41.0,61
plasma_cytokine,valid_shuffle_before_loess,339,50.0,57
plasma_cytokine,valid_shuffle_before_loess,340,58.0,60
plasma_cytokine,valid_shuffle_before_loess,341,63.0,56
plasma_cytokine,valid_shuffle_before_loess,342,40.0,62
plasma_cytokine,valid_shuffle_before_loess,343,41.0,59
plasma_cytokine,valid_shuffle_before_loess,344,40.0,61
plasma_cytokine,valid_shuffle_before_loess,345,64.0,59
plasma_cytokine,valid_shuffle_before_loess,346,41.0,64
plasma_cytokine,valid_shuffle_before_loess,347,45.0,58
plasma_cytokine,valid_shuffle_before_loess,348,40.0,57
plasma_cytokine,valid_shuffle_before_loess,349,40.0,60
plasma_cytokine,valid_shuffle_before_loess,350,44.0,63
plasma_cytokine,valid_shuffle_before_loess,351,51.0,60
plasma_cytokine,valid_shuffle_before_loess,352,40.0,61
plasma_cytokine,valid_shuffle_before_loess,353,43.0,53
plasma_cytokine,valid_shuffle_before_loess,354,40.0,63
plasma_cytokine,valid_shuffle_before_loess,355,44.0,57
plasma_cytokine,valid_shuffle_before_loess,356,40.0,57
plasma_cytokine,valid_shuffle_before_loess,357,56.0,63
plasma_cytokine,valid_shuffle_before_loess,358,43.0,61
plasma_cytokine,valid_shuffle_before_loess,359,61.0,61
plasma_cytokine,valid_shuffle_before_loess,360,45.0,58
plasma_cytokine,valid_shuffle_before_loess,361,42.0,63
plasma_cytokine,valid_shuffle_before_loess,362,42.0,61
plasma_cytokine,valid_shuffle_before_loess,363,47.0,62
plasma_cytokine,valid_shuffle_before_loess,364,51.0,61
plasma_cytokine,valid_shuffle_before_loess,365,64.0,59
plasma_cytokine,valid_shuffle_before_loess,366,42.0,63
plasma_cytokine,valid_shuffle_before_loess,367,40.0,65
plasma_cytokine,valid_shuffle_before_loess,368,44.0,63
plasma_cytokine,valid_shuffle_before_loess,369,40.0,59
plasma_cytokine,valid_shuffle_before_loess,370,57.0,63
plasma_cytokine,valid_shuffle_before_loess,371,44.0,63
plasma_cytokine,valid_shuffle_before_loess,372,45.0,63
plasma_cytokine,valid_shuffle_before_loess,373,47.0,63
plasma_cytokine,valid_shuffle_before_loess,374,40.0,60
plasma_cytokine,valid_shuffle_before_loess,375,40.0,56
plasma_cytokine,valid_shuffle_before_loess,376,45.0,58
plasma_cytokine,valid_shuffle_before_loess,377,40.0,58
plasma_cytokine,valid_shuffle_before_loess,378,44.0,62
plasma_cytokine,valid_shuffle_before_loess,379,40.0,55
plasma_cytokine,valid_shuffle_before_loess,380,46.0,64
plasma_cytokine,valid_shuffle_before_loess,381,49.0,58
plasma_cytokine,valid_shuffle_before_loess,382,42.0,58
plasma_cytokine,valid_shuffle_before_loess,383,63.0,60
plasma_cytokine,valid_shuffle_before_loess,384,44.0,64
plasma_cytokine,valid_shuffle_before_loess,385,51.0,62
plasma_cytokine,valid_shuffle_before_loess,386,41.0,62
plasma_cytokine,valid_shuffle_before_loess,387,41.0,55
plasma_cytokine,valid_shuffle_before_loess,388,46.0,60
plasma_cytokine,valid_shuffle_before_loess,389,52.0,63
plasma_cytokine,valid_shuffle_before_loess,390,41.0,60
plasma_cytokine,valid_shuffle_before_loess,391,44.0,57
plasma_cytokine,valid_shuffle_before_loess,392,51.0,59
plasma_cytokine,valid_shuffle_before_loess,393,41.0,65
plasma_cytokine,valid_shuffle_before_loess,394,64.0,63
plasma_cytokine,valid_shuffle_before_loess,395,57.0,58
plasma_cytokine,valid_shuffle_before_loess,396,51.0,58
plasma_cytokine,valid_shuffle_before_loess,397,42.0,61
plasma_cytokine,valid_shuffle_before_loess,398,59.0,62
plasma_cytokine,valid_shuffle_before_loess,399,46.0,57
plasma_cytokine,valid_shuffle_before_loess,400,42.0,62
plasma_cytokine,valid_shuffle_before_loess,401,40.0,55
plasma_cytokine,valid_shuffle_before_loess,402,49.0,60
plasma_cytokine,valid_shuffle_before_loess,403,49.0,62
plasma_cytokine,valid_shuffle_before_loess,404,46.0,61
plasma_cytokine,valid_shuffle_before_loess,405,43.0,62
plasma_cytokine,valid_shuffle_before_loess,406,41.0,60
plasma_cytokine,valid_shuffle_before_loess,407,44.0,57
plasma_cytokine,valid_shuffle_before_loess,408,42.0,64
plasma_cytokine,valid_shuffle_before_loess,409,40.0,59
plasma_cytokine,valid_shuffle_before_loess,410,40.0,64
plasma_cytokine,valid_shuffle_before_loess,411,40.0,61
plasma_cytokine,valid_shuffle_before_loess,412,43.0,53
plasma_cytokine,valid_shuffle_before_loess,413,43.0,60
plasma_cytokine,valid_shuffle_before_loess,414,40.0,63
plasma_cytokine,valid_shuffle_before_loess,415,42.0,59
plasma_cytokine,valid_shuffle_before_loess,416,40.0,62
plasma_cytokine,valid_shuffle_before_loess,417,50.0,56
plasma_cytokine,valid_shuffle_before_loess,418,40.0,57
plasma_cytokine,valid_shuffle_before_loess,419,40.0,58
plasma_cytokine,valid_shuffle_before_loess,420,40.0,59
plasma_cytokine,valid_shuffle_before_loess,421,42.0,60
plasma_cytokine,valid_shuffle_before_loess,422,61.0,59
plasma_cytokine,valid_shuffle_before_loess,423,56.0,59
plasma_cytokine,valid_shuffle_before_loess,424,41.0,62
plasma_cytokine,valid_shuffle_before_loess,425,45.0,62
plasma_cytokine,valid_shuffle_before_loess,426,40.0,64
plasma_cytokine,valid_shuffle_before_loess,427,43.0,64
plasma_cytokine,valid_shuffle_before_loess,428,59.0,55
plasma_cytokine,valid_shuffle_before_loess,429,50.0,64
plasma_cytokine,valid_shuffle_before_loess,430,48.0,60
plasma_cytokine,valid_shuffle_before_loess,431,48.0,59
plasma_cytokine,valid_shuffle_before_loess,432,42.0,59
plasma_cytokine,valid_shuffle_before_loess,433,45.0,61
plasma_cytokine,valid_shuffle_before_loess,434,47.0,58
plasma_cytokine,valid_shuffle_before_loess,435,60.0,56
plasma_cytokine,valid_shuffle_before_loess,436,52.0,55
plasma_cytokine,valid_shuffle_before_loess,437,63.0,60
plasma_cytokine,valid_shuffle_before_loess,438,41.0,64
plasma_cytokine,valid_shuffle_before_loess,439,42.0,65
plasma_cytokine,valid_shuffle_before_loess,440,46.0,59
plasma_cytokine,valid_shuffle_before_loess,441,43.0,55
plasma_cytokine,valid_shuffle_before_loess,442,47.0,58
plasma_cytokine,valid_shuffle_before_loess,443,40.0,61
plasma_cytokine,valid_shuffle_before_loess,444,40.0,61
plasma_cytokine,valid_shuffle_before_loess,445,46.0,62
plasma_cytokine,valid_shuffle_before_loess,446,57.0,46
plasma_cytokine,valid_shuffle_before_loess,447,60.0,62
plasma_cytokine,valid_shuffle_before_loess,448,44.0,63
plasma_cytokine,valid_shuffle_before_loess,449,53.0,58
plasma_cytokine,valid_shuffle_before_loess,450,47.0,64
plasma_cytokine,valid_shuffle_before_loess,451,42.0,56
plasma_cytokine,valid_shuffle_before_loess,452,53.0,58
plasma_cytokine,valid_shuffle_before_loess,453,42.0,63
plasma_cytokine,valid_shuffle_before_loess,454,60.0,65
plasma_cytokine,valid_shuffle_before_loess,455,43.0,63
plasma_cytokine,valid_shuffle_before_loess,456,44.0,61
plasma_cytokine,valid_shuffle_before_loess,457,55.0,58
plasma_cytokine,valid_shuffle_before_loess,458,61.0,55
plasma_cytokine,valid_shuffle_before_loess,459,60.0,59
plasma_cytokine,valid_shuffle_before_loess,460,51.0,64
plasma_cytokine,valid_shuffle_before_loess,461,41.0,58
plasma_cytokine,valid_shuffle_before_loess,462,45.0,61
plasma_cytokine,valid_shuffle_before_loess,463,43.0,64
plasma_cytokine,valid_shuffle_before_loess,464,47.0,56
plasma_cytokine,valid_shuffle_before_loess,465,44.0,58
plasma_cytokine,valid_shuffle_before_loess,466,41.0,61
plasma_cytokine,valid_shuffle_before_loess,467,44.0,62
plasma_cytokine,valid_shuffle_before_loess,468,48.0,65
plasma_cytokine,valid_shuffle_before_loess,469,45.0,63
plasma_cytokine,valid_shuffle_before_loess,470,48.0,59
plasma_cytokine,valid_shuffle_before_loess,471,55.0,63
plasma_cytokine,valid_shuffle_before_loess,472,48.0,58
plasma_cytokine,valid_shuffle_before_loess,473,40.0,56
plasma_cytokine,valid_shuffle_before_loess,474,46.0,60
plasma_cytokine,valid_shuffle_before_loess,475,51.0,62
plasma_cytokine,valid_shuffle_before_loess,476,40.0,61
plasma_cytokine,valid_shuffle_before_loess,477,52.0,61
plasma_cytokine,valid_shuffle_before_loess,478,48.0,58
plasma_cytokine,valid_shuffle_before_loess,479,40.0,61
plasma_cytokine,valid_shuffle_before_loess,480,47.0,62
plasma_cytokine,valid_shuffle_before_loess,481,41.0,60
plasma_cytokine,valid_shuffle_before_loess,482,42.0,58
plasma_cytokine,valid_shuffle_before_loess,483,62.0,61
plasma_cytokine,valid_shuffle_before_loess,484,41.0,60
plasma_cytokine,valid_shuffle_before_loess,485,40.0,56
plasma_cytokine,valid_shuffle_before_loess,486,58.0,63
plasma_cytokine,valid_shuffle_before_loess,487,40.0,62
plasma_cytokine,valid_shuffle_before_loess,488,40.0,63
plasma_cytokine,valid_shuffle_before_loess,489,48.0,62
plasma_cytokine,valid_shuffle_before_loess,490,56.0,60
plasma_cytokine,valid_shuffle_before_loess,491,53.0,58
plasma_cytokine,valid_shuffle_before_loess,492,46.0,51
plasma_cytokine,valid_shuffle_before_loess,493,58.0,59
plasma_cytokine,valid_shuffle_before_loess,494,40.0,61
plasma_cytokine,valid_shuffle_before_loess,495,40.0,60
plasma_cytokine,valid_shuffle_before_loess,496,53.0,58
plasma_cytokine,valid_shuffle_before_loess,497,44.0,61
plasma_cytokine,valid_shuffle_before_loess,498,49.0,63
plasma_cytokine,valid_shuffle_before_loess,499,42.0,65
plasma_cytokine,valid_shuffle_before_loess,500,64.0,52
plasma_cytokine,valid_shuffle_before_loess,501,40.0,59
plasma_cytokine,valid_shuffle_before_loess,502,60.0,63
plasma_cytokine,valid_shuffle_before_loess,503,62.0,56
plasma_cytokine,valid_shuffle_before_loess,504,64.0,56
plasma_cytokine,valid_shuffle_before_loess,505,40.0,61
plasma_cytokine,valid_shuffle_before_loess,506,40.0,60
plasma_cytokine,valid_shuffle_before_loess,507,62.0,58
plasma_cytokine,valid_shuffle_before_loess,508,46.0,62
plasma_cytokine,valid_shuffle_before_loess,509,59.0,61
plasma_cytokine,valid_shuffle_before_loess,510,53.0,58
plasma_cytokine,valid_shuffle_before_loess,511,44.0,59
plasma_cytokine,valid_shuffle_before_loess,512,40.0,60
plasma_cytokine,valid_shuffle_before_loess,513,60.0,58
plasma_cytokine,valid_shuffle_before_loess,514,40.0,62
plasma_cytokine,valid_shuffle_before_loess,515,47.0,62
plasma_cytokine,valid_shuffle_before_loess,516,64.0,58
plasma_cytokine,valid_shuffle_before_loess,517,45.0,59
plasma_cytokine,valid_shuffle_before_loess,518,46.0,63
plasma_cytokine,valid_shuffle_before_loess,519,46.0,62
plasma_cytokine,valid_shuffle_before_loess,520,42.0,59
plasma_cytokine,valid_shuffle_before_loess,521,61.0,63
plasma_cytokine,valid_shuffle_before_loess,522,40.0,62
plasma_cytokine,valid_shuffle_before_loess,523,42.0,64
plasma_cytokine,valid_shuffle_before_loess,524,42.0,58
plasma_cytokine,valid_shuffle_before_loess,525,59.0,64
plasma_cytokine,valid_shuffle_before_loess,526,40.0,65
plasma_cytokine,valid_shuffle_before_loess,527,42.0,61
plasma_cytokine,valid_shuffle_before_loess,528,40.0,63
plasma_cytokine,valid_shuffle_before_loess,529,48.0,63
plasma_cytokine,valid_shuffle_before_loess,530,59.0,61
plasma_cytokine,valid_shuffle_before_loess,531,43.0,53
plasma_cytokine,valid_shuffle_before_loess,532,59.0,60
plasma_cytokine,valid_shuffle_before_loess,533,41.0,65
plasma_cytokine,valid_shuffle_before_loess,534,42.0,60
plasma_cytokine,valid_shuffle_before_loess,535,40.0,64
plasma_cytokine,valid_shuffle_before_loess,536,40.0,58
plasma_cytokine,valid_shuffle_before_loess,537,40.0,60
plasma_cytokine,valid_shuffle_before_loess,538,48.0,61
plasma_cytokine,valid_shuffle_before_loess,539,40.0,61
plasma_cytokine,valid_shuffle_before_loess,540,64.0,61
plasma_cytokine,valid_shuffle_before_loess,541,54.0,58
plasma_cytokine,valid_shuffle_before_loess,542,44.0,63
plasma_cytokine,valid_shuffle_before_loess,543,43.0,62
plasma_cytokine,valid_shuffle_before_loess,544,40.0,47
plasma_cytokine,valid_shuffle_before_loess,545,40.0,62
plasma_cytokine,valid_shuffle_before_loess,546,40.0,62
plasma_cytokine,valid_shuffle_before_loess,547,59.0,61
plasma_cytokine,valid_shuffle_before_loess,548,45.0,62
plasma_cytokine,valid_shuffle_before_loess,549,45.0,64
plasma_cytokine,valid_shuffle_before_loess,550,41.0,64
plasma_cytokine,valid_shuffle_before_loess,551,40.0,60
plasma_cytokine,valid_shuffle_before_loess,552,59.0,64
plasma_cytokine,valid_shuffle_before_loess,553,44.0,62
plasma_cytokine,valid_shuffle_before_loess,554,42.0,56
plasma_cytokine,valid_shuffle_before_loess,555,48.0,62
plasma_cytokine,valid_shuffle_before_loess,556,49.0,58
plasma_cytokine,valid_shuffle_before_loess,557,46.0,58
plasma_cytokine,valid_shuffle_before_loess,558,64.0,63
plasma_cytokine,valid_shuffle_before_loess,559,41.0,60
plasma_cytokine,valid_shuffle_before_loess,560,53.0,55
plasma_cytokine,valid_shuffle_before_loess,561,40.0,62
plasma_cytokine,valid_shuffle_before_loess,562,61.0,63
plasma_cytokine,valid_shuffle_before_loess,563,42.0,64
plasma_cytokine,valid_shuffle_before_loess,564,43.0,59
plasma_cytokine,valid_shuffle_before_loess,565,40.0,60
plasma_cytokine,valid_shuffle_before_loess,566,40.0,65
plasma_cytokine,valid_shuffle_before_loess,567,40.0,57
plasma_cytokine,valid_shuffle_before_loess,568,40.0,65
plasma_cytokine,valid_shuffle_before_loess,569,44.0,65
plasma_cytokine,valid_shuffle_before_loess,570,40.0,62
plasma_cytokine,valid_shuffle_before_loess,571,64.0,61
plasma_cytokine,valid_shuffle_before_loess,572,45.0,63
plasma_cytokine,valid_shuffle_before_loess,573,40.0,64
plasma_cytokine,valid_shuffle_before_loess,574,40.0,63
plasma_cytokine,valid_shuffle_before_loess,575,44.0,59
plasma_cytokine,valid_shuffle_before_loess,576,44.0,54
plasma_cytokine,valid_shuffle_before_loess,577,43.0,65
plasma_cytokine,valid_shuffle_before_loess,578,41.0,59
plasma_cytokine,valid_shuffle_before_loess,579,41.0,58
plasma_cytokine,valid_shuffle_before_loess,580,43.0,60
plasma_cytokine,valid_shuffle_before_loess,581,42.0,58
plasma_cytokine,valid_shuffle_before_loess,582,58.0,63
plasma_cytokine,valid_shuffle_before_loess,583,40.0,63
plasma_cytokine,valid_shuffle_before_loess,584,42.0,60
plasma_cytokine,valid_shuffle_before_loess,585,40.0,60
plasma_cytokine,valid_shuffle_before_loess,586,48.0,59
plasma_cytokine,valid_shuffle_before_loess,587,59.0,57
plasma_cytokine,valid_shuffle_before_loess,588,57.0,62
plasma_cytokine,valid_shuffle_before_loess,589,46.0,62
plasma_cytokine,valid_shuffle_before_loess,590,40.0,60
plasma_cytokine,valid_shuffle_before_loess,591,42.0,57
plasma_cytokine,valid_shuffle_before_loess,592,47.0,63
plasma_cytokine,valid_shuffle_before_loess,593,45.0,63
plasma_cytokine,valid_shuffle_before_loess,594,49.0,63
plasma_cytokine,valid_shuffle_before_loess,595,40.0,63
plasma_cytokine,valid_shuffle_before_loess,596,42.0,63
plasma_cytokine,valid_shuffle_before_loess,597,46.0,51
plasma_cytokine,valid_shuffle_before_loess,598,41.0,65
plasma_cytokine,valid_shuffle_before_loess,599,40.0,62
plasma_cytokine,valid_shuffle_before_loess,600,60.0,59
plasma_cytokine,valid_shuffle_before_loess,601,50.0,61
plasma_cytokine,valid_shuffle_before_loess,602,41.0,63
plasma_cytokine,valid_shuffle_before_loess,603,40.0,50
plasma_cytokine,valid_shuffle_before_loess,604,40.0,62
plasma_cytokine,valid_shuffle_before_loess,605,40.0,64
plasma_cytokine,valid_shuffle_before_loess,606,42.0,63
plasma_cytokine,valid_shuffle_before_loess,607,59.0,61
plasma_cytokine,valid_shuffle_before_loess,608,45.0,66
plasma_cytokine,valid_shuffle_before_loess,609,46.0,61
plasma_cytokine,valid_shuffle_before_loess,610,64.0,55
plasma_cytokine,valid_shuffle_before_loess,611,46.0,61
plasma_cytokine,valid_shuffle_before_loess,612,44.0,62
plasma_cytokine,valid_shuffle_before_loess,613,51.0,60
plasma_cytokine,valid_shuffle_before_loess,614,40.0,60
plasma_cytokine,valid_shuffle_before_loess,615,41.0,63
plasma_cytokine,valid_shuffle_before_loess,616,40.0,56
plasma_cytokine,valid_shuffle_before_loess,617,40.0,56
plasma_cytokine,valid_shuffle_before_loess,618,60.0,58
plasma_cytokine,valid_shuffle_before_loess,619,56.0,57
plasma_cytokine,valid_shuffle_before_loess,620,40.0,63
plasma_cytokine,valid_shuffle_before_loess,621,52.0,59
plasma_cytokine,valid_shuffle_before_loess,622,40.0,61
plasma_cytokine,valid_shuffle_before_loess,623,62.0,62
plasma_cytokine,valid_shuffle_before_loess,624,50.0,59
plasma_cytokine,valid_shuffle_before_loess,625,45.0,63
plasma_cytokine,valid_shuffle_before_loess,626,51.0,57
plasma_cytokine,valid_shuffle_before_loess,627,41.0,63
plasma_cytokine,valid_shuffle_before_loess,628,58.0,53
plasma_cytokine,valid_shuffle_before_loess,629,40.0,58
plasma_cytokine,valid_shuffle_before_loess,630,60.0,57
plasma_cytokine,valid_shuffle_before_loess,631,40.0,58
plasma_cytokine,valid_shuffle_before_loess,632,43.0,60
plasma_cytokine,valid_shuffle_before_loess,633,44.0,61
plasma_cytokine,valid_shuffle_before_loess,634,40.0,61
plasma_cytokine,valid_shuffle_before_loess,635,46.0,63
plasma_cytokine,valid_shuffle_before_loess,636,56.0,59
plasma_cytokine,valid_shuffle_before_loess,637,63.0,59
plasma_cytokine,valid_shuffle_before_loess,638,62.0,59
plasma_cytokine,valid_shuffle_before_loess,639,49.0,55
plasma_cytokine,valid_shuffle_before_loess,640,48.0,59
plasma_cytokine,valid_shuffle_before_loess,641,40.0,62
plasma_cytokine,valid_shuffle_before_loess,642,52.0,61
plasma_cytokine,valid_shuffle_before_loess,643,43.0,57
plasma_cytokine,valid_shuffle_before_loess,644,40.0,62
plasma_cytokine,valid_shuffle_before_loess,645,41.0,55
plasma_cytokine,valid_shuffle_before_loess,646,61.0,58
plasma_cytokine,valid_shuffle_before_loess,647,41.0,61
plasma_cytokine,valid_shuffle_before_loess,648,40.0,59
plasma_cytokine,valid_shuffle_before_loess,649,51.0,62
plasma_cytokine,valid_shuffle_before_loess,650,41.0,61
plasma_cytokine,valid_shuffle_before_loess,651,40.0,65
plasma_cytokine,valid_shuffle_before_loess,652,40.0,60
plasma_cytokine,valid_shuffle_before_loess,653,42.0,62
plasma_cytokine,valid_shuffle_before_loess,654,46.0,62
plasma_cytokine,valid_shuffle_before_loess,655,45.0,63
plasma_cytokine,valid_shuffle_before_loess,656,43.0,57
plasma_cytokine,valid_shuffle_before_loess,657,43.0,62
plasma_cytokine,valid_shuffle_before_loess,658,43.0,60
plasma_cytokine,valid_shuffle_before_loess,659,40.0,64
plasma_cytokine,valid_shuffle_before_loess,660,48.0,61
plasma_cytokine,valid_shuffle_before_loess,661,52.0,55
plasma_cytokine,valid_shuffle_before_loess,662,63.0,59
plasma_cytokine,valid_shuffle_before_loess,663,40.0,62
plasma_cytokine,valid_shuffle_before_loess,664,45.0,45
plasma_cytokine,valid_shuffle_before_loess,665,41.0,63
plasma_cytokine,valid_shuffle_before_loess,666,42.0,63
plasma_cytokine,valid_shuffle_before_loess,667,47.0,59
plasma_cytokine,valid_shuffle_before_loess,668,41.0,63
plasma_cytokine,valid_shuffle_before_loess,669,61.0,62
plasma_cytokine,valid_shuffle_before_loess,670,57.0,55
plasma_cytokine,valid_shuffle_before_loess,671,40.0,61
plasma_cytokine,valid_shuffle_before_loess,672,62.0,59
plasma_cytokine,valid_shuffle_before_loess,673,52.0,60
plasma_cytokine,valid_shuffle_before_loess,674,54.0,57
plasma_cytokine,valid_shuffle_before_loess,675,40.0,63
plasma_cytokine,valid_shuffle_before_loess,676,44.0,64
plasma_cytokine,valid_shuffle_before_loess,677,43.0,63
plasma_cytokine,valid_shuffle_before_loess,678,51.0,63
plasma_cytokine,valid_shuffle_before_loess,679,41.0,63
plasma_cytokine,valid_shuffle_before_loess,680,60.0,63
plasma_cytokine,valid_shuffle_before_loess,681,46.0,60
plasma_cytokine,valid_shuffle_before_loess,682,44.0,63
plasma_cytokine,valid_shuffle_before_loess,683,40.0,59
plasma_cytokine,valid_shuffle_before_loess,684,44.0,60
plasma_cytokine,valid_shuffle_before_loess,685,40.0,60
plasma_cytokine,valid_shuffle_before_loess,686,42.0,62
plasma_cytokine,valid_shuffle_before_loess,687,47.0,63
plasma_cytokine,valid_shuffle_before_loess,688,64.0,58
plasma_cytokine,valid_shuffle_before_loess,689,40.0,62
plasma_cytokine,valid_shuffle_before_loess,690,50.0,52
plasma_cytokine,valid_shuffle_before_loess,691,63.0,63
plasma_cytokine,valid_shuffle_before_loess,692,50.0,62
plasma_cytokine,valid_shuffle_before_loess,693,48.0,63
plasma_cytokine,valid_shuffle_before_loess,694,41.0,63
plasma_cytokine,valid_shuffle_before_loess,695,46.0,64
plasma_cytokine,valid_shuffle_before_loess,696,44.0,64
plasma_cytokine,valid_shuffle_before_loess,697,43.0,54
plasma_cytokine,valid_shuffle_before_loess,698,57.0,62
plasma_cytokine,valid_shuffle_before_loess,699,41.0,54
plasma_cytokine,valid_shuffle_before_loess,700,41.0,58
plasma_cytokine,valid_shuffle_before_loess,701,46.0,57
plasma_cytokine,valid_shuffle_before_loess,702,52.0,61
plasma_cytokine,valid_shuffle_before_loess,703,45.0,57
plasma_cytokine,valid_shuffle_before_loess,704,43.0,58
plasma_cytokine,valid_shuffle_before_loess,705,61.0,64
plasma_cytokine,valid_shuffle_before_loess,706,40.0,64
plasma_cytokine,valid_shuffle_before_loess,707,43.0,63
plasma_cytokine,valid_shuffle_before_loess,708,54.0,60
plasma_cytokine,valid_shuffle_before_loess,709,40.0,62
plasma_cytokine,valid_shuffle_before_loess,710,40.0,63
plasma_cytokine,valid_shuffle_before_loess,711,45.0,64
plasma_cytokine,valid_shuffle_before_loess,712,40.0,60
plasma_cytokine,valid_shuffle_before_loess,713,58.0,58
plasma_cytokine,valid_shuffle_before_loess,714,43.0,61
plasma_cytokine,valid_shuffle_before_loess,715,53.0,62
plasma_cytokine,valid_shuffle_before_loess,716,61.0,59
plasma_cytokine,valid_shuffle_before_loess,717,43.0,64
plasma_cytokine,valid_shuffle_before_loess,718,42.0,57
plasma_cytokine,valid_shuffle_before_loess,719,49.0,64
plasma_cytokine,valid_shuffle_before_loess,720,41.0,61
plasma_cytokine,valid_shuffle_before_loess,721,54.0,63
plasma_cytokine,valid_shuffle_before_loess,722,40.0,59
plasma_cytokine,valid_shuffle_before_loess,723,46.0,60
plasma_cytokine,valid_shuffle_before_loess,724,40.0,62
plasma_cytokine,valid_shuffle_before_loess,725,45.0,62
plasma_cytokine,valid_shuffle_before_loess,726,40.0,61
plasma_cytokine,valid_shuffle_before_loess,727,57.0,61
plasma_cytokine,valid_shuffle_before_loess,728,47.0,63
plasma_cytokine,valid_shuffle_before_loess,729,43.0,58
plasma_cytokine,valid_shuffle_before_loess,730,49.0,59
plasma_cytokine,valid_shuffle_before_loess,731,40.0,58
plasma_cytokine,valid_shuffle_before_loess,732,42.0,54
plasma_cytokine,valid_shuffle_before_loess,733,63.0,62
plasma_cytokine,valid_shuffle_before_loess,734,44.0,58
plasma_cytokine,valid_shuffle_before_loess,735,60.0,62
plasma_cytokine,valid_shuffle_before_loess,736,43.0,56
plasma_cytokine,valid_shuffle_before_loess,737,63.0,58
plasma_cytokine,valid_shuffle_before_loess,738,50.0,59
plasma_cytokine,valid_shuffle_before_loess,739,41.0,62
plasma_cytokine,valid_shuffle_before_loess,740,41.0,63
plasma_cytokine,valid_shuffle_before_loess,741,53.0,63
plasma_cytokine,valid_shuffle_before_loess,742,44.0,59
plasma_cytokine,valid_shuffle_before_loess,743,49.0,60
plasma_cytokine,valid_shuffle_before_loess,744,42.0,62
plasma_cytokine,valid_shuffle_before_loess,745,59.0,60
plasma_cytokine,valid_shuffle_before_loess,746,42.0,65
plasma_cytokine,valid_shuffle_before_loess,747,42.0,63
plasma_cytokine,valid_shuffle_before_loess,748,42.0,63
plasma_cytokine,valid_shuffle_before_loess,749,62.0,61
plasma_cytokine,valid_shuffle_before_loess,750,41.0,59
plasma_cytokine,valid_shuffle_before_loess,751,58.0,62
plasma_cytokine,valid_shuffle_before_loess,752,61.0,58
plasma_cytokine,valid_shuffle_before_loess,753,44.0,64
plasma_cytokine,valid_shuffle_before_loess,754,52.0,58
plasma_cytokine,valid_shuffle_before_loess,755,43.0,65
plasma_cytokine,valid_shuffle_before_loess,756,40.0,56
plasma_cytokine,valid_shuffle_before_loess,757,54.0,60
plasma_cytokine,valid_shuffle_before_loess,758,41.0,61
plasma_cytokine,valid_shuffle_before_loess,759,60.0,63
plasma_cytokine,valid_shuffle_before_loess,760,46.0,62
plasma_cytokine,valid_shuffle_before_loess,761,45.0,64
plasma_cytokine,valid_shuffle_before_loess,762,49.0,64
plasma_cytokine,valid_shuffle_before_loess,763,40.0,61
plasma_cytokine,valid_shuffle_before_loess,764,62.0,58
plasma_cytokine,valid_shuffle_before_loess,765,46.0,59
plasma_cytokine,valid_shuffle_before_loess,766,59.0,60
plasma_cytokine,valid_shuffle_before_loess,767,63.0,58
plasma_cytokine,valid_shuffle_before_loess,768,41.0,56
plasma_cytokine,valid_shuffle_before_loess,769,40.0,66
plasma_cytokine,valid_shuffle_before_loess,770,40.0,61
plasma_cytokine,valid_shuffle_before_loess,771,41.0,60
plasma_cytokine,valid_shuffle_before_loess,772,48.0,62
plasma_cytokine,valid_shuffle_before_loess,773,54.0,60
plasma_cytokine,valid_shuffle_before_loess,774,62.0,63
plasma_cytokine,valid_shuffle_before_loess,775,48.0,61
plasma_cytokine,valid_shuffle_before_loess,776,41.0,62
plasma_cytokine,valid_shuffle_before_loess,777,40.0,63
plasma_cytokine,valid_shuffle_before_loess,778,40.0,53
plasma_cytokine,valid_shuffle_before_loess,779,43.0,64
plasma_cytokine,valid_shuffle_before_loess,780,64.0,57
plasma_cytokine,valid_shuffle_before_loess,781,47.0,61
plasma_cytokine,valid_shuffle_before_loess,782,41.0,61
plasma_cytokine,valid_shuffle_before_loess,783,40.0,58
plasma_cytokine,valid_shuffle_before_loess,784,40.0,64
plasma_cytokine,valid_shuffle_before_loess,785,40.0,60
plasma_cytokine,valid_shuffle_before_loess,786,40.0,62
plasma_cytokine,valid_shuffle_before_loess,787,41.0,61
plasma_cytokine,valid_shuffle_before_loess,788,55.0,58
plasma_cytokine,valid_shuffle_before_loess,789,41.0,58
plasma_cytokine,valid_shuffle_before_loess,790,60.0,59
plasma_cytokine,valid_shuffle_before_loess,791,41.0,57
plasma_cytokine,valid_shuffle_before_loess,792,54.0,61
plasma_cytokine,valid_shuffle_before_loess,793,64.0,64
plasma_cytokine,valid_shuffle_before_loess,794,63.0,57
plasma_cytokine,valid_shuffle_before_loess,795,46.0,60
plasma_cytokine,valid_shuffle_before_loess,796,42.0,60
plasma_cytokine,valid_shuffle_before_loess,797,42.0,60
plasma_cytokine,valid_shuffle_before_loess,798,42.0,60
plasma_cytokine,valid_shuffle_before_loess,799,46.0,62
plasma_cytokine,valid_shuffle_before_loess,800,64.0,60
plasma_cytokine,valid_shuffle_before_loess,801,44.0,61
plasma_cytokine,valid_shuffle_before_loess,802,60.0,53
plasma_cytokine,valid_shuffle_before_loess,803,41.0,64
plasma_cytokine,valid_shuffle_before_loess,804,44.0,61
plasma_cytokine,valid_shuffle_before_loess,805,46.0,62
plasma_cytokine,valid_shuffle_before_loess,806,40.0,65
plasma_cytokine,valid_shuffle_before_loess,807,64.0,62
plasma_cytokine,valid_shuffle_before_loess,808,43.0,62
plasma_cytokine,valid_shuffle_before_loess,809,63.0,59
plasma_cytokine,valid_shuffle_before_loess,810,45.0,58
plasma_cytokine,valid_shuffle_before_loess,811,43.0,57
plasma_cytokine,valid_shuffle_before_loess,812,45.0,57
plasma_cytokine,valid_shuffle_before_loess,813,44.0,61
plasma_cytokine,valid_shuffle_before_loess,814,40.0,64
plasma_cytokine,valid_shuffle_before_loess,815,49.0,64
plasma_cytokine,valid_shuffle_before_loess,816,51.0,58
plasma_cytokine,valid_shuffle_before_loess,817,42.0,59
plasma_cytokine,valid_shuffle_before_loess,818,42.0,64
plasma_cytokine,valid_shuffle_before_loess,819,42.0,61
plasma_cytokine,valid_shuffle_before_loess,820,52.0,62
plasma_cytokine,valid_shuffle_before_loess,821,58.0,59
plasma_cytokine,valid_shuffle_before_loess,822,43.0,56
plasma_cytokine,valid_shuffle_before_loess,823,40.0,65
plasma_cytokine,valid_shuffle_before_loess,824,61.0,54
plasma_cytokine,valid_shuffle_before_loess,825,43.0,62
plasma_cytokine,valid_shuffle_before_loess,826,41.0,60
plasma_cytokine,valid_shuffle_before_loess,827,42.0,59
plasma_cytokine,valid_shuffle_before_loess,828,46.0,51
plasma_cytokine,valid_shuffle_before_loess,829,43.0,54
plasma_cytokine,valid_shuffle_before_loess,830,40.0,57
plasma_cytokine,valid_shuffle_before_loess,831,51.0,63
plasma_cytokine,valid_shuffle_before_loess,832,55.0,57
plasma_cytokine,valid_shuffle_before_loess,833,62.0,57
plasma_cytokine,valid_shuffle_before_loess,834,54.0,63
plasma_cytokine,valid_shuffle_before_loess,835,40.0,58
plasma_cytokine,valid_shuffle_before_loess,836,41.0,61
plasma_cytokine,valid_shuffle_before_loess,837,60.0,56
plasma_cytokine,valid_shuffle_before_loess,838,47.0,59
plasma_cytokine,valid_shuffle_before_loess,839,57.0,60
plasma_cytokine,valid_shuffle_before_loess,840,40.0,62
plasma_cytokine,valid_shuffle_before_loess,841,40.0,61
plasma_cytokine,valid_shuffle_before_loess,842,40.0,65
plasma_cytokine,valid_shuffle_before_loess,843,46.0,64
plasma_cytokine,valid_shuffle_before_loess,844,41.0,61
plasma_cytokine,valid_shuffle_before_loess,845,43.0,61
plasma_cytokine,valid_shuffle_before_loess,846,44.0,58
plasma_cytokine,valid_shuffle_before_loess,847,48.0,63
plasma_cytokine,valid_shuffle_before_loess,848,60.0,63
plasma_cytokine,valid_shuffle_before_loess,849,40.0,60
plasma_cytokine,valid_shuffle_before_loess,850,43.0,59
plasma_cytokine,valid_shuffle_before_loess,851,59.0,61
plasma_cytokine,valid_shuffle_before_loess,852,59.0,60
plasma_cytokine,valid_shuffle_before_loess,853,40.0,64
plasma_cytokine,valid_shuffle_before_loess,854,57.0,64
plasma_cytokine,valid_shuffle_before_loess,855,40.0,63
plasma_cytokine,valid_shuffle_before_loess,856,40.0,64
plasma_cytokine,valid_shuffle_before_loess,857,60.0,63
plasma_cytokine,valid_shuffle_before_loess,858,44.0,59
plasma_cytokine,valid_shuffle_before_loess,859,40.0,49
plasma_cytokine,valid_shuffle_before_loess,860,64.0,60
plasma_cytokine,valid_shuffle_before_loess,861,44.0,63
plasma_cytokine,valid_shuffle_before_loess,862,44.0,59
plasma_cytokine,valid_shuffle_before_loess,863,57.0,58
plasma_cytokine,valid_shuffle_before_loess,864,40.0,66
plasma_cytokine,valid_shuffle_before_loess,865,43.0,59
plasma_cytokine,valid_shuffle_before_loess,866,45.0,58
plasma_cytokine,valid_shuffle_before_loess,867,47.0,62
plasma_cytokine,valid_shuffle_before_loess,868,42.0,64
plasma_cytokine,valid_shuffle_before_loess,869,56.0,61
plasma_cytokine,valid_shuffle_before_loess,870,40.0,63
plasma_cytokine,valid_shuffle_before_loess,871,41.0,61
plasma_cytokine,valid_shuffle_before_loess,872,42.0,63
plasma_cytokine,valid_shuffle_before_loess,873,45.0,65
plasma_cytokine,valid_shuffle_before_loess,874,46.0,59
plasma_cytokine,valid_shuffle_before_loess,875,60.0,59
plasma_cytokine,valid_shuffle_before_loess,876,55.0,60
plasma_cytokine,valid_shuffle_before_loess,877,43.0,59
plasma_cytokine,valid_shuffle_before_loess,878,40.0,54
plasma_cytokine,valid_shuffle_before_loess,879,62.0,60
plasma_cytokine,valid_shuffle_before_loess,880,55.0,60
plasma_cytokine,valid_shuffle_before_loess,881,41.0,56
plasma_cytokine,valid_shuffle_before_loess,882,61.0,60
plasma_cytokine,valid_shuffle_before_loess,883,40.0,59
plasma_cytokine,valid_shuffle_before_loess,884,64.0,65
plasma_cytokine,valid_shuffle_before_loess,885,41.0,54
plasma_cytokine,valid_shuffle_before_loess,886,44.0,58
plasma_cytokine,valid_shuffle_before_loess,887,40.0,62
plasma_cytokine,valid_shuffle_before_loess,888,47.0,64
plasma_cytokine,valid_shuffle_before_loess,889,45.0,56
plasma_cytokine,valid_shuffle_before_loess,890,59.0,61
plasma_cytokine,valid_shuffle_before_loess,891,40.0,62
plasma_cytokine,valid_shuffle_before_loess,892,40.0,64
plasma_cytokine,valid_shuffle_before_loess,893,40.0,59
plasma_cytokine,valid_shuffle_before_loess,894,40.0,61
plasma_cytokine,valid_shuffle_before_loess,895,42.0,61
plasma_cytokine,valid_shuffle_before_loess,896,46.0,63
plasma_cytokine,valid_shuffle_before_loess,897,47.0,58
plasma_cytokine,valid_shuffle_before_loess,898,40.0,56
plasma_cytokine,valid_shuffle_before_loess,899,41.0,64
plasma_cytokine,valid_shuffle_before_loess,900,40.0,65
plasma_cytokine,valid_shuffle_before_loess,901,52.0,60
plasma_cytokine,valid_shuffle_before_loess,902,41.0,59
plasma_cytokine,valid_shuffle_before_loess,903,64.0,64
plasma_cytokine,valid_shuffle_before_loess,904,61.0,63
plasma_cytokine,valid_shuffle_before_loess,905,40.0,62
plasma_cytokine,valid_shuffle_before_loess,906,43.0,61
plasma_cytokine,valid_shuffle_before_loess,907,41.0,53
plasma_cytokine,valid_shuffle_before_loess,908,58.0,65
plasma_cytokine,valid_shuffle_before_loess,909,43.0,63
plasma_cytokine,valid_shuffle_before_loess,910,41.0,59
plasma_cytokine,valid_shuffle_before_loess,911,47.0,54
plasma_cytokine,valid_shuffle_before_loess,912,40.0,61
plasma_cytokine,valid_shuffle_before_loess,913,47.0,60
plasma_cytokine,valid_shuffle_before_loess,914,40.0,60
plasma_cytokine,valid_shuffle_before_loess,915,60.0,57
plasma_cytokine,valid_shuffle_before_loess,916,60.0,55
plasma_cytokine,valid_shuffle_before_loess,917,63.0,60
plasma_cytokine,valid_shuffle_before_loess,918,60.0,60
plasma_cytokine,valid_shuffle_before_loess,919,40.0,63
plasma_cytokine,valid_shuffle_before_loess,920,41.0,60
plasma_cytokine,valid_shuffle_before_loess,921,64.0,58
plasma_cytokine,valid_shuffle_before_loess,922,41.0,61
plasma_cytokine,valid_shuffle_before_loess,923,45.0,63
plasma_cytokine,valid_shuffle_before_loess,924,64.0,60
plasma_cytokine,valid_shuffle_before_loess,925,63.0,64
plasma_cytokine,valid_shuffle_before_loess,926,61.0,57
plasma_cytokine,valid_shuffle_before_loess,927,41.0,61
plasma_cytokine,valid_shuffle_before_loess,928,40.0,63
plasma_cytokine,valid_shuffle_before_loess,929,42.0,59
plasma_cytokine,valid_shuffle_before_loess,930,42.0,61
plasma_cytokine,valid_shuffle_before_loess,931,40.0,60
plasma_cytokine,valid_shuffle_before_loess,932,44.0,62
plasma_cytokine,valid_shuffle_before_loess,933,49.0,62
plasma_cytokine,valid_shuffle_before_loess,934,44.0,63
plasma_cytokine,valid_shuffle_before_loess,935,43.0,59
plasma_cytokine,valid_shuffle_before_loess,936,43.0,59
plasma_cytokine,valid_shuffle_before_loess,937,40.0,54
plasma_cytokine,valid_shuffle_before_loess,938,40.0,63
plasma_cytokine,valid_shuffle_before_loess,939,43.0,58
plasma_cytokine,valid_shuffle_before_loess,940,40.0,61
plasma_cytokine,valid_shuffle_before_loess,941,51.0,58
plasma_cytokine,valid_shuffle_before_loess,942,44.0,60
plasma_cytokine,valid_shuffle_before_loess,943,48.0,62
plasma_cytokine,valid_shuffle_before_loess,944,62.0,61
plasma_cytokine,valid_shuffle_before_loess,945,48.0,63
plasma_cytokine,valid_shuffle_before_loess,946,63.0,62
plasma_cytokine,valid_shuffle_before_loess,947,40.0,58
plasma_cytokine,valid_shuffle_before_loess,948,49.0,59
plasma_cytokine,valid_shuffle_before_loess,949,48.0,59
plasma_cytokine,valid_shuffle_before_loess,950,63.0,62
plasma_cytokine,valid_shuffle_before_loess,951,44.0,64
plasma_cytokine,valid_shuffle_before_loess,952,48.0,64
plasma_cytokine,valid_shuffle_before_loess,953,42.0,64
plasma_cytokine,valid_shuffle_before_loess,954,44.0,59
plasma_cytokine,valid_shuffle_before_loess,955,44.0,62
plasma_cytokine,valid_shuffle_before_loess,956,46.0,62
plasma_cytokine,valid_shuffle_before_loess,957,42.0,61
plasma_cytokine,valid_shuffle_before_loess,958,40.0,60
plasma_cytokine,valid_shuffle_before_loess,959,60.0,62
plasma_cytokine,valid_shuffle_before_loess,960,42.0,62
plasma_cytokine,valid_shuffle_before_loess,961,56.0,63
plasma_cytokine,valid_shuffle_before_loess,962,42.0,60
plasma_cytokine,valid_shuffle_before_loess,963,42.0,62
plasma_cytokine,valid_shuffle_before_loess,964,40.0,59
plasma_cytokine,valid_shuffle_before_loess,965,42.0,62
plasma_cytokine,valid_shuffle_before_loess,966,62.0,66
plasma_cytokine,valid_shuffle_before_loess,967,56.0,64
plasma_cytokine,valid_shuffle_before_loess,968,53.0,59
plasma_cytokine,valid_shuffle_before_loess,969,44.0,62
plasma_cytokine,valid_shuffle_before_loess,970,41.0,63
plasma_cytokine,valid_shuffle_before_loess,971,46.0,63
plasma_cytokine,valid_shuffle_before_loess,972,43.0,59
plasma_cytokine,valid_shuffle_before_loess,973,43.0,63
plasma_cytokine,valid_shuffle_before_loess,974,44.0,61
plasma_cytokine,valid_shuffle_before_loess,975,57.0,57
plasma_cytokine,valid_shuffle_before_loess,976,40.0,64
plasma_cytokine,valid_shuffle_before_loess,977,48.0,63
plasma_cytokine,valid_shuffle_before_loess,978,41.0,57
plasma_cytokine,valid_shuffle_before_loess,979,45.0,62
plasma_cytokine,valid_shuffle_before_loess,980,40.0,59
plasma_cytokine,valid_shuffle_before_loess,981,40.0,64
plasma_cytokine,valid_shuffle_before_loess,982,48.0,65
plasma_cytokine,valid_shuffle_before_loess,983,46.0,64
plasma_cytokine,valid_shuffle_before_loess,984,44.0,66
plasma_cytokine,valid_shuffle_before_loess,985,50.0,52
plasma_cytokine,valid_shuffle_before_loess,986,40.0,62
plasma_cytokine,valid_shuffle_before_loess,987,57.0,59
plasma_cytokine,valid_shuffle_before_loess,988,45.0,61
plasma_cytokine,valid_shuffle_before_loess,989,49.0,57
plasma_cytokine,valid_shuffle_before_loess,990,63.0,62
plasma_cytokine,valid_shuffle_before_loess,991,43.0,63
plasma_cytokine,valid_shuffle_before_loess,992,57.0,57
plasma_cytokine,valid_shuffle_before_loess,993,42.0,63
plasma_cytokine,valid_shuffle_before_loess,994,41.0,51
plasma_cytokine,valid_shuffle_before_loess,995,40.0,61
plasma_cytokine,valid_shuffle_before_loess,996,40.0,60
plasma_cytokine,valid_shuffle_before_loess,997,50.0,64
plasma_cytokine,valid_shuffle_before_loess,998,40.0,61
plasma_cytokine,valid_shuffle_before_loess,999,41.0,62
plasma_cytokine,invalid_shuffle_after_loess,0,,0
plasma_cytokine,invalid_shuffle_after_loess,1,,0
plasma_cytokine,invalid_shuffle_after_loess,2,64.0,6
plasma_cytokine,invalid_shuffle_after_loess,3,,0
plasma_cytokine,invalid_shuffle_after_loess,4,55.0,57
plasma_cytokine,invalid_shuffle_after_loess,5,,0
plasma_cytokine,invalid_shuffle_after_loess,6,40.0,1
plasma_cytokine,invalid_shuffle_after_loess,7,,0
plasma_cytokine,invalid_shuffle_after_loess,8,62.0,46
plasma_cytokine,invalid_shuffle_after_loess,9,,0
plasma_cytokine,invalid_shuffle_after_loess,10,56.0,1
plasma_cytokine,invalid_shuffle_after_loess,11,,0
plasma_cytokine,invalid_shuffle_after_loess,12,46.0,49
plasma_cytokine,invalid_shuffle_after_loess,13,,0
plasma_cytokine,invalid_shuffle_after_loess,14,,0
plasma_cytokine,invalid_shuffle_after_loess,15,,0
plasma_cytokine,invalid_shuffle_after_loess,16,41.0,9
plasma_cytokine,invalid_shuffle_after_loess,17,,0
plasma_cytokine,invalid_shuffle_after_loess,18,,0
plasma_cytokine,invalid_shuffle_after_loess,19,,0
plasma_cytokine,invalid_shuffle_after_loess,20,,0
plasma_cytokine,invalid_shuffle_after_loess,21,,0
plasma_cytokine,invalid_shuffle_after_loess,22,,0
plasma_cytokine,invalid_shuffle_after_loess,23,,0
plasma_cytokine,invalid_shuffle_after_loess,24,,0
plasma_cytokine,invalid_shuffle_after_loess,25,47.0,41
plasma_cytokine,invalid_shuffle_after_loess,26,,0
plasma_cytokine,invalid_shuffle_after_loess,27,,0
plasma_cytokine,invalid_shuffle_after_loess,28,,0
plasma_cytokine,invalid_shuffle_after_loess,29,,0
plasma_cytokine,invalid_shuffle_after_loess,30,,0
plasma_cytokine,invalid_shuffle_after_loess,31,,0
plasma_cytokine,invalid_shuffle_after_loess,32,,0
plasma_cytokine,invalid_shuffle_after_loess,33,,0
plasma_cytokine,invalid_shuffle_after_loess,34,,0
plasma_cytokine,invalid_shuffle_after_loess,35,,0
plasma_cytokine,invalid_shuffle_after_loess,36,,0
plasma_cytokine,invalid_shuffle_after_loess,37,,0
plasma_cytokine,invalid_shuffle_after_loess,38,56.0,1
plasma_cytokine,invalid_shuffle_after_loess,39,,0
plasma_cytokine,invalid_shuffle_after_loess,40,,0
plasma_cytokine,invalid_shuffle_after_loess,41,48.0,18
plasma_cytokine,invalid_shuffle_after_loess,42,,0
plasma_cytokine,invalid_shuffle_after_loess,43,,0
plasma_cytokine,invalid_shuffle_after_loess,44,,0
plasma_cytokine,invalid_shuffle_after_loess,45,,0
plasma_cytokine,invalid_shuffle_after_loess,46,61.0,28
plasma_cytokine,invalid_shuffle_after_loess,47,,0
plasma_cytokine,invalid_shuffle_after_loess,48,45.0,10
plasma_cytokine,invalid_shuffle_after_loess,49,,0
plasma_cytokine,invalid_shuffle_after_loess,50,,0
plasma_cytokine,invalid_shuffle_after_loess,51,,0
plasma_cytokine,invalid_shuffle_after_loess,52,,0
plasma_cytokine,invalid_shuffle_after_loess,53,43.0,1
plasma_cytokine,invalid_shuffle_after_loess,54,60.0,1
plasma_cytokine,invalid_shuffle_after_loess,55,45.0,3
plasma_cytokine,invalid_shuffle_after_loess,56,,0
plasma_cytokine,invalid_shuffle_after_loess,57,,0
plasma_cytokine,invalid_shuffle_after_loess,58,51.0,9
plasma_cytokine,invalid_shuffle_after_loess,59,,0
plasma_cytokine,invalid_shuffle_after_loess,60,,0
plasma_cytokine,invalid_shuffle_after_loess,61,,0
plasma_cytokine,invalid_shuffle_after_loess,62,,0
plasma_cytokine,invalid_shuffle_after_loess,63,47.0,32
plasma_cytokine,invalid_shuffle_after_loess,64,,0
plasma_cytokine,invalid_shuffle_after_loess,65,,0
plasma_cytokine,invalid_shuffle_after_loess,66,,0
plasma_cytokine,invalid_shuffle_after_loess,67,,0
plasma_cytokine,invalid_shuffle_after_loess,68,,0
plasma_cytokine,invalid_shuffle_after_loess,69,55.0,41
plasma_cytokine,invalid_shuffle_after_loess,70,,0
plasma_cytokine,invalid_shuffle_after_loess,71,,0
plasma_cytokine,invalid_shuffle_after_loess,72,,0
plasma_cytokine,invalid_shuffle_after_loess,73,,0
plasma_cytokine,invalid_shuffle_after_loess,74,,0
plasma_cytokine,invalid_shuffle_after_loess,75,47.0,1
plasma_cytokine,invalid_shuffle_after_loess,76,,0
plasma_cytokine,invalid_shuffle_after_loess,77,,0
plasma_cytokine,invalid_shuffle_after_loess,78,,0
plasma_cytokine,invalid_shuffle_after_loess,79,,0
plasma_cytokine,invalid_shuffle_after_loess,80,58.0,7
plasma_cytokine,invalid_shuffle_after_loess,81,,0
plasma_cytokine,invalid_shuffle_after_loess,82,,0
plasma_cytokine,invalid_shuffle_after_loess,83,48.0,24
plasma_cytokine,invalid_shuffle_after_loess,84,,0
plasma_cytokine,invalid_shuffle_after_loess,85,,0
plasma_cytokine,invalid_shuffle_after_loess,86,50.0,34
plasma_cytokine,invalid_shuffle_after_loess,87,,0
plasma_cytokine,invalid_shuffle_after_loess,88,,0
plasma_cytokine,invalid_shuffle_after_loess,89,,0
plasma_cytokine,invalid_shuffle_after_loess,90,,0
plasma_cytokine,invalid_shuffle_after_loess,91,52.0,9
plasma_cytokine,invalid_shuffle_after_loess,92,,0
plasma_cytokine,invalid_shuffle_after_loess,93,,0
plasma_cytokine,invalid_shuffle_after_loess,94,57.0,17
plasma_cytokine,invalid_shuffle_after_loess,95,,0
plasma_cytokine,invalid_shuffle_after_loess,96,,0
plasma_cytokine,invalid_shuffle_after_loess,97,59.0,29
plasma_cytokine,invalid_shuffle_after_loess,98,,0
plasma_cytokine,invalid_shuffle_after_loess,99,,0
plasma_cytokine,invalid_shuffle_after_loess,100,,0
plasma_cytokine,invalid_shuffle_after_loess,101,58.0,9
plasma_cytokine,invalid_shuffle_after_loess,102,52.0,1
plasma_cytokine,invalid_shuffle_after_loess,103,,0
plasma_cytokine,invalid_shuffle_after_loess,104,,0
plasma_cytokine,invalid_shuffle_after_loess,105,40.0,4
plasma_cytokine,invalid_shuffle_after_loess,106,56.0,7
plasma_cytokine,invalid_shuffle_after_loess,107,,0
plasma_cytokine,invalid_shuffle_after_loess,108,,0
plasma_cytokine,invalid_shuffle_after_loess,109,40.0,47
plasma_cytokine,invalid_shuffle_after_loess,110,,0
plasma_cytokine,invalid_shuffle_after_loess,111,,0
plasma_cytokine,invalid_shuffle_after_loess,112,,0
plasma_cytokine,invalid_shuffle_after_loess,113,,0
plasma_cytokine,invalid_shuffle_after_loess,114,,0
plasma_cytokine,invalid_shuffle_after_loess,115,,0
plasma_cytokine,invalid_shuffle_after_loess,116,,0
plasma_cytokine,invalid_shuffle_after_loess,117,,0
plasma_cytokine,invalid_shuffle_after_loess,118,41.0,9
plasma_cytokine,invalid_shuffle_after_loess,119,,0
plasma_cytokine,invalid_shuffle_after_loess,120,,0
plasma_cytokine,invalid_shuffle_after_loess,121,,0
plasma_cytokine,invalid_shuffle_after_loess,122,,0
plasma_cytokine,invalid_shuffle_after_loess,123,48.0,3
plasma_cytokine,invalid_shuffle_after_loess,124,,0
plasma_cytokine,invalid_shuffle_after_loess,125,,0
plasma_cytokine,invalid_shuffle_after_loess,126,,0
plasma_cytokine,invalid_shuffle_after_loess,127,,0
plasma_cytokine,invalid_shuffle_after_loess,128,44.0,18
plasma_cytokine,invalid_shuffle_after_loess,129,48.0,24
plasma_cytokine,invalid_shuffle_after_loess,130,,0
plasma_cytokine,invalid_shuffle_after_loess,131,,0
plasma_cytokine,invalid_shuffle_after_loess,132,,0
plasma_cytokine,invalid_shuffle_after_loess,133,,0
plasma_cytokine,invalid_shuffle_after_loess,134,54.0,42
plasma_cytokine,invalid_shuffle_after_loess,135,,0
plasma_cytokine,invalid_shuffle_after_loess,136,,0
plasma_cytokine,invalid_shuffle_after_loess,137,,0
plasma_cytokine,invalid_shuffle_after_loess,138,,0
plasma_cytokine,invalid_shuffle_after_loess,139,,0
plasma_cytokine,invalid_shuffle_after_loess,140,,0
plasma_cytokine,invalid_shuffle_after_loess,141,57.0,3
plasma_cytokine,invalid_shuffle_after_loess,142,,0
plasma_cytokine,invalid_shuffle_after_loess,143,,0
plasma_cytokine,invalid_shuffle_after_loess,144,,0
plasma_cytokine,invalid_shuffle_after_loess,145,,0
plasma_cytokine,invalid_shuffle_after_loess,146,,0
plasma_cytokine,invalid_shuffle_after_loess,147,56.0,37
plasma_cytokine,invalid_shuffle_after_loess,148,50.0,1
plasma_cytokine,invalid_shuffle_after_loess,149,,0
plasma_cytokine,invalid_shuffle_after_loess,150,,0
plasma_cytokine,invalid_shuffle_after_loess,151,61.0,34
plasma_cytokine,invalid_shuffle_after_loess,152,,0
plasma_cytokine,invalid_shuffle_after_loess,153,42.0,2
plasma_cytokine,invalid_shuffle_after_loess,154,,0
plasma_cytokine,invalid_shuffle_after_loess,155,,0
plasma_cytokine,invalid_shuffle_after_loess,156,,0
plasma_cytokine,invalid_shuffle_after_loess,157,53.0,39
plasma_cytokine,invalid_shuffle_after_loess,158,,0
plasma_cytokine,invalid_shuffle_after_loess,159,,0
plasma_cytokine,invalid_shuffle_after_loess,160,,0
plasma_cytokine,invalid_shuffle_after_loess,161,,0
plasma_cytokine,invalid_shuffle_after_loess,162,,0
plasma_cytokine,invalid_shuffle_after_loess,163,41.0,2
plasma_cytokine,invalid_shuffle_after_loess,164,,0
plasma_cytokine,invalid_shuffle_after_loess,165,,0
plasma_cytokine,invalid_shuffle_after_loess,166,,0
plasma_cytokine,invalid_shuffle_after_loess,167,,0
plasma_cytokine,invalid_shuffle_after_loess,168,,0
plasma_cytokine,invalid_shuffle_after_loess,169,,0
plasma_cytokine,invalid_shuffle_after_loess,170,64.0,15
plasma_cytokine,invalid_shuffle_after_loess,171,,0
plasma_cytokine,invalid_shuffle_after_loess,172,55.0,5
plasma_cytokine,invalid_shuffle_after_loess,173,,0
plasma_cytokine,invalid_shuffle_after_loess,174,59.0,1
plasma_cytokine,invalid_shuffle_after_loess,175,40.0,24
plasma_cytokine,invalid_shuffle_after_loess,176,,0
plasma_cytokine,invalid_shuffle_after_loess,177,,0
plasma_cytokine,invalid_shuffle_after_loess,178,,0
plasma_cytokine,invalid_shuffle_after_loess,179,50.0,26
plasma_cytokine,invalid_shuffle_after_loess,180,,0
plasma_cytokine,invalid_shuffle_after_loess,181,55.0,4
plasma_cytokine,invalid_shuffle_after_loess,182,57.0,46
plasma_cytokine,invalid_shuffle_after_loess,183,,0
plasma_cytokine,invalid_shuffle_after_loess,184,,0
plasma_cytokine,invalid_shuffle_after_loess,185,,0
plasma_cytokine,invalid_shuffle_after_loess,186,,0
plasma_cytokine,invalid_shuffle_after_loess,187,,0
plasma_cytokine,invalid_shuffle_after_loess,188,,0
plasma_cytokine,invalid_shuffle_after_loess,189,,0
plasma_cytokine,invalid_shuffle_after_loess,190,45.0,4
plasma_cytokine,invalid_shuffle_after_loess,191,,0
plasma_cytokine,invalid_shuffle_after_loess,192,52.0,28
plasma_cytokine,invalid_shuffle_after_loess,193,,0
plasma_cytokine,invalid_shuffle_after_loess,194,53.0,42
plasma_cytokine,invalid_shuffle_after_loess,195,64.0,30
plasma_cytokine,invalid_shuffle_after_loess,196,52.0,2
plasma_cytokine,invalid_shuffle_after_loess,197,,0
plasma_cytokine,invalid_shuffle_after_loess,198,,0
plasma_cytokine,invalid_shuffle_after_loess,199,,0
plasma_cytokine,invalid_shuffle_after_loess,200,,0
plasma_cytokine,invalid_shuffle_after_loess,201,54.0,24
plasma_cytokine,invalid_shuffle_after_loess,202,50.0,7
plasma_cytokine,invalid_shuffle_after_loess,203,,0
plasma_cytokine,invalid_shuffle_after_loess,204,,0
plasma_cytokine,invalid_shuffle_after_loess,205,42.0,38
plasma_cytokine,invalid_shuffle_after_loess,206,52.0,46
plasma_cytokine,invalid_shuffle_after_loess,207,,0
plasma_cytokine,invalid_shuffle_after_loess,208,,0
plasma_cytokine,invalid_shuffle_after_loess,209,,0
plasma_cytokine,invalid_shuffle_after_loess,210,,0
plasma_cytokine,invalid_shuffle_after_loess,211,,0
plasma_cytokine,invalid_shuffle_after_loess,212,,0
plasma_cytokine,invalid_shuffle_after_loess,213,,0
plasma_cytokine,invalid_shuffle_after_loess,214,,0
plasma_cytokine,invalid_shuffle_after_loess,215,40.0,2
plasma_cytokine,invalid_shuffle_after_loess,216,62.0,43
plasma_cytokine,invalid_shuffle_after_loess,217,,0
plasma_cytokine,invalid_shuffle_after_loess,218,,0
plasma_cytokine,invalid_shuffle_after_loess,219,,0
plasma_cytokine,invalid_shuffle_after_loess,220,,0
plasma_cytokine,invalid_shuffle_after_loess,221,49.0,10
plasma_cytokine,invalid_shuffle_after_loess,222,46.0,41
plasma_cytokine,invalid_shuffle_after_loess,223,,0
plasma_cytokine,invalid_shuffle_after_loess,224,,0
plasma_cytokine,invalid_shuffle_after_loess,225,,0
plasma_cytokine,invalid_shuffle_after_loess,226,,0
plasma_cytokine,invalid_shuffle_after_loess,227,56.0,10
plasma_cytokine,invalid_shuffle_after_loess,228,64.0,48
plasma_cytokine,invalid_shuffle_after_loess,229,,0
plasma_cytokine,invalid_shuffle_after_loess,230,,0
plasma_cytokine,invalid_shuffle_after_loess,231,63.0,15
plasma_cytokine,invalid_shuffle_after_loess,232,,0
plasma_cytokine,invalid_shuffle_after_loess,233,,0
plasma_cytokine,invalid_shuffle_after_loess,234,,0
plasma_cytokine,invalid_shuffle_after_loess,235,43.0,2
plasma_cytokine,invalid_shuffle_after_loess,236,63.0,17
plasma_cytokine,invalid_shuffle_after_loess,237,,0
plasma_cytokine,invalid_shuffle_after_loess,238,,0
plasma_cytokine,invalid_shuffle_after_loess,239,49.0,40
plasma_cytokine,invalid_shuffle_after_loess,240,,0
plasma_cytokine,invalid_shuffle_after_loess,241,,0
plasma_cytokine,invalid_shuffle_after_loess,242,,0
plasma_cytokine,invalid_shuffle_after_loess,243,59.0,13
plasma_cytokine,invalid_shuffle_after_loess,244,,0
plasma_cytokine,invalid_shuffle_after_loess,245,,0
plasma_cytokine,invalid_shuffle_after_loess,246,,0
plasma_cytokine,invalid_shuffle_after_loess,247,,0
plasma_cytokine,invalid_shuffle_after_loess,248,,0
plasma_cytokine,invalid_shuffle_after_loess,249,63.0,18
plasma_cytokine,invalid_shuffle_after_loess,250,44.0,4
plasma_cytokine,invalid_shuffle_after_loess,251,,0
plasma_cytokine,invalid_shuffle_after_loess,252,,0
plasma_cytokine,invalid_shuffle_after_loess,253,,0
plasma_cytokine,invalid_shuffle_after_loess,254,,0
plasma_cytokine,invalid_shuffle_after_loess,255,,0
plasma_cytokine,invalid_shuffle_after_loess,256,,0
plasma_cytokine,invalid_shuffle_after_loess,257,,0
plasma_cytokine,invalid_shuffle_after_loess,258,,0
plasma_cytokine,invalid_shuffle_after_loess,259,,0
plasma_cytokine,invalid_shuffle_after_loess,260,,0
plasma_cytokine,invalid_shuffle_after_loess,261,,0
plasma_cytokine,invalid_shuffle_after_loess,262,,0
plasma_cytokine,invalid_shuffle_after_loess,263,,0
plasma_cytokine,invalid_shuffle_after_loess,264,,0
plasma_cytokine,invalid_shuffle_after_loess,265,,0
plasma_cytokine,invalid_shuffle_after_loess,266,59.0,28
plasma_cytokine,invalid_shuffle_after_loess,267,,0
plasma_cytokine,invalid_shuffle_after_loess,268,,0
plasma_cytokine,invalid_shuffle_after_loess,269,46.0,21
plasma_cytokine,invalid_shuffle_after_loess,270,,0
plasma_cytokine,invalid_shuffle_after_loess,271,,0
plasma_cytokine,invalid_shuffle_after_loess,272,,0
plasma_cytokine,invalid_shuffle_after_loess,273,,0
plasma_cytokine,invalid_shuffle_after_loess,274,,0
plasma_cytokine,invalid_shuffle_after_loess,275,,0
plasma_cytokine,invalid_shuffle_after_loess,276,,0
plasma_cytokine,invalid_shuffle_after_loess,277,,0
plasma_cytokine,invalid_shuffle_after_loess,278,,0
plasma_cytokine,invalid_shuffle_after_loess,279,,0
plasma_cytokine,invalid_shuffle_after_loess,280,,0
plasma_cytokine,invalid_shuffle_after_loess,281,,0
plasma_cytokine,invalid_shuffle_after_loess,282,48.0,1
plasma_cytokine,invalid_shuffle_after_loess,283,,0
plasma_cytokine,invalid_shuffle_after_loess,284,,0
plasma_cytokine,invalid_shuffle_after_loess,285,,0
plasma_cytokine,invalid_shuffle_after_loess,286,,0
plasma_cytokine,invalid_shuffle_after_loess,287,,0
plasma_cytokine,invalid_shuffle_after_loess,288,,0
plasma_cytokine,invalid_shuffle_after_loess,289,,0
plasma_cytokine,invalid_shuffle_after_loess,290,57.0,2
plasma_cytokine,invalid_shuffle_after_loess,291,,0
plasma_cytokine,invalid_shuffle_after_loess,292,,0
plasma_cytokine,invalid_shuffle_after_loess,293,,0
plasma_cytokine,invalid_shuffle_after_loess,294,40.0,35
plasma_cytokine,invalid_shuffle_after_loess,295,,0
plasma_cytokine,invalid_shuffle_after_loess,296,,0
plasma_cytokine,invalid_shuffle_after_loess,297,,0
plasma_cytokine,invalid_shuffle_after_loess,298,54.0,48
plasma_cytokine,invalid_shuffle_after_loess,299,58.0,18
plasma_cytokine,invalid_shuffle_after_loess,300,58.0,11
plasma_cytokine,invalid_shuffle_after_loess,301,,0
plasma_cytokine,invalid_shuffle_after_loess,302,58.0,19
plasma_cytokine,invalid_shuffle_after_loess,303,,0
plasma_cytokine,invalid_shuffle_after_loess,304,,0
plasma_cytokine,invalid_shuffle_after_loess,305,,0
plasma_cytokine,invalid_shuffle_after_loess,306,44.0,32
plasma_cytokine,invalid_shuffle_after_loess,307,,0
plasma_cytokine,invalid_shuffle_after_loess,308,60.0,39
plasma_cytokine,invalid_shuffle_after_loess,309,,0
plasma_cytokine,invalid_shuffle_after_loess,310,,0
plasma_cytokine,invalid_shuffle_after_loess,311,,0
plasma_cytokine,invalid_shuffle_after_loess,312,,0
plasma_cytokine,invalid_shuffle_after_loess,313,,0
plasma_cytokine,invalid_shuffle_after_loess,314,,0
plasma_cytokine,invalid_shuffle_after_loess,315,,0
plasma_cytokine,invalid_shuffle_after_loess,316,43.0,31
plasma_cytokine,invalid_shuffle_after_loess,317,,0
plasma_cytokine,invalid_shuffle_after_loess,318,47.0,30
plasma_cytokine,invalid_shuffle_after_loess,319,,0
plasma_cytokine,invalid_shuffle_after_loess,320,,0
plasma_cytokine,invalid_shuffle_after_loess,321,,0
plasma_cytokine,invalid_shuffle_after_loess,322,,0
plasma_cytokine,invalid_shuffle_after_loess,323,51.0,35
plasma_cytokine,invalid_shuffle_after_loess,324,,0
plasma_cytokine,invalid_shuffle_after_loess,325,,0
plasma_cytokine,invalid_shuffle_after_loess,326,,0
plasma_cytokine,invalid_shuffle_after_loess,327,54.0,12
plasma_cytokine,invalid_shuffle_after_loess,328,,0
plasma_cytokine,invalid_shuffle_after_loess,329,,0
plasma_cytokine,invalid_shuffle_after_loess,330,,0
plasma_cytokine,invalid_shuffle_after_loess,331,57.0,42
plasma_cytokine,invalid_shuffle_after_loess,332,56.0,9
plasma_cytokine,invalid_shuffle_after_loess,333,,0
plasma_cytokine,invalid_shuffle_after_loess,334,,0
plasma_cytokine,invalid_shuffle_after_loess,335,,0
plasma_cytokine,invalid_shuffle_after_loess,336,,0
plasma_cytokine,invalid_shuffle_after_loess,337,,0
plasma_cytokine,invalid_shuffle_after_loess,338,,0
plasma_cytokine,invalid_shuffle_after_loess,339,,0
plasma_cytokine,invalid_shuffle_after_loess,340,40.0,1
plasma_cytokine,invalid_shuffle_after_loess,341,,0
plasma_cytokine,invalid_shuffle_after_loess,342,,0
plasma_cytokine,invalid_shuffle_after_loess,343,,0
plasma_cytokine,invalid_shuffle_after_loess,344,,0
plasma_cytokine,invalid_shuffle_after_loess,345,40.0,2
plasma_cytokine,invalid_shuffle_after_loess,346,,0
plasma_cytokine,invalid_shuffle_after_loess,347,,0
plasma_cytokine,invalid_shuffle_after_loess,348,,0
plasma_cytokine,invalid_shuffle_after_loess,349,60.0,46
plasma_cytokine,invalid_shuffle_after_loess,350,,0
plasma_cytokine,invalid_shuffle_after_loess,351,,0
plasma_cytokine,invalid_shuffle_after_loess,352,59.0,35
plasma_cytokine,invalid_shuffle_after_loess,353,,0
plasma_cytokine,invalid_shuffle_after_loess,354,,0
plasma_cytokine,invalid_shuffle_after_loess,355,,0
plasma_cytokine,invalid_shuffle_after_loess,356,,0
plasma_cytokine,invalid_shuffle_after_loess,357,,0
plasma_cytokine,invalid_shuffle_after_loess,358,,0
plasma_cytokine,invalid_shuffle_after_loess,359,,0
plasma_cytokine,invalid_shuffle_after_loess,360,60.0,29
plasma_cytokine,invalid_shuffle_after_loess,361,,0
plasma_cytokine,invalid_shuffle_after_loess,362,,0
plasma_cytokine,invalid_shuffle_after_loess,363,,0
plasma_cytokine,invalid_shuffle_after_loess,364,,0
plasma_cytokine,invalid_shuffle_after_loess,365,,0
plasma_cytokine,invalid_shuffle_after_loess,366,51.0,31
plasma_cytokine,invalid_shuffle_after_loess,367,,0
plasma_cytokine,invalid_shuffle_after_loess,368,,0
plasma_cytokine,invalid_shuffle_after_loess,369,,0
plasma_cytokine,invalid_shuffle_after_loess,370,,0
plasma_cytokine,invalid_shuffle_after_loess,371,,0
plasma_cytokine,invalid_shuffle_after_loess,372,,0
plasma_cytokine,invalid_shuffle_after_loess,373,,0
plasma_cytokine,invalid_shuffle_after_loess,374,,0
plasma_cytokine,invalid_shuffle_after_loess,375,40.0,29
plasma_cytokine,invalid_shuffle_after_loess,376,,0
plasma_cytokine,invalid_shuffle_after_loess,377,,0
plasma_cytokine,invalid_shuffle_after_loess,378,,0
plasma_cytokine,invalid_shuffle_after_loess,379,,0
plasma_cytokine,invalid_shuffle_after_loess,380,,0
plasma_cytokine,invalid_shuffle_after_loess,381,42.0,2
plasma_cytokine,invalid_shuffle_after_loess,382,,0
plasma_cytokine,invalid_shuffle_after_loess,383,,0
plasma_cytokine,invalid_shuffle_after_loess,384,53.0,2
plasma_cytokine,invalid_shuffle_after_loess,385,43.0,10
plasma_cytokine,invalid_shuffle_after_loess,386,,0
plasma_cytokine,invalid_shuffle_after_loess,387,,0
plasma_cytokine,invalid_shuffle_after_loess,388,,0
plasma_cytokine,invalid_shuffle_after_loess,389,,0
plasma_cytokine,invalid_shuffle_after_loess,390,,0
plasma_cytokine,invalid_shuffle_after_loess,391,40.0,6
plasma_cytokine,invalid_shuffle_after_loess,392,,0
plasma_cytokine,invalid_shuffle_after_loess,393,,0
plasma_cytokine,invalid_shuffle_after_loess,394,44.0,20
plasma_cytokine,invalid_shuffle_after_loess,395,,0
plasma_cytokine,invalid_shuffle_after_loess,396,,0
plasma_cytokine,invalid_shuffle_after_loess,397,,0
plasma_cytokine,invalid_shuffle_after_loess,398,,0
plasma_cytokine,invalid_shuffle_after_loess,399,,0
plasma_cytokine,invalid_shuffle_after_loess,400,,0
plasma_cytokine,invalid_shuffle_after_loess,401,,0
plasma_cytokine,invalid_shuffle_after_loess,402,45.0,12
plasma_cytokine,invalid_shuffle_after_loess,403,,0
plasma_cytokine,invalid_shuffle_after_loess,404,,0
plasma_cytokine,invalid_shuffle_after_loess,405,,0
plasma_cytokine,invalid_shuffle_after_loess,406,,0
plasma_cytokine,invalid_shuffle_after_loess,407,,0
plasma_cytokine,invalid_shuffle_after_loess,408,,0
plasma_cytokine,invalid_shuffle_after_loess,409,,0
plasma_cytokine,invalid_shuffle_after_loess,410,49.0,1
plasma_cytokine,invalid_shuffle_after_loess,411,,0
plasma_cytokine,invalid_shuffle_after_loess,412,,0
plasma_cytokine,invalid_shuffle_after_loess,413,,0
plasma_cytokine,invalid_shuffle_after_loess,414,,0
plasma_cytokine,invalid_shuffle_after_loess,415,64.0,1
plasma_cytokine,invalid_shuffle_after_loess,416,,0
plasma_cytokine,invalid_shuffle_after_loess,417,48.0,2
plasma_cytokine,invalid_shuffle_after_loess,418,,0
plasma_cytokine,invalid_shuffle_after_loess,419,,0
plasma_cytokine,invalid_shuffle_after_loess,420,51.0,24
plasma_cytokine,invalid_shuffle_after_loess,421,,0
plasma_cytokine,invalid_shuffle_after_loess,422,,0
plasma_cytokine,invalid_shuffle_after_loess,423,,0
plasma_cytokine,invalid_shuffle_after_loess,424,,0
plasma_cytokine,invalid_shuffle_after_loess,425,,0
plasma_cytokine,invalid_shuffle_after_loess,426,,0
plasma_cytokine,invalid_shuffle_after_loess,427,,0
plasma_cytokine,invalid_shuffle_after_loess,428,50.0,5
plasma_cytokine,invalid_shuffle_after_loess,429,,0
plasma_cytokine,invalid_shuffle_after_loess,430,40.0,46
plasma_cytokine,invalid_shuffle_after_loess,431,,0
plasma_cytokine,invalid_shuffle_after_loess,432,,0
plasma_cytokine,invalid_shuffle_after_loess,433,49.0,2
plasma_cytokine,invalid_shuffle_after_loess,434,,0
plasma_cytokine,invalid_shuffle_after_loess,435,,0
plasma_cytokine,invalid_shuffle_after_loess,436,,0
plasma_cytokine,invalid_shuffle_after_loess,437,,0
plasma_cytokine,invalid_shuffle_after_loess,438,,0
plasma_cytokine,invalid_shuffle_after_loess,439,64.0,2
plasma_cytokine,invalid_shuffle_after_loess,440,54.0,1
plasma_cytokine,invalid_shuffle_after_loess,441,,0
plasma_cytokine,invalid_shuffle_after_loess,442,,0
plasma_cytokine,invalid_shuffle_after_loess,443,60.0,33
plasma_cytokine,invalid_shuffle_after_loess,444,,0
plasma_cytokine,invalid_shuffle_after_loess,445,,0
plasma_cytokine,invalid_shuffle_after_loess,446,,0
plasma_cytokine,invalid_shuffle_after_loess,447,,0
plasma_cytokine,invalid_shuffle_after_loess,448,,0
plasma_cytokine,invalid_shuffle_after_loess,449,,0
plasma_cytokine,invalid_shuffle_after_loess,450,,0
plasma_cytokine,invalid_shuffle_after_loess,451,,0
plasma_cytokine,invalid_shuffle_after_loess,452,,0
plasma_cytokine,invalid_shuffle_after_loess,453,50.0,34
plasma_cytokine,invalid_shuffle_after_loess,454,,0
plasma_cytokine,invalid_shuffle_after_loess,455,44.0,4
plasma_cytokine,invalid_shuffle_after_loess,456,53.0,19
plasma_cytokine,invalid_shuffle_after_loess,457,,0
plasma_cytokine,invalid_shuffle_after_loess,458,,0
plasma_cytokine,invalid_shuffle_after_loess,459,40.0,39
plasma_cytokine,invalid_shuffle_after_loess,460,,0
plasma_cytokine,invalid_shuffle_after_loess,461,,0
plasma_cytokine,invalid_shuffle_after_loess,462,40.0,18
plasma_cytokine,invalid_shuffle_after_loess,463,,0
plasma_cytokine,invalid_shuffle_after_loess,464,,0
plasma_cytokine,invalid_shuffle_after_loess,465,,0
plasma_cytokine,invalid_shuffle_after_loess,466,42.0,30
plasma_cytokine,invalid_shuffle_after_loess,467,,0
plasma_cytokine,invalid_shuffle_after_loess,468,,0
plasma_cytokine,invalid_shuffle_after_loess,469,,0
plasma_cytokine,invalid_shuffle_after_loess,470,63.0,3
plasma_cytokine,invalid_shuffle_after_loess,471,,0
plasma_cytokine,invalid_shuffle_after_loess,472,47.0,24
plasma_cytokine,invalid_shuffle_after_loess,473,,0
plasma_cytokine,invalid_shuffle_after_loess,474,60.0,19
plasma_cytokine,invalid_shuffle_after_loess,475,,0
plasma_cytokine,invalid_shuffle_after_loess,476,,0
plasma_cytokine,invalid_shuffle_after_loess,477,,0
plasma_cytokine,invalid_shuffle_after_loess,478,,0
plasma_cytokine,invalid_shuffle_after_loess,479,,0
plasma_cytokine,invalid_shuffle_after_loess,480,51.0,23
plasma_cytokine,invalid_shuffle_after_loess,481,50.0,1
plasma_cytokine,invalid_shuffle_after_loess,482,,0
plasma_cytokine,invalid_shuffle_after_loess,483,,0
plasma_cytokine,invalid_shuffle_after_loess,484,,0
plasma_cytokine,invalid_shuffle_after_loess,485,,0
plasma_cytokine,invalid_shuffle_after_loess,486,,0
plasma_cytokine,invalid_shuffle_after_loess,487,,0
plasma_cytokine,invalid_shuffle_after_loess,488,,0
plasma_cytokine,invalid_shuffle_after_loess,489,43.0,1
plasma_cytokine,invalid_shuffle_after_loess,490,42.0,50
plasma_cytokine,invalid_shuffle_after_loess,491,40.0,2
plasma_cytokine,invalid_shuffle_after_loess,492,,0
plasma_cytokine,invalid_shuffle_after_loess,493,44.0,17
plasma_cytokine,invalid_shuffle_after_loess,494,,0
plasma_cytokine,invalid_shuffle_after_loess,495,,0
plasma_cytokine,invalid_shuffle_after_loess,496,,0
plasma_cytokine,invalid_shuffle_after_loess,497,,0
plasma_cytokine,invalid_shuffle_after_loess,498,,0
plasma_cytokine,invalid_shuffle_after_loess,499,,0
plasma_cytokine,invalid_shuffle_after_loess,500,,0
plasma_cytokine,invalid_shuffle_after_loess,501,,0
plasma_cytokine,invalid_shuffle_after_loess,502,,0
plasma_cytokine,invalid_shuffle_after_loess,503,,0
plasma_cytokine,invalid_shuffle_after_loess,504,,0
plasma_cytokine,invalid_shuffle_after_loess,505,,0
plasma_cytokine,invalid_shuffle_after_loess,506,,0
plasma_cytokine,invalid_shuffle_after_loess,507,,0
plasma_cytokine,invalid_shuffle_after_loess,508,,0
plasma_cytokine,invalid_shuffle_after_loess,509,,0
plasma_cytokine,invalid_shuffle_after_loess,510,,0
plasma_cytokine,invalid_shuffle_after_loess,511,,0
plasma_cytokine,invalid_shuffle_after_loess,512,49.0,19
plasma_cytokine,invalid_shuffle_after_loess,513,,0
plasma_cytokine,invalid_shuffle_after_loess,514,53.0,26
plasma_cytokine,invalid_shuffle_after_loess,515,,0
plasma_cytokine,invalid_shuffle_after_loess,516,45.0,5
plasma_cytokine,invalid_shuffle_after_loess,517,,0
plasma_cytokine,invalid_shuffle_after_loess,518,,0
plasma_cytokine,invalid_shuffle_after_loess,519,62.0,15
plasma_cytokine,invalid_shuffle_after_loess,520,,0
plasma_cytokine,invalid_shuffle_after_loess,521,,0
plasma_cytokine,invalid_shuffle_after_loess,522,,0
plasma_cytokine,invalid_shuffle_after_loess,523,,0
plasma_cytokine,invalid_shuffle_after_loess,524,,0
plasma_cytokine,invalid_shuffle_after_loess,525,55.0,32
plasma_cytokine,invalid_shuffle_after_loess,526,55.0,1
plasma_cytokine,invalid_shuffle_after_loess,527,,0
plasma_cytokine,invalid_shuffle_after_loess,528,41.0,3
plasma_cytokine,invalid_shuffle_after_loess,529,,0
plasma_cytokine,invalid_shuffle_after_loess,530,,0
plasma_cytokine,invalid_shuffle_after_loess,531,,0
plasma_cytokine,invalid_shuffle_after_loess,532,,0
plasma_cytokine,invalid_shuffle_after_loess,533,,0
plasma_cytokine,invalid_shuffle_after_loess,534,,0
plasma_cytokine,invalid_shuffle_after_loess,535,,0
plasma_cytokine,invalid_shuffle_after_loess,536,,0
plasma_cytokine,invalid_shuffle_after_loess,537,,0
plasma_cytokine,invalid_shuffle_after_loess,538,,0
plasma_cytokine,invalid_shuffle_after_loess,539,,0
plasma_cytokine,invalid_shuffle_after_loess,540,64.0,2
plasma_cytokine,invalid_shuffle_after_loess,541,,0
plasma_cytokine,invalid_shuffle_after_loess,542,,0
plasma_cytokine,invalid_shuffle_after_loess,543,,0
plasma_cytokine,invalid_shuffle_after_loess,544,,0
plasma_cytokine,invalid_shuffle_after_loess,545,,0
plasma_cytokine,invalid_shuffle_after_loess,546,43.0,5
plasma_cytokine,invalid_shuffle_after_loess,547,57.0,10
plasma_cytokine,invalid_shuffle_after_loess,548,,0
plasma_cytokine,invalid_shuffle_after_loess,549,,0
plasma_cytokine,invalid_shuffle_after_loess,550,,0
plasma_cytokine,invalid_shuffle_after_loess,551,,0
plasma_cytokine,invalid_shuffle_after_loess,552,,0
plasma_cytokine,invalid_shuffle_after_loess,553,,0
plasma_cytokine,invalid_shuffle_after_loess,554,,0
plasma_cytokine,invalid_shuffle_after_loess,555,58.0,28
plasma_cytokine,invalid_shuffle_after_loess,556,,0
plasma_cytokine,invalid_shuffle_after_loess,557,,0
plasma_cytokine,invalid_shuffle_after_loess,558,,0
plasma_cytokine,invalid_shuffle_after_loess,559,,0
plasma_cytokine,invalid_shuffle_after_loess,560,,0
plasma_cytokine,invalid_shuffle_after_loess,561,60.0,1
plasma_cytokine,invalid_shuffle_after_loess,562,,0
plasma_cytokine,invalid_shuffle_after_loess,563,,0
plasma_cytokine,invalid_shuffle_after_loess,564,61.0,3
plasma_cytokine,invalid_shuffle_after_loess,565,61.0,19
plasma_cytokine,invalid_shuffle_after_loess,566,,0
plasma_cytokine,invalid_shuffle_after_loess,567,,0
plasma_cytokine,invalid_shuffle_after_loess,568,,0
plasma_cytokine,invalid_shuffle_after_loess,569,53.0,2
plasma_cytokine,invalid_shuffle_after_loess,570,,0
plasma_cytokine,invalid_shuffle_after_loess,571,,0
plasma_cytokine,invalid_shuffle_after_loess,572,,0
plasma_cytokine,invalid_shuffle_after_loess,573,,0
plasma_cytokine,invalid_shuffle_after_loess,574,45.0,1
plasma_cytokine,invalid_shuffle_after_loess,575,,0
plasma_cytokine,invalid_shuffle_after_loess,576,,0
plasma_cytokine,invalid_shuffle_after_loess,577,51.0,23
plasma_cytokine,invalid_shuffle_after_loess,578,,0
plasma_cytokine,invalid_shuffle_after_loess,579,,0
plasma_cytokine,invalid_shuffle_after_loess,580,,0
plasma_cytokine,invalid_shuffle_after_loess,581,,0
plasma_cytokine,invalid_shuffle_after_loess,582,,0
plasma_cytokine,invalid_shuffle_after_loess,583,,0
plasma_cytokine,invalid_shuffle_after_loess,584,,0
plasma_cytokine,invalid_shuffle_after_loess,585,40.0,49
plasma_cytokine,invalid_shuffle_after_loess,586,,0
plasma_cytokine,invalid_shuffle_after_loess,587,,0
plasma_cytokine,invalid_shuffle_after_loess,588,52.0,14
plasma_cytokine,invalid_shuffle_after_loess,589,61.0,3
plasma_cytokine,invalid_shuffle_after_loess,590,61.0,7
plasma_cytokine,invalid_shuffle_after_loess,591,,0
plasma_cytokine,invalid_shuffle_after_loess,592,,0
plasma_cytokine,invalid_shuffle_after_loess,593,,0
plasma_cytokine,invalid_shuffle_after_loess,594,,0
plasma_cytokine,invalid_shuffle_after_loess,595,42.0,2
plasma_cytokine,invalid_shuffle_after_loess,596,42.0,21
plasma_cytokine,invalid_shuffle_after_loess,597,,0
plasma_cytokine,invalid_shuffle_after_loess,598,,0
plasma_cytokine,invalid_shuffle_after_loess,599,,0
plasma_cytokine,invalid_shuffle_after_loess,600,,0
plasma_cytokine,invalid_shuffle_after_loess,601,,0
plasma_cytokine,invalid_shuffle_after_loess,602,59.0,58
plasma_cytokine,invalid_shuffle_after_loess,603,43.0,37
plasma_cytokine,invalid_shuffle_after_loess,604,,0
plasma_cytokine,invalid_shuffle_after_loess,605,,0
plasma_cytokine,invalid_shuffle_after_loess,606,43.0,21
plasma_cytokine,invalid_shuffle_after_loess,607,,0
plasma_cytokine,invalid_shuffle_after_loess,608,57.0,1
plasma_cytokine,invalid_shuffle_after_loess,609,52.0,1
plasma_cytokine,invalid_shuffle_after_loess,610,,0
plasma_cytokine,invalid_shuffle_after_loess,611,,0
plasma_cytokine,invalid_shuffle_after_loess,612,,0
plasma_cytokine,invalid_shuffle_after_loess,613,,0
plasma_cytokine,invalid_shuffle_after_loess,614,,0
plasma_cytokine,invalid_shuffle_after_loess,615,46.0,17
plasma_cytokine,invalid_shuffle_after_loess,616,,0
plasma_cytokine,invalid_shuffle_after_loess,617,,0
plasma_cytokine,invalid_shuffle_after_loess,618,53.0,38
plasma_cytokine,invalid_shuffle_after_loess,619,64.0,2
plasma_cytokine,invalid_shuffle_after_loess,620,64.0,1
plasma_cytokine,invalid_shuffle_after_loess,621,47.0,1
plasma_cytokine,invalid_shuffle_after_loess,622,47.0,17
plasma_cytokine,invalid_shuffle_after_loess,623,,0
plasma_cytokine,invalid_shuffle_after_loess,624,54.0,1
plasma_cytokine,invalid_shuffle_after_loess,625,,0
plasma_cytokine,invalid_shuffle_after_loess,626,,0
plasma_cytokine,invalid_shuffle_after_loess,627,,0
plasma_cytokine,invalid_shuffle_after_loess,628,,0
plasma_cytokine,invalid_shuffle_after_loess,629,,0
plasma_cytokine,invalid_shuffle_after_loess,630,,0
plasma_cytokine,invalid_shuffle_after_loess,631,,0
plasma_cytokine,invalid_shuffle_after_loess,632,,0
plasma_cytokine,invalid_shuffle_after_loess,633,46.0,49
plasma_cytokine,invalid_shuffle_after_loess,634,41.0,3
plasma_cytokine,invalid_shuffle_after_loess,635,,0
plasma_cytokine,invalid_shuffle_after_loess,636,,0
plasma_cytokine,invalid_shuffle_after_loess,637,,0
plasma_cytokine,invalid_shuffle_after_loess,638,,0
plasma_cytokine,invalid_shuffle_after_loess,639,,0
plasma_cytokine,invalid_shuffle_after_loess,640,,0
plasma_cytokine,invalid_shuffle_after_loess,641,,0
plasma_cytokine,invalid_shuffle_after_loess,642,,0
plasma_cytokine,invalid_shuffle_after_loess,643,64.0,8
plasma_cytokine,invalid_shuffle_after_loess,644,,0
plasma_cytokine,invalid_shuffle_after_loess,645,,0
plasma_cytokine,invalid_shuffle_after_loess,646,,0
plasma_cytokine,invalid_shuffle_after_loess,647,,0
plasma_cytokine,invalid_shuffle_after_loess,648,,0
plasma_cytokine,invalid_shuffle_after_loess,649,,0
plasma_cytokine,invalid_shuffle_after_loess,650,,0
plasma_cytokine,invalid_shuffle_after_loess,651,,0
plasma_cytokine,invalid_shuffle_after_loess,652,,0
plasma_cytokine,invalid_shuffle_after_loess,653,,0
plasma_cytokine,invalid_shuffle_after_loess,654,,0
plasma_cytokine,invalid_shuffle_after_loess,655,,0
plasma_cytokine,invalid_shuffle_after_loess,656,,0
plasma_cytokine,invalid_shuffle_after_loess,657,,0
plasma_cytokine,invalid_shuffle_after_loess,658,52.0,30
plasma_cytokine,invalid_shuffle_after_loess,659,,0
plasma_cytokine,invalid_shuffle_after_loess,660,,0
plasma_cytokine,invalid_shuffle_after_loess,661,63.0,46
plasma_cytokine,invalid_shuffle_after_loess,662,42.0,28
plasma_cytokine,invalid_shuffle_after_loess,663,,0
plasma_cytokine,invalid_shuffle_after_loess,664,,0
plasma_cytokine,invalid_shuffle_after_loess,665,64.0,14
plasma_cytokine,invalid_shuffle_after_loess,666,,0
plasma_cytokine,invalid_shuffle_after_loess,667,,0
plasma_cytokine,invalid_shuffle_after_loess,668,,0
plasma_cytokine,invalid_shuffle_after_loess,669,,0
plasma_cytokine,invalid_shuffle_after_loess,670,,0
plasma_cytokine,invalid_shuffle_after_loess,671,,0
plasma_cytokine,invalid_shuffle_after_loess,672,,0
plasma_cytokine,invalid_shuffle_after_loess,673,,0
plasma_cytokine,invalid_shuffle_after_loess,674,,0
plasma_cytokine,invalid_shuffle_after_loess,675,,0
plasma_cytokine,invalid_shuffle_after_loess,676,,0
plasma_cytokine,invalid_shuffle_after_loess,677,,0
plasma_cytokine,invalid_shuffle_after_loess,678,,0
plasma_cytokine,invalid_shuffle_after_loess,679,46.0,9
plasma_cytokine,invalid_shuffle_after_loess,680,41.0,8
plasma_cytokine,invalid_shuffle_after_loess,681,,0
plasma_cytokine,invalid_shuffle_after_loess,682,53.0,1
plasma_cytokine,invalid_shuffle_after_loess,683,,0
plasma_cytokine,invalid_shuffle_after_loess,684,47.0,1
plasma_cytokine,invalid_shuffle_after_loess,685,42.0,39
plasma_cytokine,invalid_shuffle_after_loess,686,,0
plasma_cytokine,invalid_shuffle_after_loess,687,,0
plasma_cytokine,invalid_shuffle_after_loess,688,,0
plasma_cytokine,invalid_shuffle_after_loess,689,,0
plasma_cytokine,invalid_shuffle_after_loess,690,,0
plasma_cytokine,invalid_shuffle_after_loess,691,,0
plasma_cytokine,invalid_shuffle_after_loess,692,,0
plasma_cytokine,invalid_shuffle_after_loess,693,47.0,22
plasma_cytokine,invalid_shuffle_after_loess,694,59.0,3
plasma_cytokine,invalid_shuffle_after_loess,695,,0
plasma_cytokine,invalid_shuffle_after_loess,696,50.0,8
plasma_cytokine,invalid_shuffle_after_loess,697,,0
plasma_cytokine,invalid_shuffle_after_loess,698,,0
plasma_cytokine,invalid_shuffle_after_loess,699,,0
plasma_cytokine,invalid_shuffle_after_loess,700,52.0,7
plasma_cytokine,invalid_shuffle_after_loess,701,,0
plasma_cytokine,invalid_shuffle_after_loess,702,,0
plasma_cytokine,invalid_shuffle_after_loess,703,,0
plasma_cytokine,invalid_shuffle_after_loess,704,,0
plasma_cytokine,invalid_shuffle_after_loess,705,,0
plasma_cytokine,invalid_shuffle_after_loess,706,,0
plasma_cytokine,invalid_shuffle_after_loess,707,,0
plasma_cytokine,invalid_shuffle_after_loess,708,,0
plasma_cytokine,invalid_shuffle_after_loess,709,,0
plasma_cytokine,invalid_shuffle_after_loess,710,,0
plasma_cytokine,invalid_shuffle_after_loess,711,,0
plasma_cytokine,invalid_shuffle_after_loess,712,62.0,45
plasma_cytokine,invalid_shuffle_after_loess,713,57.0,32
plasma_cytokine,invalid_shuffle_after_loess,714,,0
plasma_cytokine,invalid_shuffle_after_loess,715,,0
plasma_cytokine,invalid_shuffle_after_loess,716,63.0,5
plasma_cytokine,invalid_shuffle_after_loess,717,,0
plasma_cytokine,invalid_shuffle_after_loess,718,,0
plasma_cytokine,invalid_shuffle_after_loess,719,60.0,19
plasma_cytokine,invalid_shuffle_after_loess,720,,0
plasma_cytokine,invalid_shuffle_after_loess,721,,0
plasma_cytokine,invalid_shuffle_after_loess,722,48.0,1
plasma_cytokine,invalid_shuffle_after_loess,723,56.0,2
plasma_cytokine,invalid_shuffle_after_loess,724,,0
plasma_cytokine,invalid_shuffle_after_loess,725,,0
plasma_cytokine,invalid_shuffle_after_loess,726,,0
plasma_cytokine,invalid_shuffle_after_loess,727,,0
plasma_cytokine,invalid_shuffle_after_loess,728,,0
plasma_cytokine,invalid_shuffle_after_loess,729,,0
plasma_cytokine,invalid_shuffle_after_loess,730,,0
plasma_cytokine,invalid_shuffle_after_loess,731,,0
plasma_cytokine,invalid_shuffle_after_loess,732,,0
plasma_cytokine,invalid_shuffle_after_loess,733,,0
plasma_cytokine,invalid_shuffle_after_loess,734,,0
plasma_cytokine,invalid_shuffle_after_loess,735,,0
plasma_cytokine,invalid_shuffle_after_loess,736,,0
plasma_cytokine,invalid_shuffle_after_loess,737,,0
plasma_cytokine,invalid_shuffle_after_loess,738,,0
plasma_cytokine,invalid_shuffle_after_loess,739,,0
plasma_cytokine,invalid_shuffle_after_loess,740,,0
plasma_cytokine,invalid_shuffle_after_loess,741,,0
plasma_cytokine,invalid_shuffle_after_loess,742,44.0,2
plasma_cytokine,invalid_shuffle_after_loess,743,,0
plasma_cytokine,invalid_shuffle_after_loess,744,,0
plasma_cytokine,invalid_shuffle_after_loess,745,47.0,5
plasma_cytokine,invalid_shuffle_after_loess,746,63.0,16
plasma_cytokine,invalid_shuffle_after_loess,747,,0
plasma_cytokine,invalid_shuffle_after_loess,748,,0
plasma_cytokine,invalid_shuffle_after_loess,749,,0
plasma_cytokine,invalid_shuffle_after_loess,750,,0
plasma_cytokine,invalid_shuffle_after_loess,751,,0
plasma_cytokine,invalid_shuffle_after_loess,752,,0
plasma_cytokine,invalid_shuffle_after_loess,753,,0
plasma_cytokine,invalid_shuffle_after_loess,754,44.0,1
plasma_cytokine,invalid_shuffle_after_loess,755,,0
plasma_cytokine,invalid_shuffle_after_loess,756,,0
plasma_cytokine,invalid_shuffle_after_loess,757,,0
plasma_cytokine,invalid_shuffle_after_loess,758,,0
plasma_cytokine,invalid_shuffle_after_loess,759,,0
plasma_cytokine,invalid_shuffle_after_loess,760,,0
plasma_cytokine,invalid_shuffle_after_loess,761,,0
plasma_cytokine,invalid_shuffle_after_loess,762,,0
plasma_cytokine,invalid_shuffle_after_loess,763,,0
plasma_cytokine,invalid_shuffle_after_loess,764,,0
plasma_cytokine,invalid_shuffle_after_loess,765,,0
plasma_cytokine,invalid_shuffle_after_loess,766,,0
plasma_cytokine,invalid_shuffle_after_loess,767,,0
plasma_cytokine,invalid_shuffle_after_loess,768,,0
plasma_cytokine,invalid_shuffle_after_loess,769,45.0,4
plasma_cytokine,invalid_shuffle_after_loess,770,,0
plasma_cytokine,invalid_shuffle_after_loess,771,,0
plasma_cytokine,invalid_shuffle_after_loess,772,61.0,4
plasma_cytokine,invalid_shuffle_after_loess,773,,0
plasma_cytokine,invalid_shuffle_after_loess,774,54.0,3
plasma_cytokine,invalid_shuffle_after_loess,775,,0
plasma_cytokine,invalid_shuffle_after_loess,776,57.0,42
plasma_cytokine,invalid_shuffle_after_loess,777,40.0,29
plasma_cytokine,invalid_shuffle_after_loess,778,41.0,14
plasma_cytokine,invalid_shuffle_after_loess,779,,0
plasma_cytokine,invalid_shuffle_after_loess,780,,0
plasma_cytokine,invalid_shuffle_after_loess,781,59.0,13
plasma_cytokine,invalid_shuffle_after_loess,782,41.0,1
plasma_cytokine,invalid_shuffle_after_loess,783,47.0,13
plasma_cytokine,invalid_shuffle_after_loess,784,,0
plasma_cytokine,invalid_shuffle_after_loess,785,58.0,8
plasma_cytokine,invalid_shuffle_after_loess,786,55.0,41
plasma_cytokine,invalid_shuffle_after_loess,787,,0
plasma_cytokine,invalid_shuffle_after_loess,788,,0
plasma_cytokine,invalid_shuffle_after_loess,789,51.0,2
plasma_cytokine,invalid_shuffle_after_loess,790,,0
plasma_cytokine,invalid_shuffle_after_loess,791,,0
plasma_cytokine,invalid_shuffle_after_loess,792,,0
plasma_cytokine,invalid_shuffle_after_loess,793,,0
plasma_cytokine,invalid_shuffle_after_loess,794,,0
plasma_cytokine,invalid_shuffle_after_loess,795,,0
plasma_cytokine,invalid_shuffle_after_loess,796,,0
plasma_cytokine,invalid_shuffle_after_loess,797,,0
plasma_cytokine,invalid_shuffle_after_loess,798,64.0,2
plasma_cytokine,invalid_shuffle_after_loess,799,,0
plasma_cytokine,invalid_shuffle_after_loess,800,,0
plasma_cytokine,invalid_shuffle_after_loess,801,,0
plasma_cytokine,invalid_shuffle_after_loess,802,,0
plasma_cytokine,invalid_shuffle_after_loess,803,,0
plasma_cytokine,invalid_shuffle_after_loess,804,,0
plasma_cytokine,invalid_shuffle_after_loess,805,49.0,2
plasma_cytokine,invalid_shuffle_after_loess,806,,0
plasma_cytokine,invalid_shuffle_after_loess,807,,0
plasma_cytokine,invalid_shuffle_after_loess,808,,0
plasma_cytokine,invalid_shuffle_after_loess,809,,0
plasma_cytokine,invalid_shuffle_after_loess,810,,0
plasma_cytokine,invalid_shuffle_after_loess,811,62.0,9
plasma_cytokine,invalid_shuffle_after_loess,812,,0
plasma_cytokine,invalid_shuffle_after_loess,813,,0
plasma_cytokine,invalid_shuffle_after_loess,814,,0
plasma_cytokine,invalid_shuffle_after_loess,815,,0
plasma_cytokine,invalid_shuffle_after_loess,816,,0
plasma_cytokine,invalid_shuffle_after_loess,817,,0
plasma_cytokine,invalid_shuffle_after_loess,818,55.0,34
plasma_cytokine,invalid_shuffle_after_loess,819,40.0,1
plasma_cytokine,invalid_shuffle_after_loess,820,,0
plasma_cytokine,invalid_shuffle_after_loess,821,,0
plasma_cytokine,invalid_shuffle_after_loess,822,50.0,1
plasma_cytokine,invalid_shuffle_after_loess,823,,0
plasma_cytokine,invalid_shuffle_after_loess,824,,0
plasma_cytokine,invalid_shuffle_after_loess,825,,0
plasma_cytokine,invalid_shuffle_after_loess,826,,0
plasma_cytokine,invalid_shuffle_after_loess,827,59.0,19
plasma_cytokine,invalid_shuffle_after_loess,828,,0
plasma_cytokine,invalid_shuffle_after_loess,829,,0
plasma_cytokine,invalid_shuffle_after_loess,830,,0
plasma_cytokine,invalid_shuffle_after_loess,831,,0
plasma_cytokine,invalid_shuffle_after_loess,832,,0
plasma_cytokine,invalid_shuffle_after_loess,833,,0
plasma_cytokine,invalid_shuffle_after_loess,834,,0
plasma_cytokine,invalid_shuffle_after_loess,835,,0
plasma_cytokine,invalid_shuffle_after_loess,836,,0
plasma_cytokine,invalid_shuffle_after_loess,837,,0
plasma_cytokine,invalid_shuffle_after_loess,838,,0
plasma_cytokine,invalid_shuffle_after_loess,839,,0
plasma_cytokine,invalid_shuffle_after_loess,840,,0
plasma_cytokine,invalid_shuffle_after_loess,841,47.0,33
plasma_cytokine,invalid_shuffle_after_loess,842,,0
plasma_cytokine,invalid_shuffle_after_loess,843,,0
plasma_cytokine,invalid_shuffle_after_loess,844,,0
plasma_cytokine,invalid_shuffle_after_loess,845,,0
plasma_cytokine,invalid_shuffle_after_loess,846,,0
plasma_cytokine,invalid_shuffle_after_loess,847,41.0,51
plasma_cytokine,invalid_shuffle_after_loess,848,40.0,32
plasma_cytokine,invalid_shuffle_after_loess,849,,0
plasma_cytokine,invalid_shuffle_after_loess,850,,0
plasma_cytokine,invalid_shuffle_after_loess,851,48.0,12
plasma_cytokine,invalid_shuffle_after_loess,852,,0
plasma_cytokine,invalid_shuffle_after_loess,853,51.0,16
plasma_cytokine,invalid_shuffle_after_loess,854,,0
plasma_cytokine,invalid_shuffle_after_loess,855,,0
plasma_cytokine,invalid_shuffle_after_loess,856,,0
plasma_cytokine,invalid_shuffle_after_loess,857,,0
plasma_cytokine,invalid_shuffle_after_loess,858,,0
plasma_cytokine,invalid_shuffle_after_loess,859,,0
plasma_cytokine,invalid_shuffle_after_loess,860,,0
plasma_cytokine,invalid_shuffle_after_loess,861,,0
plasma_cytokine,invalid_shuffle_after_loess,862,,0
plasma_cytokine,invalid_shuffle_after_loess,863,,0
plasma_cytokine,invalid_shuffle_after_loess,864,53.0,1
plasma_cytokine,invalid_shuffle_after_loess,865,,0
plasma_cytokine,invalid_shuffle_after_loess,866,,0
plasma_cytokine,invalid_shuffle_after_loess,867,,0
plasma_cytokine,invalid_shuffle_after_loess,868,62.0,8
plasma_cytokine,invalid_shuffle_after_loess,869,,0
plasma_cytokine,invalid_shuffle_after_loess,870,,0
plasma_cytokine,invalid_shuffle_after_loess,871,,0
plasma_cytokine,invalid_shuffle_after_loess,872,,0
plasma_cytokine,invalid_shuffle_after_loess,873,,0
plasma_cytokine,invalid_shuffle_after_loess,874,,0
plasma_cytokine,invalid_shuffle_after_loess,875,,0
plasma_cytokine,invalid_shuffle_after_loess,876,58.0,1
plasma_cytokine,invalid_shuffle_after_loess,877,,0
plasma_cytokine,invalid_shuffle_after_loess,878,47.0,42
plasma_cytokine,invalid_shuffle_after_loess,879,,0
plasma_cytokine,invalid_shuffle_after_loess,880,,0
plasma_cytokine,invalid_shuffle_after_loess,881,,0
plasma_cytokine,invalid_shuffle_after_loess,882,47.0,25
plasma_cytokine,invalid_shuffle_after_loess,883,,0
plasma_cytokine,invalid_shuffle_after_loess,884,42.0,19
plasma_cytokine,invalid_shuffle_after_loess,885,,0
plasma_cytokine,invalid_shuffle_after_loess,886,,0
plasma_cytokine,invalid_shuffle_after_loess,887,,0
plasma_cytokine,invalid_shuffle_after_loess,888,,0
plasma_cytokine,invalid_shuffle_after_loess,889,,0
plasma_cytokine,invalid_shuffle_after_loess,890,,0
plasma_cytokine,invalid_shuffle_after_loess,891,,0
plasma_cytokine,invalid_shuffle_after_loess,892,,0
plasma_cytokine,invalid_shuffle_after_loess,893,51.0,4
plasma_cytokine,invalid_shuffle_after_loess,894,,0
plasma_cytokine,invalid_shuffle_after_loess,895,,0
plasma_cytokine,invalid_shuffle_after_loess,896,,0
plasma_cytokine,invalid_shuffle_after_loess,897,,0
plasma_cytokine,invalid_shuffle_after_loess,898,,0
plasma_cytokine,invalid_shuffle_after_loess,899,62.0,6
plasma_cytokine,invalid_shuffle_after_loess,900,,0
plasma_cytokine,invalid_shuffle_after_loess,901,44.0,7
plasma_cytokine,invalid_shuffle_after_loess,902,,0
plasma_cytokine,invalid_shuffle_after_loess,903,,0
plasma_cytokine,invalid_shuffle_after_loess,904,,0
plasma_cytokine,invalid_shuffle_after_loess,905,,0
plasma_cytokine,invalid_shuffle_after_loess,906,,0
plasma_cytokine,invalid_shuffle_after_loess,907,,0
plasma_cytokine,invalid_shuffle_after_loess,908,,0
plasma_cytokine,invalid_shuffle_after_loess,909,,0
plasma_cytokine,invalid_shuffle_after_loess,910,,0
plasma_cytokine,invalid_shuffle_after_loess,911,,0
plasma_cytokine,invalid_shuffle_after_loess,912,,0
plasma_cytokine,invalid_shuffle_after_loess,913,48.0,1
plasma_cytokine,invalid_shuffle_after_loess,914,,0
plasma_cytokine,invalid_shuffle_after_loess,915,,0
plasma_cytokine,invalid_shuffle_after_loess,916,,0
plasma_cytokine,invalid_shuffle_after_loess,917,,0
plasma_cytokine,invalid_shuffle_after_loess,918,,0
plasma_cytokine,invalid_shuffle_after_loess,919,58.0,23
plasma_cytokine,invalid_shuffle_after_loess,920,,0
plasma_cytokine,invalid_shuffle_after_loess,921,,0
plasma_cytokine,invalid_shuffle_after_loess,922,40.0,43
plasma_cytokine,invalid_shuffle_after_loess,923,,0
plasma_cytokine,invalid_shuffle_after_loess,924,,0
plasma_cytokine,invalid_shuffle_after_loess,925,,0
plasma_cytokine,invalid_shuffle_after_loess,926,,0
plasma_cytokine,invalid_shuffle_after_loess,927,,0
plasma_cytokine,invalid_shuffle_after_loess,928,,0
plasma_cytokine,invalid_shuffle_after_loess,929,,0
plasma_cytokine,invalid_shuffle_after_loess,930,,0
plasma_cytokine,invalid_shuffle_after_loess,931,,0
plasma_cytokine,invalid_shuffle_after_loess,932,,0
plasma_cytokine,invalid_shuffle_after_loess,933,,0
plasma_cytokine,invalid_shuffle_after_loess,934,,0
plasma_cytokine,invalid_shuffle_after_loess,935,,0
plasma_cytokine,invalid_shuffle_after_loess,936,59.0,7
plasma_cytokine,invalid_shuffle_after_loess,937,47.0,1
plasma_cytokine,invalid_shuffle_after_loess,938,,0
plasma_cytokine,invalid_shuffle_after_loess,939,,0
plasma_cytokine,invalid_shuffle_after_loess,940,,0
plasma_cytokine,invalid_shuffle_after_loess,941,48.0,1
plasma_cytokine,invalid_shuffle_after_loess,942,,0
plasma_cytokine,invalid_shuffle_after_loess,943,,0
plasma_cytokine,invalid_shuffle_after_loess,944,,0
plasma_cytokine,invalid_shuffle_after_loess,945,46.0,2
plasma_cytokine,invalid_shuffle_after_loess,946,49.0,2
plasma_cytokine,invalid_shuffle_after_loess,947,,0
plasma_cytokine,invalid_shuffle_after_loess,948,,0
plasma_cytokine,invalid_shuffle_after_loess,949,53.0,1
plasma_cytokine,invalid_shuffle_after_loess,950,,0
plasma_cytokine,invalid_shuffle_after_loess,951,,0
plasma_cytokine,invalid_shuffle_after_loess,952,,0
plasma_cytokine,invalid_shuffle_after_loess,953,,0
plasma_cytokine,invalid_shuffle_after_loess,954,,0
plasma_cytokine,invalid_shuffle_after_loess,955,,0
plasma_cytokine,invalid_shuffle_after_loess,956,,0
plasma_cytokine,invalid_shuffle_after_loess,957,,0
plasma_cytokine,invalid_shuffle_after_loess,958,,0
plasma_cytokine,invalid_shuffle_after_loess,959,,0
plasma_cytokine,invalid_shuffle_after_loess,960,,0
plasma_cytokine,invalid_shuffle_after_loess,961,45.0,8
plasma_cytokine,invalid_shuffle_after_loess,962,,0
plasma_cytokine,invalid_shuffle_after_loess,963,,0
plasma_cytokine,invalid_shuffle_after_loess,964,,0
plasma_cytokine,invalid_shuffle_after_loess,965,,0
plasma_cytokine,invalid_shuffle_after_loess,966,,0
plasma_cytokine,invalid_shuffle_after_loess,967,,0
plasma_cytokine,invalid_shuffle_after_loess,968,,0
plasma_cytokine,invalid_shuffle_after_loess,969,,0
plasma_cytokine,invalid_shuffle_after_loess,970,,0
plasma_cytokine,invalid_shuffle_after_loess,971,,0
plasma_cytokine,invalid_shuffle_after_loess,972,,0
plasma_cytokine,invalid_shuffle_after_loess,973,49.0,53
plasma_cytokine,invalid_shuffle_after_loess,974,,0
plasma_cytokine,invalid_shuffle_after_loess,975,,0
plasma_cytokine,invalid_shuffle_after_loess,976,,0
plasma_cytokine,invalid_shuffle_after_loess,977,46.0,41
plasma_cytokine,invalid_shuffle_after_loess,978,,0
plasma_cytokine,invalid_shuffle_after_loess,979,,0
plasma_cytokine,invalid_shuffle_after_loess,980,,0
plasma_cytokine,invalid_shuffle_after_loess,981,,0
plasma_cytokine,invalid_shuffle_after_loess,982,,0
plasma_cytokine,invalid_shuffle_after_loess,983,,0
plasma_cytokine,invalid_shuffle_after_loess,984,,0
plasma_cytokine,invalid_shuffle_after_loess,985,,0
plasma_cytokine,invalid_shuffle_after_loess,986,,0
plasma_cytokine,invalid_shuffle_after_loess,987,,0
plasma_cytokine,invalid_shuffle_after_loess,988,,0
plasma_cytokine,invalid_shuffle_after_loess,989,,0
plasma_cytokine,invalid_shuffle_after_loess,990,,0
plasma_cytokine,invalid_shuffle_after_loess,991,58.0,1
plasma_cytokine,invalid_shuffle_after_loess,992,,0
plasma_cytokine,invalid_shuffle_after_loess,993,,0
plasma_cytokine,invalid_shuffle_after_loess,994,,0
plasma_cytokine,invalid_shuffle_after_loess,995,,0
plasma_cytokine,invalid_shuffle_after_loess,996,,0
plasma_cytokine,invalid_shuffle_after_loess,997,,0
plasma_cytokine,invalid_shuffle_after_loess,998,,0
plasma_cytokine,invalid_shuffle_after_loess,999,,0
clinical_test,valid_shuffle_before_loess,0,40.0,37
clinical_test,valid_shuffle_before_loess,1,40.0,41
clinical_test,valid_shuffle_before_loess,2,40.0,39
clinical_test,valid_shuffle_before_loess,3,40.0,39
clinical_test,valid_shuffle_before_loess,4,41.0,34
clinical_test,valid_shuffle_before_loess,5,41.0,41
clinical_test,valid_shuffle_before_loess,6,42.0,39
clinical_test,valid_shuffle_before_loess,7,45.0,41
clinical_test,valid_shuffle_before_loess,8,41.0,44
clinical_test,valid_shuffle_before_loess,9,45.0,42
clinical_test,valid_shuffle_before_loess,10,40.0,38
clinical_test,valid_shuffle_before_loess,11,41.0,39
clinical_test,valid_shuffle_before_loess,12,48.0,40
clinical_test,valid_shuffle_before_loess,13,44.0,43
clinical_test,valid_shuffle_before_loess,14,42.0,41
clinical_test,valid_shuffle_before_loess,15,42.0,40
clinical_test,valid_shuffle_before_loess,16,57.0,37
clinical_test,valid_shuffle_before_loess,17,41.0,41
clinical_test,valid_shuffle_before_loess,18,49.0,41
clinical_test,valid_shuffle_before_loess,19,47.0,40
clinical_test,valid_shuffle_before_loess,20,44.0,39
clinical_test,valid_shuffle_before_loess,21,43.0,39
clinical_test,valid_shuffle_before_loess,22,43.0,37
clinical_test,valid_shuffle_before_loess,23,40.0,39
clinical_test,valid_shuffle_before_loess,24,40.0,40
clinical_test,valid_shuffle_before_loess,25,44.0,38
clinical_test,valid_shuffle_before_loess,26,43.0,37
clinical_test,valid_shuffle_before_loess,27,45.0,36
clinical_test,valid_shuffle_before_loess,28,45.0,42
clinical_test,valid_shuffle_before_loess,29,40.0,36
clinical_test,valid_shuffle_before_loess,30,40.0,40
clinical_test,valid_shuffle_before_loess,31,41.0,38
clinical_test,valid_shuffle_before_loess,32,43.0,36
clinical_test,valid_shuffle_before_loess,33,40.0,42
clinical_test,valid_shuffle_before_loess,34,42.0,41
clinical_test,valid_shuffle_before_loess,35,41.0,41
clinical_test,valid_shuffle_before_loess,36,40.0,38
clinical_test,valid_shuffle_before_loess,37,42.0,42
clinical_test,valid_shuffle_before_loess,38,40.0,43
clinical_test,valid_shuffle_before_loess,39,40.0,39
clinical_test,valid_shuffle_before_loess,40,50.0,36
clinical_test,valid_shuffle_before_loess,41,44.0,39
clinical_test,valid_shuffle_before_loess,42,40.0,36
clinical_test,valid_shuffle_before_loess,43,43.0,38
clinical_test,valid_shuffle_before_loess,44,44.0,41
clinical_test,valid_shuffle_before_loess,45,42.0,39
clinical_test,valid_shuffle_before_loess,46,53.0,42
clinical_test,valid_shuffle_before_loess,47,42.0,40
clinical_test,valid_shuffle_before_loess,48,40.0,42
clinical_test,valid_shuffle_before_loess,49,40.0,39
clinical_test,valid_shuffle_before_loess,50,40.0,41
clinical_test,valid_shuffle_before_loess,51,43.0,42
clinical_test,valid_shuffle_before_loess,52,46.0,35
clinical_test,valid_shuffle_before_loess,53,43.0,38
clinical_test,valid_shuffle_before_loess,54,40.0,39
clinical_test,valid_shuffle_before_loess,55,42.0,41
clinical_test,valid_shuffle_before_loess,56,42.0,38
clinical_test,valid_shuffle_before_loess,57,41.0,41
clinical_test,valid_shuffle_before_loess,58,42.0,41
clinical_test,valid_shuffle_before_loess,59,40.0,39
clinical_test,valid_shuffle_before_loess,60,41.0,40
clinical_test,valid_shuffle_before_loess,61,46.0,40
clinical_test,valid_shuffle_before_loess,62,40.0,37
clinical_test,valid_shuffle_before_loess,63,40.0,39
clinical_test,valid_shuffle_before_loess,64,46.0,38
clinical_test,valid_shuffle_before_loess,65,40.0,41
clinical_test,valid_shuffle_before_loess,66,42.0,38
clinical_test,valid_shuffle_before_loess,67,40.0,40
clinical_test,valid_shuffle_before_loess,68,44.0,42
clinical_test,valid_shuffle_before_loess,69,40.0,36
clinical_test,valid_shuffle_before_loess,70,40.0,38
clinical_test,valid_shuffle_before_loess,71,41.0,39
clinical_test,valid_shuffle_before_loess,72,56.0,40
clinical_test,valid_shuffle_before_loess,73,40.0,33
clinical_test,valid_shuffle_before_loess,74,47.0,38
clinical_test,valid_shuffle_before_loess,75,43.0,41
clinical_test,valid_shuffle_before_loess,76,45.0,42
clinical_test,valid_shuffle_before_loess,77,40.0,35
clinical_test,valid_shuffle_before_loess,78,40.0,39
clinical_test,valid_shuffle_before_loess,79,45.0,41
clinical_test,valid_shuffle_before_loess,80,41.0,39
clinical_test,valid_shuffle_before_loess,81,40.0,33
clinical_test,valid_shuffle_before_loess,82,43.0,40
clinical_test,valid_shuffle_before_loess,83,61.0,38
clinical_test,valid_shuffle_before_loess,84,40.0,40
clinical_test,valid_shuffle_before_loess,85,41.0,40
clinical_test,valid_shuffle_before_loess,86,40.0,43
clinical_test,valid_shuffle_before_loess,87,40.0,41
clinical_test,valid_shuffle_before_loess,88,43.0,38
clinical_test,valid_shuffle_before_loess,89,40.0,36
clinical_test,valid_shuffle_before_loess,90,42.0,40
clinical_test,valid_shuffle_before_loess,91,43.0,42
clinical_test,valid_shuffle_before_loess,92,47.0,38
clinical_test,valid_shuffle_before_loess,93,45.0,40
clinical_test,valid_shuffle_before_loess,94,42.0,38
clinical_test,valid_shuffle_before_loess,95,42.0,38
clinical_test,valid_shuffle_before_loess,96,50.0,39
clinical_test,valid_shuffle_before_loess,97,43.0,38
clinical_test,valid_shuffle_before_loess,98,49.0,40
clinical_test,valid_shuffle_before_loess,99,40.0,38
clinical_test,valid_shuffle_before_loess,100,42.0,41
clinical_test,valid_shuffle_before_loess,101,40.0,35
clinical_test,valid_shuffle_before_loess,102,46.0,36
clinical_test,valid_shuffle_before_loess,103,45.0,42
clinical_test,valid_shuffle_before_loess,104,40.0,38
clinical_test,valid_shuffle_before_loess,105,40.0,39
clinical_test,valid_shuffle_before_loess,106,43.0,39
clinical_test,valid_shuffle_before_loess,107,40.0,37
clinical_test,valid_shuffle_before_loess,108,40.0,36
clinical_test,valid_shuffle_before_loess,109,40.0,36
clinical_test,valid_shuffle_before_loess,110,42.0,40
clinical_test,valid_shuffle_before_loess,111,48.0,40
clinical_test,valid_shuffle_before_loess,112,40.0,37
clinical_test,valid_shuffle_before_loess,113,40.0,37
clinical_test,valid_shuffle_before_loess,114,47.0,37
clinical_test,valid_shuffle_before_loess,115,43.0,40
clinical_test,valid_shuffle_before_loess,116,44.0,39
clinical_test,valid_shuffle_before_loess,117,42.0,37
clinical_test,valid_shuffle_before_loess,118,42.0,42
clinical_test,valid_shuffle_before_loess,119,42.0,38
clinical_test,valid_shuffle_before_loess,120,40.0,39
clinical_test,valid_shuffle_before_loess,121,40.0,39
clinical_test,valid_shuffle_before_loess,122,62.0,38
clinical_test,valid_shuffle_before_loess,123,43.0,41
clinical_test,valid_shuffle_before_loess,124,51.0,38
clinical_test,valid_shuffle_before_loess,125,41.0,41
clinical_test,valid_shuffle_before_loess,126,44.0,38
clinical_test,valid_shuffle_before_loess,127,44.0,39
clinical_test,valid_shuffle_before_loess,128,40.0,39
clinical_test,valid_shuffle_before_loess,129,41.0,38
clinical_test,valid_shuffle_before_loess,130,53.0,34
clinical_test,valid_shuffle_before_loess,131,43.0,39
clinical_test,valid_shuffle_before_loess,132,56.0,36
clinical_test,valid_shuffle_before_loess,133,40.0,40
clinical_test,valid_shuffle_before_loess,134,40.0,37
clinical_test,valid_shuffle_before_loess,135,41.0,40
clinical_test,valid_shuffle_before_loess,136,40.0,37
clinical_test,valid_shuffle_before_loess,137,40.0,42
clinical_test,valid_shuffle_before_loess,138,42.0,38
clinical_test,valid_shuffle_before_loess,139,42.0,40
clinical_test,valid_shuffle_before_loess,140,40.0,38
clinical_test,valid_shuffle_before_loess,141,40.0,40
clinical_test,valid_shuffle_before_loess,142,43.0,42
clinical_test,valid_shuffle_before_loess,143,42.0,40
clinical_test,valid_shuffle_before_loess,144,43.0,39
clinical_test,valid_shuffle_before_loess,145,45.0,39
clinical_test,valid_shuffle_before_loess,146,42.0,39
clinical_test,valid_shuffle_before_loess,147,42.0,40
clinical_test,valid_shuffle_before_loess,148,45.0,38
clinical_test,valid_shuffle_before_loess,149,40.0,37
clinical_test,valid_shuffle_before_loess,150,44.0,41
clinical_test,valid_shuffle_before_loess,151,40.0,37
clinical_test,valid_shuffle_before_loess,152,42.0,34
clinical_test,valid_shuffle_before_loess,153,44.0,41
clinical_test,valid_shuffle_before_loess,154,44.0,40
clinical_test,valid_shuffle_before_loess,155,42.0,40
clinical_test,valid_shuffle_before_loess,156,40.0,32
clinical_test,valid_shuffle_before_loess,157,41.0,43
clinical_test,valid_shuffle_before_loess,158,41.0,39
clinical_test,valid_shuffle_before_loess,159,46.0,33
clinical_test,valid_shuffle_before_loess,160,54.0,36
clinical_test,valid_shuffle_before_loess,161,44.0,41
clinical_test,valid_shuffle_before_loess,162,45.0,40
clinical_test,valid_shuffle_before_loess,163,42.0,42
clinical_test,valid_shuffle_before_loess,164,41.0,39
clinical_test,valid_shuffle_before_loess,165,43.0,37
clinical_test,valid_shuffle_before_loess,166,45.0,38
clinical_test,valid_shuffle_before_loess,167,40.0,39
clinical_test,valid_shuffle_before_loess,168,45.0,36
clinical_test,valid_shuffle_before_loess,169,50.0,40
clinical_test,valid_shuffle_before_loess,170,44.0,38
clinical_test,valid_shuffle_before_loess,171,40.0,40
clinical_test,valid_shuffle_before_loess,172,47.0,41
clinical_test,valid_shuffle_before_loess,173,42.0,35
clinical_test,valid_shuffle_before_loess,174,43.0,41
clinical_test,valid_shuffle_before_loess,175,44.0,42
clinical_test,valid_shuffle_before_loess,176,42.0,40
clinical_test,valid_shuffle_before_loess,177,44.0,36
clinical_test,valid_shuffle_before_loess,178,40.0,35
clinical_test,valid_shuffle_before_loess,179,44.0,43
clinical_test,valid_shuffle_before_loess,180,44.0,38
clinical_test,valid_shuffle_before_loess,181,42.0,38
clinical_test,valid_shuffle_before_loess,182,42.0,39
clinical_test,valid_shuffle_before_loess,183,42.0,39
clinical_test,valid_shuffle_before_loess,184,42.0,39
clinical_test,valid_shuffle_before_loess,185,44.0,38
clinical_test,valid_shuffle_before_loess,186,43.0,39
clinical_test,valid_shuffle_before_loess,187,40.0,40
clinical_test,valid_shuffle_before_loess,188,42.0,41
clinical_test,valid_shuffle_before_loess,189,43.0,41
clinical_test,valid_shuffle_before_loess,190,42.0,38
clinical_test,valid_shuffle_before_loess,191,44.0,35
clinical_test,valid_shuffle_before_loess,192,41.0,39
clinical_test,valid_shuffle_before_loess,193,43.0,40
clinical_test,valid_shuffle_before_loess,194,40.0,41
clinical_test,valid_shuffle_before_loess,195,42.0,40
clinical_test,valid_shuffle_before_loess,196,43.0,42
clinical_test,valid_shuffle_before_loess,197,42.0,40
clinical_test,valid_shuffle_before_loess,198,41.0,40
clinical_test,valid_shuffle_before_loess,199,44.0,42
clinical_test,valid_shuffle_before_loess,200,52.0,39
clinical_test,valid_shuffle_before_loess,201,53.0,41
clinical_test,valid_shuffle_before_loess,202,42.0,39
clinical_test,valid_shuffle_before_loess,203,41.0,38
clinical_test,valid_shuffle_before_loess,204,45.0,39
clinical_test,valid_shuffle_before_loess,205,45.0,37
clinical_test,valid_shuffle_before_loess,206,40.0,41
clinical_test,valid_shuffle_before_loess,207,46.0,39
clinical_test,valid_shuffle_before_loess,208,62.0,38
clinical_test,valid_shuffle_before_loess,209,45.0,40
clinical_test,valid_shuffle_before_loess,210,42.0,41
clinical_test,valid_shuffle_before_loess,211,43.0,39
clinical_test,valid_shuffle_before_loess,212,40.0,38
clinical_test,valid_shuffle_before_loess,213,43.0,40
clinical_test,valid_shuffle_before_loess,214,42.0,43
clinical_test,valid_shuffle_before_loess,215,44.0,40
clinical_test,valid_shuffle_before_loess,216,41.0,40
clinical_test,valid_shuffle_before_loess,217,46.0,41
clinical_test,valid_shuffle_before_loess,218,42.0,43
clinical_test,valid_shuffle_before_loess,219,41.0,40
clinical_test,valid_shuffle_before_loess,220,41.0,38
clinical_test,valid_shuffle_before_loess,221,41.0,41
clinical_test,valid_shuffle_before_loess,222,43.0,40
clinical_test,valid_shuffle_before_loess,223,42.0,39
clinical_test,valid_shuffle_before_loess,224,40.0,36
clinical_test,valid_shuffle_before_loess,225,42.0,37
clinical_test,valid_shuffle_before_loess,226,42.0,39
clinical_test,valid_shuffle_before_loess,227,44.0,41
clinical_test,valid_shuffle_before_loess,228,41.0,37
clinical_test,valid_shuffle_before_loess,229,40.0,35
clinical_test,valid_shuffle_before_loess,230,44.0,42
clinical_test,valid_shuffle_before_loess,231,45.0,42
clinical_test,valid_shuffle_before_loess,232,41.0,41
clinical_test,valid_shuffle_before_loess,233,42.0,39
clinical_test,valid_shuffle_before_loess,234,43.0,38
clinical_test,valid_shuffle_before_loess,235,40.0,41
clinical_test,valid_shuffle_before_loess,236,47.0,38
clinical_test,valid_shuffle_before_loess,237,40.0,36
clinical_test,valid_shuffle_before_loess,238,45.0,35
clinical_test,valid_shuffle_before_loess,239,41.0,39
clinical_test,valid_shuffle_before_loess,240,40.0,43
clinical_test,valid_shuffle_before_loess,241,40.0,38
clinical_test,valid_shuffle_before_loess,242,45.0,38
clinical_test,valid_shuffle_before_loess,243,46.0,39
clinical_test,valid_shuffle_before_loess,244,46.0,36
clinical_test,valid_shuffle_before_loess,245,40.0,35
clinical_test,valid_shuffle_before_loess,246,40.0,38
clinical_test,valid_shuffle_before_loess,247,40.0,38
clinical_test,valid_shuffle_before_loess,248,43.0,40
clinical_test,valid_shuffle_before_loess,249,42.0,43
clinical_test,valid_shuffle_before_loess,250,51.0,36
clinical_test,valid_shuffle_before_loess,251,42.0,40
clinical_test,valid_shuffle_before_loess,252,41.0,43
clinical_test,valid_shuffle_before_loess,253,40.0,40
clinical_test,valid_shuffle_before_loess,254,40.0,38
clinical_test,valid_shuffle_before_loess,255,50.0,36
clinical_test,valid_shuffle_before_loess,256,45.0,43
clinical_test,valid_shuffle_before_loess,257,48.0,43
clinical_test,valid_shuffle_before_loess,258,41.0,39
clinical_test,valid_shuffle_before_loess,259,44.0,40
clinical_test,valid_shuffle_before_loess,260,48.0,40
clinical_test,valid_shuffle_before_loess,261,44.0,36
clinical_test,valid_shuffle_before_loess,262,41.0,37
clinical_test,valid_shuffle_before_loess,263,44.0,40
clinical_test,valid_shuffle_before_loess,264,47.0,34
clinical_test,valid_shuffle_before_loess,265,40.0,40
clinical_test,valid_shuffle_before_loess,266,49.0,38
clinical_test,valid_shuffle_before_loess,267,42.0,39
clinical_test,valid_shuffle_before_loess,268,40.0,40
clinical_test,valid_shuffle_before_loess,269,43.0,39
clinical_test,valid_shuffle_before_loess,270,44.0,37
clinical_test,valid_shuffle_before_loess,271,60.0,41
clinical_test,valid_shuffle_before_loess,272,42.0,40
clinical_test,valid_shuffle_before_loess,273,40.0,41
clinical_test,valid_shuffle_before_loess,274,44.0,39
clinical_test,valid_shuffle_before_loess,275,40.0,41
clinical_test,valid_shuffle_before_loess,276,42.0,39
clinical_test,valid_shuffle_before_loess,277,43.0,39
clinical_test,valid_shuffle_before_loess,278,46.0,39
clinical_test,valid_shuffle_before_loess,279,41.0,38
clinical_test,valid_shuffle_before_loess,280,46.0,38
clinical_test,valid_shuffle_before_loess,281,44.0,38
clinical_test,valid_shuffle_before_loess,282,43.0,40
clinical_test,valid_shuffle_before_loess,283,45.0,39
clinical_test,valid_shuffle_before_loess,284,64.0,39
clinical_test,valid_shuffle_before_loess,285,47.0,38
clinical_test,valid_shuffle_before_loess,286,40.0,39
clinical_test,valid_shuffle_before_loess,287,41.0,41
clinical_test,valid_shuffle_before_loess,288,47.0,34
clinical_test,valid_shuffle_before_loess,289,44.0,37
clinical_test,valid_shuffle_before_loess,290,45.0,42
clinical_test,valid_shuffle_before_loess,291,45.0,42
clinical_test,valid_shuffle_before_loess,292,40.0,40
clinical_test,valid_shuffle_before_loess,293,44.0,38
clinical_test,valid_shuffle_before_loess,294,42.0,39
clinical_test,valid_shuffle_before_loess,295,47.0,36
clinical_test,valid_shuffle_before_loess,296,42.0,41
clinical_test,valid_shuffle_before_loess,297,41.0,40
clinical_test,valid_shuffle_before_loess,298,40.0,36
clinical_test,valid_shuffle_before_loess,299,45.0,41
clinical_test,valid_shuffle_before_loess,300,61.0,41
clinical_test,valid_shuffle_before_loess,301,48.0,41
clinical_test,valid_shuffle_before_loess,302,44.0,41
clinical_test,valid_shuffle_before_loess,303,43.0,42
clinical_test,valid_shuffle_before_loess,304,47.0,38
clinical_test,valid_shuffle_before_loess,305,51.0,38
clinical_test,valid_shuffle_before_loess,306,40.0,43
clinical_test,valid_shuffle_before_loess,307,40.0,37
clinical_test,valid_shuffle_before_loess,308,44.0,39
clinical_test,valid_shuffle_before_loess,309,46.0,38
clinical_test,valid_shuffle_before_loess,310,45.0,41
clinical_test,valid_shuffle_before_loess,311,40.0,38
clinical_test,valid_shuffle_before_loess,312,42.0,37
clinical_test,valid_shuffle_before_loess,313,46.0,40
clinical_test,valid_shuffle_before_loess,314,40.0,42
clinical_test,valid_shuffle_before_loess,315,58.0,38
clinical_test,valid_shuffle_before_loess,316,43.0,41
clinical_test,valid_shuffle_before_loess,317,41.0,41
clinical_test,valid_shuffle_before_loess,318,46.0,38
clinical_test,valid_shuffle_before_loess,319,44.0,39
clinical_test,valid_shuffle_before_loess,320,55.0,39
clinical_test,valid_shuffle_before_loess,321,55.0,38
clinical_test,valid_shuffle_before_loess,322,40.0,35
clinical_test,valid_shuffle_before_loess,323,64.0,40
clinical_test,valid_shuffle_before_loess,324,43.0,42
clinical_test,valid_shuffle_before_loess,325,41.0,40
clinical_test,valid_shuffle_before_loess,326,40.0,38
clinical_test,valid_shuffle_before_loess,327,40.0,39
clinical_test,valid_shuffle_before_loess,328,42.0,36
clinical_test,valid_shuffle_before_loess,329,40.0,41
clinical_test,valid_shuffle_before_loess,330,47.0,39
clinical_test,valid_shuffle_before_loess,331,41.0,40
clinical_test,valid_shuffle_before_loess,332,40.0,41
clinical_test,valid_shuffle_before_loess,333,50.0,41
clinical_test,valid_shuffle_before_loess,334,46.0,39
clinical_test,valid_shuffle_before_loess,335,40.0,43
clinical_test,valid_shuffle_before_loess,336,47.0,42
clinical_test,valid_shuffle_before_loess,337,48.0,40
clinical_test,valid_shuffle_before_loess,338,49.0,38
clinical_test,valid_shuffle_before_loess,339,40.0,40
clinical_test,valid_shuffle_before_loess,340,40.0,41
clinical_test,valid_shuffle_before_loess,341,40.0,39
clinical_test,valid_shuffle_before_loess,342,40.0,39
clinical_test,valid_shuffle_before_loess,343,42.0,42
clinical_test,valid_shuffle_before_loess,344,40.0,41
clinical_test,valid_shuffle_before_loess,345,46.0,40
clinical_test,valid_shuffle_before_loess,346,43.0,41
clinical_test,valid_shuffle_before_loess,347,40.0,40
clinical_test,valid_shuffle_before_loess,348,44.0,40
clinical_test,valid_shuffle_before_loess,349,42.0,38
clinical_test,valid_shuffle_before_loess,350,40.0,40
clinical_test,valid_shuffle_before_loess,351,47.0,39
clinical_test,valid_shuffle_before_loess,352,60.0,39
clinical_test,valid_shuffle_before_loess,353,44.0,40
clinical_test,valid_shuffle_before_loess,354,43.0,41
clinical_test,valid_shuffle_before_loess,355,40.0,37
clinical_test,valid_shuffle_before_loess,356,49.0,38
clinical_test,valid_shuffle_before_loess,357,43.0,37
clinical_test,valid_shuffle_before_loess,358,42.0,40
clinical_test,valid_shuffle_before_loess,359,58.0,39
clinical_test,valid_shuffle_before_loess,360,40.0,41
clinical_test,valid_shuffle_before_loess,361,48.0,37
clinical_test,valid_shuffle_before_loess,362,45.0,43
clinical_test,valid_shuffle_before_loess,363,45.0,41
clinical_test,valid_shuffle_before_loess,364,40.0,41
clinical_test,valid_shuffle_before_loess,365,44.0,39
clinical_test,valid_shuffle_before_loess,366,40.0,38
clinical_test,valid_shuffle_before_loess,367,43.0,39
clinical_test,valid_shuffle_before_loess,368,60.0,35
clinical_test,valid_shuffle_before_loess,369,40.0,39
clinical_test,valid_shuffle_before_loess,370,40.0,41
clinical_test,valid_shuffle_before_loess,371,47.0,39
clinical_test,valid_shuffle_before_loess,372,51.0,40
clinical_test,valid_shuffle_before_loess,373,46.0,39
clinical_test,valid_shuffle_before_loess,374,40.0,37
clinical_test,valid_shuffle_before_loess,375,42.0,36
clinical_test,valid_shuffle_before_loess,376,45.0,38
clinical_test,valid_shuffle_before_loess,377,43.0,40
clinical_test,valid_shuffle_before_loess,378,42.0,39
clinical_test,valid_shuffle_before_loess,379,40.0,41
clinical_test,valid_shuffle_before_loess,380,40.0,41
clinical_test,valid_shuffle_before_loess,381,43.0,38
clinical_test,valid_shuffle_before_loess,382,43.0,35
clinical_test,valid_shuffle_before_loess,383,41.0,37
clinical_test,valid_shuffle_before_loess,384,44.0,39
clinical_test,valid_shuffle_before_loess,385,42.0,41
clinical_test,valid_shuffle_before_loess,386,41.0,41
clinical_test,valid_shuffle_before_loess,387,44.0,41
clinical_test,valid_shuffle_before_loess,388,40.0,44
clinical_test,valid_shuffle_before_loess,389,40.0,40
clinical_test,valid_shuffle_before_loess,390,40.0,40
clinical_test,valid_shuffle_before_loess,391,44.0,41
clinical_test,valid_shuffle_before_loess,392,42.0,43
clinical_test,valid_shuffle_before_loess,393,44.0,39
clinical_test,valid_shuffle_before_loess,394,41.0,40
clinical_test,valid_shuffle_before_loess,395,45.0,35
clinical_test,valid_shuffle_before_loess,396,41.0,42
clinical_test,valid_shuffle_before_loess,397,40.0,39
clinical_test,valid_shuffle_before_loess,398,46.0,39
clinical_test,valid_shuffle_before_loess,399,43.0,38
clinical_test,valid_shuffle_before_loess,400,40.0,38
clinical_test,valid_shuffle_before_loess,401,40.0,40
clinical_test,valid_shuffle_before_loess,402,40.0,38
clinical_test,valid_shuffle_before_loess,403,40.0,43
clinical_test,valid_shuffle_before_loess,404,41.0,38
clinical_test,valid_shuffle_before_loess,405,40.0,37
clinical_test,valid_shuffle_before_loess,406,40.0,38
clinical_test,valid_shuffle_before_loess,407,40.0,40
clinical_test,valid_shuffle_before_loess,408,45.0,40
clinical_test,valid_shuffle_before_loess,409,46.0,42
clinical_test,valid_shuffle_before_loess,410,40.0,37
clinical_test,valid_shuffle_before_loess,411,46.0,40
clinical_test,valid_shuffle_before_loess,412,40.0,38
clinical_test,valid_shuffle_before_loess,413,42.0,35
clinical_test,valid_shuffle_before_loess,414,44.0,41
clinical_test,valid_shuffle_before_loess,415,64.0,42
clinical_test,valid_shuffle_before_loess,416,40.0,41
clinical_test,valid_shuffle_before_loess,417,42.0,38
clinical_test,valid_shuffle_before_loess,418,40.0,39
clinical_test,valid_shuffle_before_loess,419,46.0,39
clinical_test,valid_shuffle_before_loess,420,45.0,42
clinical_test,valid_shuffle_before_loess,421,47.0,37
clinical_test,valid_shuffle_before_loess,422,40.0,41
clinical_test,valid_shuffle_before_loess,423,41.0,43
clinical_test,valid_shuffle_before_loess,424,42.0,39
clinical_test,valid_shuffle_before_loess,425,40.0,38
clinical_test,valid_shuffle_before_loess,426,42.0,38
clinical_test,valid_shuffle_before_loess,427,40.0,38
clinical_test,valid_shuffle_before_loess,428,41.0,38
clinical_test,valid_shuffle_before_loess,429,41.0,34
clinical_test,valid_shuffle_before_loess,430,46.0,40
clinical_test,valid_shuffle_before_loess,431,48.0,34
clinical_test,valid_shuffle_before_loess,432,40.0,38
clinical_test,valid_shuffle_before_loess,433,45.0,37
clinical_test,valid_shuffle_before_loess,434,44.0,40
clinical_test,valid_shuffle_before_loess,435,40.0,40
clinical_test,valid_shuffle_before_loess,436,40.0,38
clinical_test,valid_shuffle_before_loess,437,43.0,44
clinical_test,valid_shuffle_before_loess,438,40.0,39
clinical_test,valid_shuffle_before_loess,439,40.0,40
clinical_test,valid_shuffle_before_loess,440,45.0,40
clinical_test,valid_shuffle_before_loess,441,41.0,41
clinical_test,valid_shuffle_before_loess,442,40.0,41
clinical_test,valid_shuffle_before_loess,443,44.0,42
clinical_test,valid_shuffle_before_loess,444,50.0,38
clinical_test,valid_shuffle_before_loess,445,42.0,40
clinical_test,valid_shuffle_before_loess,446,40.0,39
clinical_test,valid_shuffle_before_loess,447,46.0,41
clinical_test,valid_shuffle_before_loess,448,43.0,38
clinical_test,valid_shuffle_before_loess,449,45.0,36
clinical_test,valid_shuffle_before_loess,450,40.0,39
clinical_test,valid_shuffle_before_loess,451,40.0,39
clinical_test,valid_shuffle_before_loess,452,47.0,38
clinical_test,valid_shuffle_before_loess,453,40.0,36
clinical_test,valid_shuffle_before_loess,454,42.0,33
clinical_test,valid_shuffle_before_loess,455,40.0,38
clinical_test,valid_shuffle_before_loess,456,40.0,41
clinical_test,valid_shuffle_before_loess,457,42.0,38
clinical_test,valid_shuffle_before_loess,458,40.0,34
clinical_test,valid_shuffle_before_loess,459,41.0,40
clinical_test,valid_shuffle_before_loess,460,44.0,38
clinical_test,valid_shuffle_before_loess,461,42.0,37
clinical_test,valid_shuffle_before_loess,462,43.0,39
clinical_test,valid_shuffle_before_loess,463,43.0,37
clinical_test,valid_shuffle_before_loess,464,47.0,38
clinical_test,valid_shuffle_before_loess,465,42.0,38
clinical_test,valid_shuffle_before_loess,466,40.0,37
clinical_test,valid_shuffle_before_loess,467,42.0,42
clinical_test,valid_shuffle_before_loess,468,64.0,38
clinical_test,valid_shuffle_before_loess,469,40.0,39
clinical_test,valid_shuffle_before_loess,470,43.0,41
clinical_test,valid_shuffle_before_loess,471,44.0,42
clinical_test,valid_shuffle_before_loess,472,44.0,38
clinical_test,valid_shuffle_before_loess,473,45.0,40
clinical_test,valid_shuffle_before_loess,474,40.0,37
clinical_test,valid_shuffle_before_loess,475,40.0,39
clinical_test,valid_shuffle_before_loess,476,45.0,41
clinical_test,valid_shuffle_before_loess,477,40.0,40
clinical_test,valid_shuffle_before_loess,478,40.0,38
clinical_test,valid_shuffle_before_loess,479,45.0,36
clinical_test,valid_shuffle_before_loess,480,40.0,40
clinical_test,valid_shuffle_before_loess,481,40.0,38
clinical_test,valid_shuffle_before_loess,482,40.0,41
clinical_test,valid_shuffle_before_loess,483,40.0,42
clinical_test,valid_shuffle_before_loess,484,42.0,40
clinical_test,valid_shuffle_before_loess,485,40.0,42
clinical_test,valid_shuffle_before_loess,486,40.0,40
clinical_test,valid_shuffle_before_loess,487,46.0,39
clinical_test,valid_shuffle_before_loess,488,45.0,43
clinical_test,valid_shuffle_before_loess,489,40.0,34
clinical_test,valid_shuffle_before_loess,490,40.0,42
clinical_test,valid_shuffle_before_loess,491,40.0,36
clinical_test,valid_shuffle_before_loess,492,40.0,40
clinical_test,valid_shuffle_before_loess,493,40.0,41
clinical_test,valid_shuffle_before_loess,494,40.0,40
clinical_test,valid_shuffle_before_loess,495,40.0,39
clinical_test,valid_shuffle_before_loess,496,40.0,38
clinical_test,valid_shuffle_before_loess,497,40.0,38
clinical_test,valid_shuffle_before_loess,498,42.0,40
clinical_test,valid_shuffle_before_loess,499,45.0,39
clinical_test,valid_shuffle_before_loess,500,46.0,40
clinical_test,valid_shuffle_before_loess,501,42.0,38
clinical_test,valid_shuffle_before_loess,502,46.0,39
clinical_test,valid_shuffle_before_loess,503,42.0,36
clinical_test,valid_shuffle_before_loess,504,41.0,38
clinical_test,valid_shuffle_before_loess,505,50.0,41
clinical_test,valid_shuffle_before_loess,506,44.0,35
clinical_test,valid_shuffle_before_loess,507,61.0,36
clinical_test,valid_shuffle_before_loess,508,42.0,40
clinical_test,valid_shuffle_before_loess,509,63.0,40
clinical_test,valid_shuffle_before_loess,510,40.0,40
clinical_test,valid_shuffle_before_loess,511,40.0,40
clinical_test,valid_shuffle_before_loess,512,43.0,37
clinical_test,valid_shuffle_before_loess,513,45.0,41
clinical_test,valid_shuffle_before_loess,514,42.0,38
clinical_test,valid_shuffle_before_loess,515,40.0,38
clinical_test,valid_shuffle_before_loess,516,40.0,40
clinical_test,valid_shuffle_before_loess,517,42.0,37
clinical_test,valid_shuffle_before_loess,518,41.0,39
clinical_test,valid_shuffle_before_loess,519,40.0,36
clinical_test,valid_shuffle_before_loess,520,40.0,40
clinical_test,valid_shuffle_before_loess,521,43.0,38
clinical_test,valid_shuffle_before_loess,522,40.0,40
clinical_test,valid_shuffle_before_loess,523,42.0,40
clinical_test,valid_shuffle_before_loess,524,41.0,36
clinical_test,valid_shuffle_before_loess,525,44.0,35
clinical_test,valid_shuffle_before_loess,526,58.0,39
clinical_test,valid_shuffle_before_loess,527,44.0,41
clinical_test,valid_shuffle_before_loess,528,40.0,36
clinical_test,valid_shuffle_before_loess,529,40.0,35
clinical_test,valid_shuffle_before_loess,530,46.0,41
clinical_test,valid_shuffle_before_loess,531,42.0,40
clinical_test,valid_shuffle_before_loess,532,42.0,39
clinical_test,valid_shuffle_before_loess,533,44.0,40
clinical_test,valid_shuffle_before_loess,534,43.0,41
clinical_test,valid_shuffle_before_loess,535,44.0,41
clinical_test,valid_shuffle_before_loess,536,42.0,38
clinical_test,valid_shuffle_before_loess,537,45.0,41
clinical_test,valid_shuffle_before_loess,538,45.0,38
clinical_test,valid_shuffle_before_loess,539,43.0,38
clinical_test,valid_shuffle_before_loess,540,40.0,41
clinical_test,valid_shuffle_before_loess,541,40.0,41
clinical_test,valid_shuffle_before_loess,542,48.0,38
clinical_test,valid_shuffle_before_loess,543,43.0,39
clinical_test,valid_shuffle_before_loess,544,42.0,37
clinical_test,valid_shuffle_before_loess,545,46.0,36
clinical_test,valid_shuffle_before_loess,546,42.0,38
clinical_test,valid_shuffle_before_loess,547,40.0,37
clinical_test,valid_shuffle_before_loess,548,63.0,38
clinical_test,valid_shuffle_before_loess,549,40.0,36
clinical_test,valid_shuffle_before_loess,550,40.0,40
clinical_test,valid_shuffle_before_loess,551,40.0,42
clinical_test,valid_shuffle_before_loess,552,42.0,36
clinical_test,valid_shuffle_before_loess,553,49.0,37
clinical_test,valid_shuffle_before_loess,554,40.0,39
clinical_test,valid_shuffle_before_loess,555,40.0,36
clinical_test,valid_shuffle_before_loess,556,42.0,40
clinical_test,valid_shuffle_before_loess,557,44.0,40
clinical_test,valid_shuffle_before_loess,558,40.0,40
clinical_test,valid_shuffle_before_loess,559,45.0,41
clinical_test,valid_shuffle_before_loess,560,42.0,34
clinical_test,valid_shuffle_before_loess,561,40.0,38
clinical_test,valid_shuffle_before_loess,562,42.0,44
clinical_test,valid_shuffle_before_loess,563,40.0,38
clinical_test,valid_shuffle_before_loess,564,40.0,38
clinical_test,valid_shuffle_before_loess,565,42.0,36
clinical_test,valid_shuffle_before_loess,566,40.0,35
clinical_test,valid_shuffle_before_loess,567,49.0,38
clinical_test,valid_shuffle_before_loess,568,43.0,38
clinical_test,valid_shuffle_before_loess,569,42.0,38
clinical_test,valid_shuffle_before_loess,570,40.0,37
clinical_test,valid_shuffle_before_loess,571,41.0,40
clinical_test,valid_shuffle_before_loess,572,42.0,38
clinical_test,valid_shuffle_before_loess,573,43.0,42
clinical_test,valid_shuffle_before_loess,574,46.0,38
clinical_test,valid_shuffle_before_loess,575,40.0,40
clinical_test,valid_shuffle_before_loess,576,42.0,42
clinical_test,valid_shuffle_before_loess,577,42.0,37
clinical_test,valid_shuffle_before_loess,578,41.0,41
clinical_test,valid_shuffle_before_loess,579,42.0,40
clinical_test,valid_shuffle_before_loess,580,42.0,37
clinical_test,valid_shuffle_before_loess,581,49.0,36
clinical_test,valid_shuffle_before_loess,582,41.0,40
clinical_test,valid_shuffle_before_loess,583,40.0,39
clinical_test,valid_shuffle_before_loess,584,42.0,39
clinical_test,valid_shuffle_before_loess,585,44.0,40
clinical_test,valid_shuffle_before_loess,586,41.0,39
clinical_test,valid_shuffle_before_loess,587,40.0,39
clinical_test,valid_shuffle_before_loess,588,41.0,39
clinical_test,valid_shuffle_before_loess,589,45.0,38
clinical_test,valid_shuffle_before_loess,590,42.0,39
clinical_test,valid_shuffle_before_loess,591,40.0,41
clinical_test,valid_shuffle_before_loess,592,43.0,42
clinical_test,valid_shuffle_before_loess,593,46.0,42
clinical_test,valid_shuffle_before_loess,594,43.0,33
clinical_test,valid_shuffle_before_loess,595,41.0,39
clinical_test,valid_shuffle_before_loess,596,41.0,39
clinical_test,valid_shuffle_before_loess,597,44.0,42
clinical_test,valid_shuffle_before_loess,598,43.0,36
clinical_test,valid_shuffle_before_loess,599,43.0,36
clinical_test,valid_shuffle_before_loess,600,40.0,39
clinical_test,valid_shuffle_before_loess,601,40.0,38
clinical_test,valid_shuffle_before_loess,602,44.0,37
clinical_test,valid_shuffle_before_loess,603,41.0,40
clinical_test,valid_shuffle_before_loess,604,44.0,38
clinical_test,valid_shuffle_before_loess,605,43.0,38
clinical_test,valid_shuffle_before_loess,606,42.0,40
clinical_test,valid_shuffle_before_loess,607,47.0,40
clinical_test,valid_shuffle_before_loess,608,42.0,39
clinical_test,valid_shuffle_before_loess,609,40.0,40
clinical_test,valid_shuffle_before_loess,610,47.0,39
clinical_test,valid_shuffle_before_loess,611,40.0,41
clinical_test,valid_shuffle_before_loess,612,62.0,40
clinical_test,valid_shuffle_before_loess,613,40.0,38
clinical_test,valid_shuffle_before_loess,614,40.0,39
clinical_test,valid_shuffle_before_loess,615,40.0,38
clinical_test,valid_shuffle_before_loess,616,44.0,37
clinical_test,valid_shuffle_before_loess,617,57.0,40
clinical_test,valid_shuffle_before_loess,618,40.0,41
clinical_test,valid_shuffle_before_loess,619,40.0,40
clinical_test,valid_shuffle_before_loess,620,48.0,40
clinical_test,valid_shuffle_before_loess,621,42.0,41
clinical_test,valid_shuffle_before_loess,622,44.0,36
clinical_test,valid_shuffle_before_loess,623,44.0,43
clinical_test,valid_shuffle_before_loess,624,45.0,42
clinical_test,valid_shuffle_before_loess,625,42.0,38
clinical_test,valid_shuffle_before_loess,626,40.0,38
clinical_test,valid_shuffle_before_loess,627,40.0,40
clinical_test,valid_shuffle_before_loess,628,43.0,39
clinical_test,valid_shuffle_before_loess,629,44.0,37
clinical_test,valid_shuffle_before_loess,630,44.0,39
clinical_test,valid_shuffle_before_loess,631,45.0,41
clinical_test,valid_shuffle_before_loess,632,43.0,40
clinical_test,valid_shuffle_before_loess,633,40.0,38
clinical_test,valid_shuffle_before_loess,634,48.0,40
clinical_test,valid_shuffle_before_loess,635,45.0,40
clinical_test,valid_shuffle_before_loess,636,44.0,39
clinical_test,valid_shuffle_before_loess,637,48.0,39
clinical_test,valid_shuffle_before_loess,638,45.0,38
clinical_test,valid_shuffle_before_loess,639,40.0,39
clinical_test,valid_shuffle_before_loess,640,42.0,40
clinical_test,valid_shuffle_before_loess,641,47.0,39
clinical_test,valid_shuffle_before_loess,642,40.0,40
clinical_test,valid_shuffle_before_loess,643,40.0,41
clinical_test,valid_shuffle_before_loess,644,42.0,38
clinical_test,valid_shuffle_before_loess,645,42.0,41
clinical_test,valid_shuffle_before_loess,646,51.0,41
clinical_test,valid_shuffle_before_loess,647,42.0,38
clinical_test,valid_shuffle_before_loess,648,40.0,34
clinical_test,valid_shuffle_before_loess,649,40.0,38
clinical_test,valid_shuffle_before_loess,650,48.0,39
clinical_test,valid_shuffle_before_loess,651,40.0,39
clinical_test,valid_shuffle_before_loess,652,46.0,35
clinical_test,valid_shuffle_before_loess,653,40.0,36
clinical_test,valid_shuffle_before_loess,654,40.0,40
clinical_test,valid_shuffle_before_loess,655,41.0,41
clinical_test,valid_shuffle_before_loess,656,42.0,40
clinical_test,valid_shuffle_before_loess,657,40.0,42
clinical_test,valid_shuffle_before_loess,658,45.0,41
clinical_test,valid_shuffle_before_loess,659,46.0,36
clinical_test,valid_shuffle_before_loess,660,44.0,40
clinical_test,valid_shuffle_before_loess,661,47.0,39
clinical_test,valid_shuffle_before_loess,662,50.0,41
clinical_test,valid_shuffle_before_loess,663,45.0,44
clinical_test,valid_shuffle_before_loess,664,42.0,42
clinical_test,valid_shuffle_before_loess,665,40.0,39
clinical_test,valid_shuffle_before_loess,666,44.0,38
clinical_test,valid_shuffle_before_loess,667,40.0,35
clinical_test,valid_shuffle_before_loess,668,40.0,34
clinical_test,valid_shuffle_before_loess,669,49.0,38
clinical_test,valid_shuffle_before_loess,670,40.0,40
clinical_test,valid_shuffle_before_loess,671,42.0,39
clinical_test,valid_shuffle_before_loess,672,46.0,42
clinical_test,valid_shuffle_before_loess,673,40.0,36
clinical_test,valid_shuffle_before_loess,674,44.0,38
clinical_test,valid_shuffle_before_loess,675,43.0,38
clinical_test,valid_shuffle_before_loess,676,41.0,38
clinical_test,valid_shuffle_before_loess,677,44.0,39
clinical_test,valid_shuffle_before_loess,678,43.0,36
clinical_test,valid_shuffle_before_loess,679,44.0,38
clinical_test,valid_shuffle_before_loess,680,41.0,40
clinical_test,valid_shuffle_before_loess,681,46.0,37
clinical_test,valid_shuffle_before_loess,682,40.0,39
clinical_test,valid_shuffle_before_loess,683,45.0,38
clinical_test,valid_shuffle_before_loess,684,46.0,43
clinical_test,valid_shuffle_before_loess,685,40.0,42
clinical_test,valid_shuffle_before_loess,686,48.0,39
clinical_test,valid_shuffle_before_loess,687,44.0,38
clinical_test,valid_shuffle_before_loess,688,40.0,37
clinical_test,valid_shuffle_before_loess,689,46.0,38
clinical_test,valid_shuffle_before_loess,690,41.0,39
clinical_test,valid_shuffle_before_loess,691,40.0,38
clinical_test,valid_shuffle_before_loess,692,45.0,41
clinical_test,valid_shuffle_before_loess,693,40.0,38
clinical_test,valid_shuffle_before_loess,694,40.0,39
clinical_test,valid_shuffle_before_loess,695,40.0,35
clinical_test,valid_shuffle_before_loess,696,40.0,41
clinical_test,valid_shuffle_before_loess,697,57.0,39
clinical_test,valid_shuffle_before_loess,698,45.0,42
clinical_test,valid_shuffle_before_loess,699,40.0,42
clinical_test,valid_shuffle_before_loess,700,42.0,41
clinical_test,valid_shuffle_before_loess,701,40.0,40
clinical_test,valid_shuffle_before_loess,702,44.0,38
clinical_test,valid_shuffle_before_loess,703,40.0,37
clinical_test,valid_shuffle_before_loess,704,40.0,37
clinical_test,valid_shuffle_before_loess,705,40.0,41
clinical_test,valid_shuffle_before_loess,706,45.0,36
clinical_test,valid_shuffle_before_loess,707,48.0,39
clinical_test,valid_shuffle_before_loess,708,42.0,36
clinical_test,valid_shuffle_before_loess,709,41.0,38
clinical_test,valid_shuffle_before_loess,710,41.0,42
clinical_test,valid_shuffle_before_loess,711,44.0,37
clinical_test,valid_shuffle_before_loess,712,42.0,37
clinical_test,valid_shuffle_before_loess,713,41.0,40
clinical_test,valid_shuffle_before_loess,714,40.0,41
clinical_test,valid_shuffle_before_loess,715,41.0,38
clinical_test,valid_shuffle_before_loess,716,50.0,39
clinical_test,valid_shuffle_before_loess,717,63.0,38
clinical_test,valid_shuffle_before_loess,718,40.0,41
clinical_test,valid_shuffle_before_loess,719,40.0,38
clinical_test,valid_shuffle_before_loess,720,41.0,37
clinical_test,valid_shuffle_before_loess,721,40.0,38
clinical_test,valid_shuffle_before_loess,722,45.0,39
clinical_test,valid_shuffle_before_loess,723,42.0,36
clinical_test,valid_shuffle_before_loess,724,43.0,41
clinical_test,valid_shuffle_before_loess,725,59.0,40
clinical_test,valid_shuffle_before_loess,726,52.0,40
clinical_test,valid_shuffle_before_loess,727,45.0,40
clinical_test,valid_shuffle_before_loess,728,51.0,41
clinical_test,valid_shuffle_before_loess,729,40.0,42
clinical_test,valid_shuffle_before_loess,730,45.0,42
clinical_test,valid_shuffle_before_loess,731,41.0,40
clinical_test,valid_shuffle_before_loess,732,40.0,41
clinical_test,valid_shuffle_before_loess,733,55.0,38
clinical_test,valid_shuffle_before_loess,734,46.0,42
clinical_test,valid_shuffle_before_loess,735,46.0,36
clinical_test,valid_shuffle_before_loess,736,44.0,41
clinical_test,valid_shuffle_before_loess,737,40.0,38
clinical_test,valid_shuffle_before_loess,738,44.0,40
clinical_test,valid_shuffle_before_loess,739,55.0,41
clinical_test,valid_shuffle_before_loess,740,41.0,39
clinical_test,valid_shuffle_before_loess,741,40.0,40
clinical_test,valid_shuffle_before_loess,742,40.0,42
clinical_test,valid_shuffle_before_loess,743,43.0,39
clinical_test,valid_shuffle_before_loess,744,40.0,40
clinical_test,valid_shuffle_before_loess,745,44.0,40
clinical_test,valid_shuffle_before_loess,746,48.0,38
clinical_test,valid_shuffle_before_loess,747,41.0,39
clinical_test,valid_shuffle_before_loess,748,45.0,39
clinical_test,valid_shuffle_before_loess,749,44.0,42
clinical_test,valid_shuffle_before_loess,750,40.0,40
clinical_test,valid_shuffle_before_loess,751,43.0,40
clinical_test,valid_shuffle_before_loess,752,43.0,37
clinical_test,valid_shuffle_before_loess,753,42.0,40
clinical_test,valid_shuffle_before_loess,754,42.0,38
clinical_test,valid_shuffle_before_loess,755,40.0,37
clinical_test,valid_shuffle_before_loess,756,41.0,36
clinical_test,valid_shuffle_before_loess,757,40.0,33
clinical_test,valid_shuffle_before_loess,758,40.0,39
clinical_test,valid_shuffle_before_loess,759,40.0,37
clinical_test,valid_shuffle_before_loess,760,44.0,38
clinical_test,valid_shuffle_before_loess,761,43.0,39
clinical_test,valid_shuffle_before_loess,762,41.0,38
clinical_test,valid_shuffle_before_loess,763,64.0,37
clinical_test,valid_shuffle_before_loess,764,43.0,39
clinical_test,valid_shuffle_before_loess,765,40.0,40
clinical_test,valid_shuffle_before_loess,766,43.0,39
clinical_test,valid_shuffle_before_loess,767,44.0,38
clinical_test,valid_shuffle_before_loess,768,44.0,40
clinical_test,valid_shuffle_before_loess,769,40.0,35
clinical_test,valid_shuffle_before_loess,770,40.0,40
clinical_test,valid_shuffle_before_loess,771,40.0,40
clinical_test,valid_shuffle_before_loess,772,47.0,38
clinical_test,valid_shuffle_before_loess,773,45.0,41
clinical_test,valid_shuffle_before_loess,774,40.0,41
clinical_test,valid_shuffle_before_loess,775,61.0,40
clinical_test,valid_shuffle_before_loess,776,40.0,41
clinical_test,valid_shuffle_before_loess,777,40.0,39
clinical_test,valid_shuffle_before_loess,778,42.0,38
clinical_test,valid_shuffle_before_loess,779,42.0,40
clinical_test,valid_shuffle_before_loess,780,42.0,41
clinical_test,valid_shuffle_before_loess,781,42.0,36
clinical_test,valid_shuffle_before_loess,782,40.0,44
clinical_test,valid_shuffle_before_loess,783,44.0,40
clinical_test,valid_shuffle_before_loess,784,43.0,40
clinical_test,valid_shuffle_before_loess,785,43.0,43
clinical_test,valid_shuffle_before_loess,786,45.0,40
clinical_test,valid_shuffle_before_loess,787,40.0,40
clinical_test,valid_shuffle_before_loess,788,42.0,43
clinical_test,valid_shuffle_before_loess,789,41.0,39
clinical_test,valid_shuffle_before_loess,790,40.0,37
clinical_test,valid_shuffle_before_loess,791,40.0,39
clinical_test,valid_shuffle_before_loess,792,60.0,39
clinical_test,valid_shuffle_before_loess,793,41.0,39
clinical_test,valid_shuffle_before_loess,794,40.0,43
clinical_test,valid_shuffle_before_loess,795,44.0,42
clinical_test,valid_shuffle_before_loess,796,40.0,41
clinical_test,valid_shuffle_before_loess,797,43.0,39
clinical_test,valid_shuffle_before_loess,798,42.0,41
clinical_test,valid_shuffle_before_loess,799,45.0,41
clinical_test,valid_shuffle_before_loess,800,46.0,36
clinical_test,valid_shuffle_before_loess,801,51.0,39
clinical_test,valid_shuffle_before_loess,802,40.0,41
clinical_test,valid_shuffle_before_loess,803,43.0,40
clinical_test,valid_shuffle_before_loess,804,43.0,43
clinical_test,valid_shuffle_before_loess,805,40.0,38
clinical_test,valid_shuffle_before_loess,806,40.0,43
clinical_test,valid_shuffle_before_loess,807,47.0,41
clinical_test,valid_shuffle_before_loess,808,45.0,38
clinical_test,valid_shuffle_before_loess,809,45.0,39
clinical_test,valid_shuffle_before_loess,810,41.0,41
clinical_test,valid_shuffle_before_loess,811,44.0,39
clinical_test,valid_shuffle_before_loess,812,43.0,39
clinical_test,valid_shuffle_before_loess,813,41.0,39
clinical_test,valid_shuffle_before_loess,814,41.0,40
clinical_test,valid_shuffle_before_loess,815,40.0,39
clinical_test,valid_shuffle_before_loess,816,40.0,38
clinical_test,valid_shuffle_before_loess,817,40.0,41
clinical_test,valid_shuffle_before_loess,818,40.0,40
clinical_test,valid_shuffle_before_loess,819,42.0,40
clinical_test,valid_shuffle_before_loess,820,41.0,36
clinical_test,valid_shuffle_before_loess,821,40.0,38
clinical_test,valid_shuffle_before_loess,822,41.0,38
clinical_test,valid_shuffle_before_loess,823,41.0,37
clinical_test,valid_shuffle_before_loess,824,42.0,39
clinical_test,valid_shuffle_before_loess,825,56.0,41
clinical_test,valid_shuffle_before_loess,826,40.0,38
clinical_test,valid_shuffle_before_loess,827,40.0,40
clinical_test,valid_shuffle_before_loess,828,42.0,41
clinical_test,valid_shuffle_before_loess,829,40.0,40
clinical_test,valid_shuffle_before_loess,830,40.0,40
clinical_test,valid_shuffle_before_loess,831,42.0,38
clinical_test,valid_shuffle_before_loess,832,42.0,40
clinical_test,valid_shuffle_before_loess,833,47.0,40
clinical_test,valid_shuffle_before_loess,834,41.0,38
clinical_test,valid_shuffle_before_loess,835,40.0,40
clinical_test,valid_shuffle_before_loess,836,43.0,41
clinical_test,valid_shuffle_before_loess,837,40.0,42
clinical_test,valid_shuffle_before_loess,838,40.0,38
clinical_test,valid_shuffle_before_loess,839,41.0,40
clinical_test,valid_shuffle_before_loess,840,62.0,36
clinical_test,valid_shuffle_before_loess,841,40.0,41
clinical_test,valid_shuffle_before_loess,842,47.0,39
clinical_test,valid_shuffle_before_loess,843,41.0,40
clinical_test,valid_shuffle_before_loess,844,40.0,40
clinical_test,valid_shuffle_before_loess,845,43.0,39
clinical_test,valid_shuffle_before_loess,846,46.0,42
clinical_test,valid_shuffle_before_loess,847,42.0,39
clinical_test,valid_shuffle_before_loess,848,42.0,38
clinical_test,valid_shuffle_before_loess,849,43.0,39
clinical_test,valid_shuffle_before_loess,850,42.0,40
clinical_test,valid_shuffle_before_loess,851,40.0,39
clinical_test,valid_shuffle_before_loess,852,43.0,40
clinical_test,valid_shuffle_before_loess,853,40.0,39
clinical_test,valid_shuffle_before_loess,854,43.0,41
clinical_test,valid_shuffle_before_loess,855,63.0,37
clinical_test,valid_shuffle_before_loess,856,42.0,40
clinical_test,valid_shuffle_before_loess,857,41.0,41
clinical_test,valid_shuffle_before_loess,858,42.0,40
clinical_test,valid_shuffle_before_loess,859,43.0,37
clinical_test,valid_shuffle_before_loess,860,40.0,43
clinical_test,valid_shuffle_before_loess,861,64.0,38
clinical_test,valid_shuffle_before_loess,862,40.0,36
clinical_test,valid_shuffle_before_loess,863,52.0,38
clinical_test,valid_shuffle_before_loess,864,41.0,41
clinical_test,valid_shuffle_before_loess,865,44.0,39
clinical_test,valid_shuffle_before_loess,866,40.0,35
clinical_test,valid_shuffle_before_loess,867,43.0,40
clinical_test,valid_shuffle_before_loess,868,42.0,40
clinical_test,valid_shuffle_before_loess,869,41.0,39
clinical_test,valid_shuffle_before_loess,870,52.0,38
clinical_test,valid_shuffle_before_loess,871,42.0,36
clinical_test,valid_shuffle_before_loess,872,44.0,39
clinical_test,valid_shuffle_before_loess,873,44.0,41
clinical_test,valid_shuffle_before_loess,874,62.0,36
clinical_test,valid_shuffle_before_loess,875,43.0,41
clinical_test,valid_shuffle_before_loess,876,45.0,41
clinical_test,valid_shuffle_before_loess,877,40.0,36
clinical_test,valid_shuffle_before_loess,878,42.0,41
clinical_test,valid_shuffle_before_loess,879,44.0,39
clinical_test,valid_shuffle_before_loess,880,41.0,40
clinical_test,valid_shuffle_before_loess,881,47.0,35
clinical_test,valid_shuffle_before_loess,882,45.0,41
clinical_test,valid_shuffle_before_loess,883,45.0,38
clinical_test,valid_shuffle_before_loess,884,41.0,40
clinical_test,valid_shuffle_before_loess,885,46.0,38
clinical_test,valid_shuffle_before_loess,886,40.0,43
clinical_test,valid_shuffle_before_loess,887,41.0,40
clinical_test,valid_shuffle_before_loess,888,40.0,38
clinical_test,valid_shuffle_before_loess,889,41.0,37
clinical_test,valid_shuffle_before_loess,890,42.0,37
clinical_test,valid_shuffle_before_loess,891,45.0,38
clinical_test,valid_shuffle_before_loess,892,42.0,42
clinical_test,valid_shuffle_before_loess,893,43.0,36
clinical_test,valid_shuffle_before_loess,894,62.0,36
clinical_test,valid_shuffle_before_loess,895,52.0,39
clinical_test,valid_shuffle_before_loess,896,43.0,42
clinical_test,valid_shuffle_before_loess,897,42.0,38
clinical_test,valid_shuffle_before_loess,898,60.0,39
clinical_test,valid_shuffle_before_loess,899,42.0,35
clinical_test,valid_shuffle_before_loess,900,40.0,39
clinical_test,valid_shuffle_before_loess,901,40.0,39
clinical_test,valid_shuffle_before_loess,902,43.0,43
clinical_test,valid_shuffle_before_loess,903,40.0,39
clinical_test,valid_shuffle_before_loess,904,42.0,42
clinical_test,valid_shuffle_before_loess,905,44.0,41
clinical_test,valid_shuffle_before_loess,906,47.0,39
clinical_test,valid_shuffle_before_loess,907,43.0,39
clinical_test,valid_shuffle_before_loess,908,44.0,36
clinical_test,valid_shuffle_before_loess,909,53.0,38
clinical_test,valid_shuffle_before_loess,910,40.0,38
clinical_test,valid_shuffle_before_loess,911,64.0,41
clinical_test,valid_shuffle_before_loess,912,43.0,38
clinical_test,valid_shuffle_before_loess,913,40.0,39
clinical_test,valid_shuffle_before_loess,914,46.0,39
clinical_test,valid_shuffle_before_loess,915,42.0,40
clinical_test,valid_shuffle_before_loess,916,43.0,41
clinical_test,valid_shuffle_before_loess,917,41.0,39
clinical_test,valid_shuffle_before_loess,918,40.0,37
clinical_test,valid_shuffle_before_loess,919,42.0,40
clinical_test,valid_shuffle_before_loess,920,41.0,41
clinical_test,valid_shuffle_before_loess,921,44.0,41
clinical_test,valid_shuffle_before_loess,922,40.0,39
clinical_test,valid_shuffle_before_loess,923,43.0,42
clinical_test,valid_shuffle_before_loess,924,40.0,40
clinical_test,valid_shuffle_before_loess,925,41.0,39
clinical_test,valid_shuffle_before_loess,926,41.0,41
clinical_test,valid_shuffle_before_loess,927,64.0,37
clinical_test,valid_shuffle_before_loess,928,43.0,38
clinical_test,valid_shuffle_before_loess,929,40.0,39
clinical_test,valid_shuffle_before_loess,930,61.0,37
clinical_test,valid_shuffle_before_loess,931,42.0,38
clinical_test,valid_shuffle_before_loess,932,40.0,37
clinical_test,valid_shuffle_before_loess,933,51.0,38
clinical_test,valid_shuffle_before_loess,934,42.0,41
clinical_test,valid_shuffle_before_loess,935,40.0,40
clinical_test,valid_shuffle_before_loess,936,43.0,40
clinical_test,valid_shuffle_before_loess,937,62.0,36
clinical_test,valid_shuffle_before_loess,938,41.0,38
clinical_test,valid_shuffle_before_loess,939,42.0,40
clinical_test,valid_shuffle_before_loess,940,64.0,37
clinical_test,valid_shuffle_before_loess,941,40.0,41
clinical_test,valid_shuffle_before_loess,942,40.0,39
clinical_test,valid_shuffle_before_loess,943,40.0,42
clinical_test,valid_shuffle_before_loess,944,43.0,41
clinical_test,valid_shuffle_before_loess,945,40.0,38
clinical_test,valid_shuffle_before_loess,946,40.0,35
clinical_test,valid_shuffle_before_loess,947,40.0,39
clinical_test,valid_shuffle_before_loess,948,44.0,40
clinical_test,valid_shuffle_before_loess,949,44.0,38
clinical_test,valid_shuffle_before_loess,950,40.0,40
clinical_test,valid_shuffle_before_loess,951,41.0,42
clinical_test,valid_shuffle_before_loess,952,54.0,36
clinical_test,valid_shuffle_before_loess,953,41.0,41
clinical_test,valid_shuffle_before_loess,954,40.0,36
clinical_test,valid_shuffle_before_loess,955,41.0,41
clinical_test,valid_shuffle_before_loess,956,43.0,40
clinical_test,valid_shuffle_before_loess,957,44.0,36
clinical_test,valid_shuffle_before_loess,958,46.0,36
clinical_test,valid_shuffle_before_loess,959,40.0,43
clinical_test,valid_shuffle_before_loess,960,45.0,43
clinical_test,valid_shuffle_before_loess,961,40.0,41
clinical_test,valid_shuffle_before_loess,962,41.0,38
clinical_test,valid_shuffle_before_loess,963,41.0,38
clinical_test,valid_shuffle_before_loess,964,44.0,39
clinical_test,valid_shuffle_before_loess,965,40.0,40
clinical_test,valid_shuffle_before_loess,966,46.0,37
clinical_test,valid_shuffle_before_loess,967,43.0,41
clinical_test,valid_shuffle_before_loess,968,41.0,40
clinical_test,valid_shuffle_before_loess,969,46.0,40
clinical_test,valid_shuffle_before_loess,970,41.0,39
clinical_test,valid_shuffle_before_loess,971,42.0,40
clinical_test,valid_shuffle_before_loess,972,40.0,38
clinical_test,valid_shuffle_before_loess,973,44.0,41
clinical_test,valid_shuffle_before_loess,974,43.0,38
clinical_test,valid_shuffle_before_loess,975,46.0,36
clinical_test,valid_shuffle_before_loess,976,40.0,38
clinical_test,valid_shuffle_before_loess,977,45.0,38
clinical_test,valid_shuffle_before_loess,978,40.0,38
clinical_test,valid_shuffle_before_loess,979,40.0,37
clinical_test,valid_shuffle_before_loess,980,41.0,39
clinical_test,valid_shuffle_before_loess,981,40.0,37
clinical_test,valid_shuffle_before_loess,982,46.0,37
clinical_test,valid_shuffle_before_loess,983,45.0,39
clinical_test,valid_shuffle_before_loess,984,42.0,38
clinical_test,valid_shuffle_before_loess,985,47.0,38
clinical_test,valid_shuffle_before_loess,986,41.0,41
clinical_test,valid_shuffle_before_loess,987,40.0,43
clinical_test,valid_shuffle_before_loess,988,44.0,39
clinical_test,valid_shuffle_before_loess,989,41.0,38
clinical_test,valid_shuffle_before_loess,990,40.0,35
clinical_test,valid_shuffle_before_loess,991,45.0,36
clinical_test,valid_shuffle_before_loess,992,40.0,41
clinical_test,valid_shuffle_before_loess,993,51.0,37
clinical_test,valid_shuffle_before_loess,994,43.0,33
clinical_test,valid_shuffle_before_loess,995,40.0,38
clinical_test,valid_shuffle_before_loess,996,45.0,41
clinical_test,valid_shuffle_before_loess,997,40.0,38
clinical_test,valid_shuffle_before_loess,998,43.0,41
clinical_test,valid_shuffle_before_loess,999,47.0,40
clinical_test,invalid_shuffle_after_loess,0,,0
clinical_test,invalid_shuffle_after_loess,1,,0
clinical_test,invalid_shuffle_after_loess,2,48.0,3
clinical_test,invalid_shuffle_after_loess,3,55.0,5
clinical_test,invalid_shuffle_after_loess,4,,0
clinical_test,invalid_shuffle_after_loess,5,62.0,6
clinical_test,invalid_shuffle_after_loess,6,,0
clinical_test,invalid_shuffle_after_loess,7,,0
clinical_test,invalid_shuffle_after_loess,8,58.0,14
clinical_test,invalid_shuffle_after_loess,9,49.0,1
clinical_test,invalid_shuffle_after_loess,10,40.0,4
clinical_test,invalid_shuffle_after_loess,11,,0
clinical_test,invalid_shuffle_after_loess,12,,0
clinical_test,invalid_shuffle_after_loess,13,,0
clinical_test,invalid_shuffle_after_loess,14,48.0,3
clinical_test,invalid_shuffle_after_loess,15,51.0,13
clinical_test,invalid_shuffle_after_loess,16,54.0,8
clinical_test,invalid_shuffle_after_loess,17,,0
clinical_test,invalid_shuffle_after_loess,18,,0
clinical_test,invalid_shuffle_after_loess,19,,0
clinical_test,invalid_shuffle_after_loess,20,,0
clinical_test,invalid_shuffle_after_loess,21,61.0,3
clinical_test,invalid_shuffle_after_loess,22,,0
clinical_test,invalid_shuffle_after_loess,23,,0
clinical_test,invalid_shuffle_after_loess,24,,0
clinical_test,invalid_shuffle_after_loess,25,53.0,6
clinical_test,invalid_shuffle_after_loess,26,,0
clinical_test,invalid_shuffle_after_loess,27,,0
clinical_test,invalid_shuffle_after_loess,28,,0
clinical_test,invalid_shuffle_after_loess,29,52.0,7
clinical_test,invalid_shuffle_after_loess,30,,0
clinical_test,invalid_shuffle_after_loess,31,,0
clinical_test,invalid_shuffle_after_loess,32,62.0,7
clinical_test,invalid_shuffle_after_loess,33,,0
clinical_test,invalid_shuffle_after_loess,34,,0
clinical_test,invalid_shuffle_after_loess,35,,0
clinical_test,invalid_shuffle_after_loess,36,,0
clinical_test,invalid_shuffle_after_loess,37,50.0,14
clinical_test,invalid_shuffle_after_loess,38,,0
clinical_test,invalid_shuffle_after_loess,39,43.0,7
clinical_test,invalid_shuffle_after_loess,40,,0
clinical_test,invalid_shuffle_after_loess,41,,0
clinical_test,invalid_shuffle_after_loess,42,,0
clinical_test,invalid_shuffle_after_loess,43,,0
clinical_test,invalid_shuffle_after_loess,44,,0
clinical_test,invalid_shuffle_after_loess,45,,0
clinical_test,invalid_shuffle_after_loess,46,,0
clinical_test,invalid_shuffle_after_loess,47,56.0,15
clinical_test,invalid_shuffle_after_loess,48,48.0,7
clinical_test,invalid_shuffle_after_loess,49,,0
clinical_test,invalid_shuffle_after_loess,50,,0
clinical_test,invalid_shuffle_after_loess,51,,0
clinical_test,invalid_shuffle_after_loess,52,,0
clinical_test,invalid_shuffle_after_loess,53,,0
clinical_test,invalid_shuffle_after_loess,54,,0
clinical_test,invalid_shuffle_after_loess,55,,0
clinical_test,invalid_shuffle_after_loess,56,49.0,1
clinical_test,invalid_shuffle_after_loess,57,,0
clinical_test,invalid_shuffle_after_loess,58,,0
clinical_test,invalid_shuffle_after_loess,59,,0
clinical_test,invalid_shuffle_after_loess,60,,0
clinical_test,invalid_shuffle_after_loess,61,46.0,6
clinical_test,invalid_shuffle_after_loess,62,,0
clinical_test,invalid_shuffle_after_loess,63,,0
clinical_test,invalid_shuffle_after_loess,64,,0
clinical_test,invalid_shuffle_after_loess,65,,0
clinical_test,invalid_shuffle_after_loess,66,51.0,4
clinical_test,invalid_shuffle_after_loess,67,,0
clinical_test,invalid_shuffle_after_loess,68,,0
clinical_test,invalid_shuffle_after_loess,69,,0
clinical_test,invalid_shuffle_after_loess,70,,0
clinical_test,invalid_shuffle_after_loess,71,,0
clinical_test,invalid_shuffle_after_loess,72,,0
clinical_test,invalid_shuffle_after_loess,73,64.0,6
clinical_test,invalid_shuffle_after_loess,74,64.0,13
clinical_test,invalid_shuffle_after_loess,75,,0
clinical_test,invalid_shuffle_after_loess,76,,0
clinical_test,invalid_shuffle_after_loess,77,49.0,1
clinical_test,invalid_shuffle_after_loess,78,,0
clinical_test,invalid_shuffle_after_loess,79,49.0,13
clinical_test,invalid_shuffle_after_loess,80,54.0,4
clinical_test,invalid_shuffle_after_loess,81,,0
clinical_test,invalid_shuffle_after_loess,82,,0
clinical_test,invalid_shuffle_after_loess,83,,0
clinical_test,invalid_shuffle_after_loess,84,63.0,1
clinical_test,invalid_shuffle_after_loess,85,,0
clinical_test,invalid_shuffle_after_loess,86,,0
clinical_test,invalid_shuffle_after_loess,87,50.0,15
clinical_test,invalid_shuffle_after_loess,88,,0
clinical_test,invalid_shuffle_after_loess,89,43.0,2
clinical_test,invalid_shuffle_after_loess,90,,0
clinical_test,invalid_shuffle_after_loess,91,41.0,5
clinical_test,invalid_shuffle_after_loess,92,42.0,7
clinical_test,invalid_shuffle_after_loess,93,,0
clinical_test,invalid_shuffle_after_loess,94,,0
clinical_test,invalid_shuffle_after_loess,95,,0
clinical_test,invalid_shuffle_after_loess,96,40.0,7
clinical_test,invalid_shuffle_after_loess,97,,0
clinical_test,invalid_shuffle_after_loess,98,42.0,10
clinical_test,invalid_shuffle_after_loess,99,,0
clinical_test,invalid_shuffle_after_loess,100,44.0,6
clinical_test,invalid_shuffle_after_loess,101,,0
clinical_test,invalid_shuffle_after_loess,102,,0
clinical_test,invalid_shuffle_after_loess,103,,0
clinical_test,invalid_shuffle_after_loess,104,,0
clinical_test,invalid_shuffle_after_loess,105,,0
clinical_test,invalid_shuffle_after_loess,106,43.0,4
clinical_test,invalid_shuffle_after_loess,107,,0
clinical_test,invalid_shuffle_after_loess,108,,0
clinical_test,invalid_shuffle_after_loess,109,,0
clinical_test,invalid_shuffle_after_loess,110,61.0,11
clinical_test,invalid_shuffle_after_loess,111,51.0,4
clinical_test,invalid_shuffle_after_loess,112,,0
clinical_test,invalid_shuffle_after_loess,113,,0
clinical_test,invalid_shuffle_after_loess,114,,0
clinical_test,invalid_shuffle_after_loess,115,,0
clinical_test,invalid_shuffle_after_loess,116,,0
clinical_test,invalid_shuffle_after_loess,117,,0
clinical_test,invalid_shuffle_after_loess,118,,0
clinical_test,invalid_shuffle_after_loess,119,,0
clinical_test,invalid_shuffle_after_loess,120,45.0,6
clinical_test,invalid_shuffle_after_loess,121,40.0,10
clinical_test,invalid_shuffle_after_loess,122,59.0,3
clinical_test,invalid_shuffle_after_loess,123,,0
clinical_test,invalid_shuffle_after_loess,124,,0
clinical_test,invalid_shuffle_after_loess,125,,0
clinical_test,invalid_shuffle_after_loess,126,58.0,1
clinical_test,invalid_shuffle_after_loess,127,,0
clinical_test,invalid_shuffle_after_loess,128,,0
clinical_test,invalid_shuffle_after_loess,129,58.0,2
clinical_test,invalid_shuffle_after_loess,130,59.0,13
clinical_test,invalid_shuffle_after_loess,131,,0
clinical_test,invalid_shuffle_after_loess,132,,0
clinical_test,invalid_shuffle_after_loess,133,,0
clinical_test,invalid_shuffle_after_loess,134,64.0,1
clinical_test,invalid_shuffle_after_loess,135,,0
clinical_test,invalid_shuffle_after_loess,136,,0
clinical_test,invalid_shuffle_after_loess,137,,0
clinical_test,invalid_shuffle_after_loess,138,,0
clinical_test,invalid_shuffle_after_loess,139,,0
clinical_test,invalid_shuffle_after_loess,140,,0
clinical_test,invalid_shuffle_after_loess,141,47.0,11
clinical_test,invalid_shuffle_after_loess,142,,0
clinical_test,invalid_shuffle_after_loess,143,,0
clinical_test,invalid_shuffle_after_loess,144,,0
clinical_test,invalid_shuffle_after_loess,145,,0
clinical_test,invalid_shuffle_after_loess,146,,0
clinical_test,invalid_shuffle_after_loess,147,,0
clinical_test,invalid_shuffle_after_loess,148,50.0,13
clinical_test,invalid_shuffle_after_loess,149,,0
clinical_test,invalid_shuffle_after_loess,150,,0
clinical_test,invalid_shuffle_after_loess,151,,0
clinical_test,invalid_shuffle_after_loess,152,,0
clinical_test,invalid_shuffle_after_loess,153,,0
clinical_test,invalid_shuffle_after_loess,154,,0
clinical_test,invalid_shuffle_after_loess,155,,0
clinical_test,invalid_shuffle_after_loess,156,40.0,3
clinical_test,invalid_shuffle_after_loess,157,,0
clinical_test,invalid_shuffle_after_loess,158,,0
clinical_test,invalid_shuffle_after_loess,159,,0
clinical_test,invalid_shuffle_after_loess,160,,0
clinical_test,invalid_shuffle_after_loess,161,,0
clinical_test,invalid_shuffle_after_loess,162,48.0,9
clinical_test,invalid_shuffle_after_loess,163,,0
clinical_test,invalid_shuffle_after_loess,164,63.0,10
clinical_test,invalid_shuffle_after_loess,165,,0
clinical_test,invalid_shuffle_after_loess,166,,0
clinical_test,invalid_shuffle_after_loess,167,,0
clinical_test,invalid_shuffle_after_loess,168,,0
clinical_test,invalid_shuffle_after_loess,169,,0
clinical_test,invalid_shuffle_after_loess,170,48.0,3
clinical_test,invalid_shuffle_after_loess,171,48.0,7
clinical_test,invalid_shuffle_after_loess,172,40.0,7
clinical_test,invalid_shuffle_after_loess,173,,0
clinical_test,invalid_shuffle_after_loess,174,,0
clinical_test,invalid_shuffle_after_loess,175,,0
clinical_test,invalid_shuffle_after_loess,176,,0
clinical_test,invalid_shuffle_after_loess,177,,0
clinical_test,invalid_shuffle_after_loess,178,,0
clinical_test,invalid_shuffle_after_loess,179,43.0,7
clinical_test,invalid_shuffle_after_loess,180,,0
clinical_test,invalid_shuffle_after_loess,181,,0
clinical_test,invalid_shuffle_after_loess,182,,0
clinical_test,invalid_shuffle_after_loess,183,,0
clinical_test,invalid_shuffle_after_loess,184,59.0,12
clinical_test,invalid_shuffle_after_loess,185,,0
clinical_test,invalid_shuffle_after_loess,186,52.0,5
clinical_test,invalid_shuffle_after_loess,187,61.0,3
clinical_test,invalid_shuffle_after_loess,188,,0
clinical_test,invalid_shuffle_after_loess,189,,0
clinical_test,invalid_shuffle_after_loess,190,,0
clinical_test,invalid_shuffle_after_loess,191,54.0,24
clinical_test,invalid_shuffle_after_loess,192,,0
clinical_test,invalid_shuffle_after_loess,193,,0
clinical_test,invalid_shuffle_after_loess,194,,0
clinical_test,invalid_shuffle_after_loess,195,,0
clinical_test,invalid_shuffle_after_loess,196,,0
clinical_test,invalid_shuffle_after_loess,197,45.0,3
clinical_test,invalid_shuffle_after_loess,198,,0
clinical_test,invalid_shuffle_after_loess,199,,0
clinical_test,invalid_shuffle_after_loess,200,,0
clinical_test,invalid_shuffle_after_loess,201,,0
clinical_test,invalid_shuffle_after_loess,202,,0
clinical_test,invalid_shuffle_after_loess,203,,0
clinical_test,invalid_shuffle_after_loess,204,,0
clinical_test,invalid_shuffle_after_loess,205,,0
clinical_test,invalid_shuffle_after_loess,206,,0
clinical_test,invalid_shuffle_after_loess,207,,0
clinical_test,invalid_shuffle_after_loess,208,,0
clinical_test,invalid_shuffle_after_loess,209,64.0,4
clinical_test,invalid_shuffle_after_loess,210,56.0,9
clinical_test,invalid_shuffle_after_loess,211,59.0,6
clinical_test,invalid_shuffle_after_loess,212,,0
clinical_test,invalid_shuffle_after_loess,213,,0
clinical_test,invalid_shuffle_after_loess,214,58.0,6
clinical_test,invalid_shuffle_after_loess,215,,0
clinical_test,invalid_shuffle_after_loess,216,,0
clinical_test,invalid_shuffle_after_loess,217,,0
clinical_test,invalid_shuffle_after_loess,218,,0
clinical_test,invalid_shuffle_after_loess,219,40.0,4
clinical_test,invalid_shuffle_after_loess,220,,0
clinical_test,invalid_shuffle_after_loess,221,,0
clinical_test,invalid_shuffle_after_loess,222,,0
clinical_test,invalid_shuffle_after_loess,223,,0
clinical_test,invalid_shuffle_after_loess,224,,0
clinical_test,invalid_shuffle_after_loess,225,,0
clinical_test,invalid_shuffle_after_loess,226,,0
clinical_test,invalid_shuffle_after_loess,227,,0
clinical_test,invalid_shuffle_after_loess,228,,0
clinical_test,invalid_shuffle_after_loess,229,63.0,1
clinical_test,invalid_shuffle_after_loess,230,,0
clinical_test,invalid_shuffle_after_loess,231,,0
clinical_test,invalid_shuffle_after_loess,232,,0
clinical_test,invalid_shuffle_after_loess,233,45.0,12
clinical_test,invalid_shuffle_after_loess,234,,0
clinical_test,invalid_shuffle_after_loess,235,,0
clinical_test,invalid_shuffle_after_loess,236,41.0,3
clinical_test,invalid_shuffle_after_loess,237,,0
clinical_test,invalid_shuffle_after_loess,238,,0
clinical_test,invalid_shuffle_after_loess,239,,0
clinical_test,invalid_shuffle_after_loess,240,,0
clinical_test,invalid_shuffle_after_loess,241,,0
clinical_test,invalid_shuffle_after_loess,242,,0
clinical_test,invalid_shuffle_after_loess,243,,0
clinical_test,invalid_shuffle_after_loess,244,,0
clinical_test,invalid_shuffle_after_loess,245,,0
clinical_test,invalid_shuffle_after_loess,246,,0
clinical_test,invalid_shuffle_after_loess,247,,0
clinical_test,invalid_shuffle_after_loess,248,59.0,6
clinical_test,invalid_shuffle_after_loess,249,,0
clinical_test,invalid_shuffle_after_loess,250,,0
clinical_test,invalid_shuffle_after_loess,251,,0
clinical_test,invalid_shuffle_after_loess,252,,0
clinical_test,invalid_shuffle_after_loess,253,,0
clinical_test,invalid_shuffle_after_loess,254,,0
clinical_test,invalid_shuffle_after_loess,255,,0
clinical_test,invalid_shuffle_after_loess,256,,0
clinical_test,invalid_shuffle_after_loess,257,,0
clinical_test,invalid_shuffle_after_loess,258,,0
clinical_test,invalid_shuffle_after_loess,259,61.0,2
clinical_test,invalid_shuffle_after_loess,260,,0
clinical_test,invalid_shuffle_after_loess,261,44.0,9
clinical_test,invalid_shuffle_after_loess,262,,0
clinical_test,invalid_shuffle_after_loess,263,,0
clinical_test,invalid_shuffle_after_loess,264,,0
clinical_test,invalid_shuffle_after_loess,265,,0
clinical_test,invalid_shuffle_after_loess,266,,0
clinical_test,invalid_shuffle_after_loess,267,40.0,5
clinical_test,invalid_shuffle_after_loess,268,,0
clinical_test,invalid_shuffle_after_loess,269,63.0,2
clinical_test,invalid_shuffle_after_loess,270,,0
clinical_test,invalid_shuffle_after_loess,271,,0
clinical_test,invalid_shuffle_after_loess,272,,0
clinical_test,invalid_shuffle_after_loess,273,,0
clinical_test,invalid_shuffle_after_loess,274,41.0,9
clinical_test,invalid_shuffle_after_loess,275,,0
clinical_test,invalid_shuffle_after_loess,276,51.0,6
clinical_test,invalid_shuffle_after_loess,277,52.0,17
clinical_test,invalid_shuffle_after_loess,278,42.0,4
clinical_test,invalid_shuffle_after_loess,279,47.0,2
clinical_test,invalid_shuffle_after_loess,280,,0
clinical_test,invalid_shuffle_after_loess,281,,0
clinical_test,invalid_shuffle_after_loess,282,,0
clinical_test,invalid_shuffle_after_loess,283,,0
clinical_test,invalid_shuffle_after_loess,284,,0
clinical_test,invalid_shuffle_after_loess,285,,0
clinical_test,invalid_shuffle_after_loess,286,,0
clinical_test,invalid_shuffle_after_loess,287,,0
clinical_test,invalid_shuffle_after_loess,288,,0
clinical_test,invalid_shuffle_after_loess,289,,0
clinical_test,invalid_shuffle_after_loess,290,,0
clinical_test,invalid_shuffle_after_loess,291,,0
clinical_test,invalid_shuffle_after_loess,292,,0
clinical_test,invalid_shuffle_after_loess,293,,0
clinical_test,invalid_shuffle_after_loess,294,,0
clinical_test,invalid_shuffle_after_loess,295,,0
clinical_test,invalid_shuffle_after_loess,296,,0
clinical_test,invalid_shuffle_after_loess,297,52.0,7
clinical_test,invalid_shuffle_after_loess,298,,0
clinical_test,invalid_shuffle_after_loess,299,,0
clinical_test,invalid_shuffle_after_loess,300,,0
clinical_test,invalid_shuffle_after_loess,301,,0
clinical_test,invalid_shuffle_after_loess,302,58.0,13
clinical_test,invalid_shuffle_after_loess,303,52.0,16
clinical_test,invalid_shuffle_after_loess,304,47.0,10
clinical_test,invalid_shuffle_after_loess,305,,0
clinical_test,invalid_shuffle_after_loess,306,,0
clinical_test,invalid_shuffle_after_loess,307,,0
clinical_test,invalid_shuffle_after_loess,308,40.0,9
clinical_test,invalid_shuffle_after_loess,309,,0
clinical_test,invalid_shuffle_after_loess,310,,0
clinical_test,invalid_shuffle_after_loess,311,41.0,10
clinical_test,invalid_shuffle_after_loess,312,,0
clinical_test,invalid_shuffle_after_loess,313,42.0,4
clinical_test,invalid_shuffle_after_loess,314,,0
clinical_test,invalid_shuffle_after_loess,315,,0
clinical_test,invalid_shuffle_after_loess,316,,0
clinical_test,invalid_shuffle_after_loess,317,52.0,4
clinical_test,invalid_shuffle_after_loess,318,,0
clinical_test,invalid_shuffle_after_loess,319,,0
clinical_test,invalid_shuffle_after_loess,320,40.0,3
clinical_test,invalid_shuffle_after_loess,321,,0
clinical_test,invalid_shuffle_after_loess,322,,0
clinical_test,invalid_shuffle_after_loess,323,,0
clinical_test,invalid_shuffle_after_loess,324,,0
clinical_test,invalid_shuffle_after_loess,325,61.0,1
clinical_test,invalid_shuffle_after_loess,326,,0
clinical_test,invalid_shuffle_after_loess,327,,0
clinical_test,invalid_shuffle_after_loess,328,,0
clinical_test,invalid_shuffle_after_loess,329,,0
clinical_test,invalid_shuffle_after_loess,330,,0
clinical_test,invalid_shuffle_after_loess,331,,0
clinical_test,invalid_shuffle_after_loess,332,,0
clinical_test,invalid_shuffle_after_loess,333,,0
clinical_test,invalid_shuffle_after_loess,334,,0
clinical_test,invalid_shuffle_after_loess,335,60.0,15
clinical_test,invalid_shuffle_after_loess,336,,0
clinical_test,invalid_shuffle_after_loess,337,,0
clinical_test,invalid_shuffle_after_loess,338,,0
clinical_test,invalid_shuffle_after_loess,339,,0
clinical_test,invalid_shuffle_after_loess,340,,0
clinical_test,invalid_shuffle_after_loess,341,,0
clinical_test,invalid_shuffle_after_loess,342,,0
clinical_test,invalid_shuffle_after_loess,343,,0
clinical_test,invalid_shuffle_after_loess,344,,0
clinical_test,invalid_shuffle_after_loess,345,,0
clinical_test,invalid_shuffle_after_loess,346,,0
clinical_test,invalid_shuffle_after_loess,347,,0
clinical_test,invalid_shuffle_after_loess,348,,0
clinical_test,invalid_shuffle_after_loess,349,,0
clinical_test,invalid_shuffle_after_loess,350,62.0,2
clinical_test,invalid_shuffle_after_loess,351,48.0,10
clinical_test,invalid_shuffle_after_loess,352,47.0,15
clinical_test,invalid_shuffle_after_loess,353,,0
clinical_test,invalid_shuffle_after_loess,354,40.0,9
clinical_test,invalid_shuffle_after_loess,355,40.0,5
clinical_test,invalid_shuffle_after_loess,356,,0
clinical_test,invalid_shuffle_after_loess,357,,0
clinical_test,invalid_shuffle_after_loess,358,57.0,12
clinical_test,invalid_shuffle_after_loess,359,51.0,1
clinical_test,invalid_shuffle_after_loess,360,,0
clinical_test,invalid_shuffle_after_loess,361,,0
clinical_test,invalid_shuffle_after_loess,362,43.0,9
clinical_test,invalid_shuffle_after_loess,363,,0
clinical_test,invalid_shuffle_after_loess,364,,0
clinical_test,invalid_shuffle_after_loess,365,,0
clinical_test,invalid_shuffle_after_loess,366,,0
clinical_test,invalid_shuffle_after_loess,367,,0
clinical_test,invalid_shuffle_after_loess,368,,0
clinical_test,invalid_shuffle_after_loess,369,41.0,1
clinical_test,invalid_shuffle_after_loess,370,,0
clinical_test,invalid_shuffle_after_loess,371,,0
clinical_test,invalid_shuffle_after_loess,372,,0
clinical_test,invalid_shuffle_after_loess,373,52.0,5
clinical_test,invalid_shuffle_after_loess,374,,0
clinical_test,invalid_shuffle_after_loess,375,,0
clinical_test,invalid_shuffle_after_loess,376,59.0,3
clinical_test,invalid_shuffle_after_loess,377,,0
clinical_test,invalid_shuffle_after_loess,378,,0
clinical_test,invalid_shuffle_after_loess,379,47.0,2
clinical_test,invalid_shuffle_after_loess,380,,0
clinical_test,invalid_shuffle_after_loess,381,64.0,4
clinical_test,invalid_shuffle_after_loess,382,,0
clinical_test,invalid_shuffle_after_loess,383,,0
clinical_test,invalid_shuffle_after_loess,384,43.0,2
clinical_test,invalid_shuffle_after_loess,385,,0
clinical_test,invalid_shuffle_after_loess,386,,0
clinical_test,invalid_shuffle_after_loess,387,,0
clinical_test,invalid_shuffle_after_loess,388,,0
clinical_test,invalid_shuffle_after_loess,389,,0
clinical_test,invalid_shuffle_after_loess,390,,0
clinical_test,invalid_shuffle_after_loess,391,,0
clinical_test,invalid_shuffle_after_loess,392,,0
clinical_test,invalid_shuffle_after_loess,393,,0
clinical_test,invalid_shuffle_after_loess,394,48.0,1
clinical_test,invalid_shuffle_after_loess,395,59.0,9
clinical_test,invalid_shuffle_after_loess,396,45.0,2
clinical_test,invalid_shuffle_after_loess,397,53.0,3
clinical_test,invalid_shuffle_after_loess,398,,0
clinical_test,invalid_shuffle_after_loess,399,,0
clinical_test,invalid_shuffle_after_loess,400,,0
clinical_test,invalid_shuffle_after_loess,401,54.0,12
clinical_test,invalid_shuffle_after_loess,402,,0
clinical_test,invalid_shuffle_after_loess,403,64.0,9
clinical_test,invalid_shuffle_after_loess,404,,0
clinical_test,invalid_shuffle_after_loess,405,,0
clinical_test,invalid_shuffle_after_loess,406,,0
clinical_test,invalid_shuffle_after_loess,407,,0
clinical_test,invalid_shuffle_after_loess,408,56.0,4
clinical_test,invalid_shuffle_after_loess,409,64.0,4
clinical_test,invalid_shuffle_after_loess,410,,0
clinical_test,invalid_shuffle_after_loess,411,,0
clinical_test,invalid_shuffle_after_loess,412,41.0,16
clinical_test,invalid_shuffle_after_loess,413,,0
clinical_test,invalid_shuffle_after_loess,414,56.0,6
clinical_test,invalid_shuffle_after_loess,415,62.0,10
clinical_test,invalid_shuffle_after_loess,416,,0
clinical_test,invalid_shuffle_after_loess,417,,0
clinical_test,invalid_shuffle_after_loess,418,,0
clinical_test,invalid_shuffle_after_loess,419,,0
clinical_test,invalid_shuffle_after_loess,420,,0
clinical_test,invalid_shuffle_after_loess,421,,0
clinical_test,invalid_shuffle_after_loess,422,,0
clinical_test,invalid_shuffle_after_loess,423,,0
clinical_test,invalid_shuffle_after_loess,424,,0
clinical_test,invalid_shuffle_after_loess,425,,0
clinical_test,invalid_shuffle_after_loess,426,63.0,9
clinical_test,invalid_shuffle_after_loess,427,52.0,13
clinical_test,invalid_shuffle_after_loess,428,,0
clinical_test,invalid_shuffle_after_loess,429,,0
clinical_test,invalid_shuffle_after_loess,430,48.0,2
clinical_test,invalid_shuffle_after_loess,431,,0
clinical_test,invalid_shuffle_after_loess,432,57.0,4
clinical_test,invalid_shuffle_after_loess,433,,0
clinical_test,invalid_shuffle_after_loess,434,,0
clinical_test,invalid_shuffle_after_loess,435,,0
clinical_test,invalid_shuffle_after_loess,436,,0
clinical_test,invalid_shuffle_after_loess,437,,0
clinical_test,invalid_shuffle_after_loess,438,,0
clinical_test,invalid_shuffle_after_loess,439,,0
clinical_test,invalid_shuffle_after_loess,440,,0
clinical_test,invalid_shuffle_after_loess,441,,0
clinical_test,invalid_shuffle_after_loess,442,48.0,4
clinical_test,invalid_shuffle_after_loess,443,,0
clinical_test,invalid_shuffle_after_loess,444,,0
clinical_test,invalid_shuffle_after_loess,445,,0
clinical_test,invalid_shuffle_after_loess,446,,0
clinical_test,invalid_shuffle_after_loess,447,59.0,16
clinical_test,invalid_shuffle_after_loess,448,,0
clinical_test,invalid_shuffle_after_loess,449,,0
clinical_test,invalid_shuffle_after_loess,450,,0
clinical_test,invalid_shuffle_after_loess,451,,0
clinical_test,invalid_shuffle_after_loess,452,,0
clinical_test,invalid_shuffle_after_loess,453,45.0,9
clinical_test,invalid_shuffle_after_loess,454,,0
clinical_test,invalid_shuffle_after_loess,455,47.0,2
clinical_test,invalid_shuffle_after_loess,456,,0
clinical_test,invalid_shuffle_after_loess,457,,0
clinical_test,invalid_shuffle_after_loess,458,52.0,1
clinical_test,invalid_shuffle_after_loess,459,,0
clinical_test,invalid_shuffle_after_loess,460,,0
clinical_test,invalid_shuffle_after_loess,461,54.0,1
clinical_test,invalid_shuffle_after_loess,462,,0
clinical_test,invalid_shuffle_after_loess,463,64.0,4
clinical_test,invalid_shuffle_after_loess,464,,0
clinical_test,invalid_shuffle_after_loess,465,40.0,1
clinical_test,invalid_shuffle_after_loess,466,,0
clinical_test,invalid_shuffle_after_loess,467,,0
clinical_test,invalid_shuffle_after_loess,468,,0
clinical_test,invalid_shuffle_after_loess,469,,0
clinical_test,invalid_shuffle_after_loess,470,,0
clinical_test,invalid_shuffle_after_loess,471,49.0,3
clinical_test,invalid_shuffle_after_loess,472,,0
clinical_test,invalid_shuffle_after_loess,473,58.0,3
clinical_test,invalid_shuffle_after_loess,474,,0
clinical_test,invalid_shuffle_after_loess,475,,0
clinical_test,invalid_shuffle_after_loess,476,,0
clinical_test,invalid_shuffle_after_loess,477,,0
clinical_test,invalid_shuffle_after_loess,478,,0
clinical_test,invalid_shuffle_after_loess,479,47.0,5
clinical_test,invalid_shuffle_after_loess,480,40.0,3
clinical_test,invalid_shuffle_after_loess,481,50.0,2
clinical_test,invalid_shuffle_after_loess,482,42.0,2
clinical_test,invalid_shuffle_after_loess,483,,0
clinical_test,invalid_shuffle_after_loess,484,,0
clinical_test,invalid_shuffle_after_loess,485,52.0,10
clinical_test,invalid_shuffle_after_loess,486,,0
clinical_test,invalid_shuffle_after_loess,487,,0
clinical_test,invalid_shuffle_after_loess,488,64.0,3
clinical_test,invalid_shuffle_after_loess,489,,0
clinical_test,invalid_shuffle_after_loess,490,,0
clinical_test,invalid_shuffle_after_loess,491,48.0,3
clinical_test,invalid_shuffle_after_loess,492,59.0,17
clinical_test,invalid_shuffle_after_loess,493,,0
clinical_test,invalid_shuffle_after_loess,494,49.0,2
clinical_test,invalid_shuffle_after_loess,495,,0
clinical_test,invalid_shuffle_after_loess,496,61.0,2
clinical_test,invalid_shuffle_after_loess,497,47.0,3
clinical_test,invalid_shuffle_after_loess,498,64.0,1
clinical_test,invalid_shuffle_after_loess,499,,0
clinical_test,invalid_shuffle_after_loess,500,,0
clinical_test,invalid_shuffle_after_loess,501,,0
clinical_test,invalid_shuffle_after_loess,502,,0
clinical_test,invalid_shuffle_after_loess,503,,0
clinical_test,invalid_shuffle_after_loess,504,,0
clinical_test,invalid_shuffle_after_loess,505,,0
clinical_test,invalid_shuffle_after_loess,506,,0
clinical_test,invalid_shuffle_after_loess,507,,0
clinical_test,invalid_shuffle_after_loess,508,,0
clinical_test,invalid_shuffle_after_loess,509,,0
clinical_test,invalid_shuffle_after_loess,510,,0
clinical_test,invalid_shuffle_after_loess,511,63.0,16
clinical_test,invalid_shuffle_after_loess,512,,0
clinical_test,invalid_shuffle_after_loess,513,,0
clinical_test,invalid_shuffle_after_loess,514,,0
clinical_test,invalid_shuffle_after_loess,515,40.0,11
clinical_test,invalid_shuffle_after_loess,516,,0
clinical_test,invalid_shuffle_after_loess,517,44.0,4
clinical_test,invalid_shuffle_after_loess,518,,0
clinical_test,invalid_shuffle_after_loess,519,62.0,6
clinical_test,invalid_shuffle_after_loess,520,,0
clinical_test,invalid_shuffle_after_loess,521,,0
clinical_test,invalid_shuffle_after_loess,522,62.0,17
clinical_test,invalid_shuffle_after_loess,523,51.0,7
clinical_test,invalid_shuffle_after_loess,524,,0
clinical_test,invalid_shuffle_after_loess,525,,0
clinical_test,invalid_shuffle_after_loess,526,,0
clinical_test,invalid_shuffle_after_loess,527,,0
clinical_test,invalid_shuffle_after_loess,528,,0
clinical_test,invalid_shuffle_after_loess,529,,0
clinical_test,invalid_shuffle_after_loess,530,,0
clinical_test,invalid_shuffle_after_loess,531,,0
clinical_test,invalid_shuffle_after_loess,532,,0
clinical_test,invalid_shuffle_after_loess,533,63.0,1
clinical_test,invalid_shuffle_after_loess,534,59.0,3
clinical_test,invalid_shuffle_after_loess,535,,0
clinical_test,invalid_shuffle_after_loess,536,40.0,3
clinical_test,invalid_shuffle_after_loess,537,,0
clinical_test,invalid_shuffle_after_loess,538,,0
clinical_test,invalid_shuffle_after_loess,539,58.0,5
clinical_test,invalid_shuffle_after_loess,540,,0
clinical_test,invalid_shuffle_after_loess,541,,0
clinical_test,invalid_shuffle_after_loess,542,,0
clinical_test,invalid_shuffle_after_loess,543,,0
clinical_test,invalid_shuffle_after_loess,544,45.0,11
clinical_test,invalid_shuffle_after_loess,545,53.0,2
clinical_test,invalid_shuffle_after_loess,546,,0
clinical_test,invalid_shuffle_after_loess,547,60.0,9
clinical_test,invalid_shuffle_after_loess,548,,0
clinical_test,invalid_shuffle_after_loess,549,,0
clinical_test,invalid_shuffle_after_loess,550,,0
clinical_test,invalid_shuffle_after_loess,551,,0
clinical_test,invalid_shuffle_after_loess,552,49.0,2
clinical_test,invalid_shuffle_after_loess,553,,0
clinical_test,invalid_shuffle_after_loess,554,,0
clinical_test,invalid_shuffle_after_loess,555,,0
clinical_test,invalid_shuffle_after_loess,556,,0
clinical_test,invalid_shuffle_after_loess,557,,0
clinical_test,invalid_shuffle_after_loess,558,,0
clinical_test,invalid_shuffle_after_loess,559,,0
clinical_test,invalid_shuffle_after_loess,560,59.0,14
clinical_test,invalid_shuffle_after_loess,561,,0
clinical_test,invalid_shuffle_after_loess,562,,0
clinical_test,invalid_shuffle_after_loess,563,,0
clinical_test,invalid_shuffle_after_loess,564,,0
clinical_test,invalid_shuffle_after_loess,565,,0
clinical_test,invalid_shuffle_after_loess,566,61.0,4
clinical_test,invalid_shuffle_after_loess,567,,0
clinical_test,invalid_shuffle_after_loess,568,,0
clinical_test,invalid_shuffle_after_loess,569,,0
clinical_test,invalid_shuffle_after_loess,570,,0
clinical_test,invalid_shuffle_after_loess,571,,0
clinical_test,invalid_shuffle_after_loess,572,,0
clinical_test,invalid_shuffle_after_loess,573,59.0,6
clinical_test,invalid_shuffle_after_loess,574,,0
clinical_test,invalid_shuffle_after_loess,575,,0
clinical_test,invalid_shuffle_after_loess,576,59.0,9
clinical_test,invalid_shuffle_after_loess,577,,0
clinical_test,invalid_shuffle_after_loess,578,,0
clinical_test,invalid_shuffle_after_loess,579,,0
clinical_test,invalid_shuffle_after_loess,580,43.0,5
clinical_test,invalid_shuffle_after_loess,581,61.0,4
clinical_test,invalid_shuffle_after_loess,582,,0
clinical_test,invalid_shuffle_after_loess,583,,0
clinical_test,invalid_shuffle_after_loess,584,61.0,9
clinical_test,invalid_shuffle_after_loess,585,62.0,1
clinical_test,invalid_shuffle_after_loess,586,50.0,5
clinical_test,invalid_shuffle_after_loess,587,51.0,2
clinical_test,invalid_shuffle_after_loess,588,49.0,1
clinical_test,invalid_shuffle_after_loess,589,,0
clinical_test,invalid_shuffle_after_loess,590,57.0,9
clinical_test,invalid_shuffle_after_loess,591,,0
clinical_test,invalid_shuffle_after_loess,592,,0
clinical_test,invalid_shuffle_after_loess,593,64.0,3
clinical_test,invalid_shuffle_after_loess,594,,0
clinical_test,invalid_shuffle_after_loess,595,,0
clinical_test,invalid_shuffle_after_loess,596,64.0,12
clinical_test,invalid_shuffle_after_loess,597,46.0,13
clinical_test,invalid_shuffle_after_loess,598,,0
clinical_test,invalid_shuffle_after_loess,599,,0
clinical_test,invalid_shuffle_after_loess,600,,0
clinical_test,invalid_shuffle_after_loess,601,,0
clinical_test,invalid_shuffle_after_loess,602,44.0,7
clinical_test,invalid_shuffle_after_loess,603,,0
clinical_test,invalid_shuffle_after_loess,604,,0
clinical_test,invalid_shuffle_after_loess,605,,0
clinical_test,invalid_shuffle_after_loess,606,,0
clinical_test,invalid_shuffle_after_loess,607,,0
clinical_test,invalid_shuffle_after_loess,608,,0
clinical_test,invalid_shuffle_after_loess,609,61.0,1
clinical_test,invalid_shuffle_after_loess,610,56.0,15
clinical_test,invalid_shuffle_after_loess,611,,0
clinical_test,invalid_shuffle_after_loess,612,,0
clinical_test,invalid_shuffle_after_loess,613,44.0,7
clinical_test,invalid_shuffle_after_loess,614,,0
clinical_test,invalid_shuffle_after_loess,615,63.0,6
clinical_test,invalid_shuffle_after_loess,616,,0
clinical_test,invalid_shuffle_after_loess,617,,0
clinical_test,invalid_shuffle_after_loess,618,,0
clinical_test,invalid_shuffle_after_loess,619,,0
clinical_test,invalid_shuffle_after_loess,620,64.0,14
clinical_test,invalid_shuffle_after_loess,621,,0
clinical_test,invalid_shuffle_after_loess,622,,0
clinical_test,invalid_shuffle_after_loess,623,,0
clinical_test,invalid_shuffle_after_loess,624,63.0,12
clinical_test,invalid_shuffle_after_loess,625,47.0,1
clinical_test,invalid_shuffle_after_loess,626,,0
clinical_test,invalid_shuffle_after_loess,627,,0
clinical_test,invalid_shuffle_after_loess,628,,0
clinical_test,invalid_shuffle_after_loess,629,46.0,3
clinical_test,invalid_shuffle_after_loess,630,,0
clinical_test,invalid_shuffle_after_loess,631,55.0,7
clinical_test,invalid_shuffle_after_loess,632,,0
clinical_test,invalid_shuffle_after_loess,633,53.0,7
clinical_test,invalid_shuffle_after_loess,634,,0
clinical_test,invalid_shuffle_after_loess,635,42.0,3
clinical_test,invalid_shuffle_after_loess,636,,0
clinical_test,invalid_shuffle_after_loess,637,63.0,5
clinical_test,invalid_shuffle_after_loess,638,60.0,3
clinical_test,invalid_shuffle_after_loess,639,,0
clinical_test,invalid_shuffle_after_loess,640,,0
clinical_test,invalid_shuffle_after_loess,641,,0
clinical_test,invalid_shuffle_after_loess,642,58.0,9
clinical_test,invalid_shuffle_after_loess,643,57.0,4
clinical_test,invalid_shuffle_after_loess,644,40.0,5
clinical_test,invalid_shuffle_after_loess,645,,0
clinical_test,invalid_shuffle_after_loess,646,43.0,4
clinical_test,invalid_shuffle_after_loess,647,,0
clinical_test,invalid_shuffle_after_loess,648,,0
clinical_test,invalid_shuffle_after_loess,649,,0
clinical_test,invalid_shuffle_after_loess,650,,0
clinical_test,invalid_shuffle_after_loess,651,,0
clinical_test,invalid_shuffle_after_loess,652,64.0,5
clinical_test,invalid_shuffle_after_loess,653,,0
clinical_test,invalid_shuffle_after_loess,654,58.0,7
clinical_test,invalid_shuffle_after_loess,655,58.0,12
clinical_test,invalid_shuffle_after_loess,656,45.0,13
clinical_test,invalid_shuffle_after_loess,657,56.0,1
clinical_test,invalid_shuffle_after_loess,658,49.0,2
clinical_test,invalid_shuffle_after_loess,659,,0
clinical_test,invalid_shuffle_after_loess,660,62.0,14
clinical_test,invalid_shuffle_after_loess,661,,0
clinical_test,invalid_shuffle_after_loess,662,43.0,13
clinical_test,invalid_shuffle_after_loess,663,,0
clinical_test,invalid_shuffle_after_loess,664,,0
clinical_test,invalid_shuffle_after_loess,665,,0
clinical_test,invalid_shuffle_after_loess,666,,0
clinical_test,invalid_shuffle_after_loess,667,,0
clinical_test,invalid_shuffle_after_loess,668,50.0,3
clinical_test,invalid_shuffle_after_loess,669,,0
clinical_test,invalid_shuffle_after_loess,670,49.0,15
clinical_test,invalid_shuffle_after_loess,671,,0
clinical_test,invalid_shuffle_after_loess,672,,0
clinical_test,invalid_shuffle_after_loess,673,,0
clinical_test,invalid_shuffle_after_loess,674,40.0,14
clinical_test,invalid_shuffle_after_loess,675,,0
clinical_test,invalid_shuffle_after_loess,676,,0
clinical_test,invalid_shuffle_after_loess,677,,0
clinical_test,invalid_shuffle_after_loess,678,,0
clinical_test,invalid_shuffle_after_loess,679,47.0,5
clinical_test,invalid_shuffle_after_loess,680,,0
clinical_test,invalid_shuffle_after_loess,681,,0
clinical_test,invalid_shuffle_after_loess,682,,0
clinical_test,invalid_shuffle_after_loess,683,,0
clinical_test,invalid_shuffle_after_loess,684,50.0,6
clinical_test,invalid_shuffle_after_loess,685,,0
clinical_test,invalid_shuffle_after_loess,686,,0
clinical_test,invalid_shuffle_after_loess,687,,0
clinical_test,invalid_shuffle_after_loess,688,,0
clinical_test,invalid_shuffle_after_loess,689,,0
clinical_test,invalid_shuffle_after_loess,690,,0
clinical_test,invalid_shuffle_after_loess,691,,0
clinical_test,invalid_shuffle_after_loess,692,,0
clinical_test,invalid_shuffle_after_loess,693,,0
clinical_test,invalid_shuffle_after_loess,694,53.0,3
clinical_test,invalid_shuffle_after_loess,695,,0
clinical_test,invalid_shuffle_after_loess,696,,0
clinical_test,invalid_shuffle_after_loess,697,,0
clinical_test,invalid_shuffle_after_loess,698,51.0,2
clinical_test,invalid_shuffle_after_loess,699,,0
clinical_test,invalid_shuffle_after_loess,700,,0
clinical_test,invalid_shuffle_after_loess,701,,0
clinical_test,invalid_shuffle_after_loess,702,,0
clinical_test,invalid_shuffle_after_loess,703,,0
clinical_test,invalid_shuffle_after_loess,704,62.0,10
clinical_test,invalid_shuffle_after_loess,705,64.0,4
clinical_test,invalid_shuffle_after_loess,706,,0
clinical_test,invalid_shuffle_after_loess,707,,0
clinical_test,invalid_shuffle_after_loess,708,,0
clinical_test,invalid_shuffle_after_loess,709,,0
clinical_test,invalid_shuffle_after_loess,710,,0
clinical_test,invalid_shuffle_after_loess,711,40.0,7
clinical_test,invalid_shuffle_after_loess,712,,0
clinical_test,invalid_shuffle_after_loess,713,,0
clinical_test,invalid_shuffle_after_loess,714,,0
clinical_test,invalid_shuffle_after_loess,715,,0
clinical_test,invalid_shuffle_after_loess,716,,0
clinical_test,invalid_shuffle_after_loess,717,,0
clinical_test,invalid_shuffle_after_loess,718,,0
clinical_test,invalid_shuffle_after_loess,719,,0
clinical_test,invalid_shuffle_after_loess,720,,0
clinical_test,invalid_shuffle_after_loess,721,43.0,2
clinical_test,invalid_shuffle_after_loess,722,59.0,4
clinical_test,invalid_shuffle_after_loess,723,53.0,13
clinical_test,invalid_shuffle_after_loess,724,50.0,4
clinical_test,invalid_shuffle_after_loess,725,,0
clinical_test,invalid_shuffle_after_loess,726,42.0,17
clinical_test,invalid_shuffle_after_loess,727,,0
clinical_test,invalid_shuffle_after_loess,728,,0
clinical_test,invalid_shuffle_after_loess,729,,0
clinical_test,invalid_shuffle_after_loess,730,,0
clinical_test,invalid_shuffle_after_loess,731,,0
clinical_test,invalid_shuffle_after_loess,732,,0
clinical_test,invalid_shuffle_after_loess,733,,0
clinical_test,invalid_shuffle_after_loess,734,,0
clinical_test,invalid_shuffle_after_loess,735,,0
clinical_test,invalid_shuffle_after_loess,736,49.0,3
clinical_test,invalid_shuffle_after_loess,737,,0
clinical_test,invalid_shuffle_after_loess,738,,0
clinical_test,invalid_shuffle_after_loess,739,49.0,1
clinical_test,invalid_shuffle_after_loess,740,,0
clinical_test,invalid_shuffle_after_loess,741,,0
clinical_test,invalid_shuffle_after_loess,742,,0
clinical_test,invalid_shuffle_after_loess,743,,0
clinical_test,invalid_shuffle_after_loess,744,,0
clinical_test,invalid_shuffle_after_loess,745,,0
clinical_test,invalid_shuffle_after_loess,746,,0
clinical_test,invalid_shuffle_after_loess,747,,0
clinical_test,invalid_shuffle_after_loess,748,,0
clinical_test,invalid_shuffle_after_loess,749,52.0,7
clinical_test,invalid_shuffle_after_loess,750,,0
clinical_test,invalid_shuffle_after_loess,751,,0
clinical_test,invalid_shuffle_after_loess,752,,0
clinical_test,invalid_shuffle_after_loess,753,,0
clinical_test,invalid_shuffle_after_loess,754,,0
clinical_test,invalid_shuffle_after_loess,755,40.0,10
clinical_test,invalid_shuffle_after_loess,756,,0
clinical_test,invalid_shuffle_after_loess,757,52.0,7
clinical_test,invalid_shuffle_after_loess,758,,0
clinical_test,invalid_shuffle_after_loess,759,,0
clinical_test,invalid_shuffle_after_loess,760,44.0,4
clinical_test,invalid_shuffle_after_loess,761,,0
clinical_test,invalid_shuffle_after_loess,762,48.0,6
clinical_test,invalid_shuffle_after_loess,763,,0
clinical_test,invalid_shuffle_after_loess,764,,0
clinical_test,invalid_shuffle_after_loess,765,,0
clinical_test,invalid_shuffle_after_loess,766,,0
clinical_test,invalid_shuffle_after_loess,767,,0
clinical_test,invalid_shuffle_after_loess,768,,0
clinical_test,invalid_shuffle_after_loess,769,,0
clinical_test,invalid_shuffle_after_loess,770,41.0,9
clinical_test,invalid_shuffle_after_loess,771,52.0,2
clinical_test,invalid_shuffle_after_loess,772,57.0,9
clinical_test,invalid_shuffle_after_loess,773,,0
clinical_test,invalid_shuffle_after_loess,774,47.0,8
clinical_test,invalid_shuffle_after_loess,775,,0
clinical_test,invalid_shuffle_after_loess,776,,0
clinical_test,invalid_shuffle_after_loess,777,,0
clinical_test,invalid_shuffle_after_loess,778,,0
clinical_test,invalid_shuffle_after_loess,779,,0
clinical_test,invalid_shuffle_after_loess,780,,0
clinical_test,invalid_shuffle_after_loess,781,55.0,9
clinical_test,invalid_shuffle_after_loess,782,,0
clinical_test,invalid_shuffle_after_loess,783,,0
clinical_test,invalid_shuffle_after_loess,784,,0
clinical_test,invalid_shuffle_after_loess,785,,0
clinical_test,invalid_shuffle_after_loess,786,,0
clinical_test,invalid_shuffle_after_loess,787,,0
clinical_test,invalid_shuffle_after_loess,788,,0
clinical_test,invalid_shuffle_after_loess,789,,0
clinical_test,invalid_shuffle_after_loess,790,,0
clinical_test,invalid_shuffle_after_loess,791,,0
clinical_test,invalid_shuffle_after_loess,792,57.0,9
clinical_test,invalid_shuffle_after_loess,793,64.0,3
clinical_test,invalid_shuffle_after_loess,794,54.0,6
clinical_test,invalid_shuffle_after_loess,795,62.0,14
clinical_test,invalid_shuffle_after_loess,796,,0
clinical_test,invalid_shuffle_after_loess,797,,0
clinical_test,invalid_shuffle_after_loess,798,,0
clinical_test,invalid_shuffle_after_loess,799,,0
clinical_test,invalid_shuffle_after_loess,800,51.0,3
clinical_test,invalid_shuffle_after_loess,801,,0
clinical_test,invalid_shuffle_after_loess,802,40.0,4
clinical_test,invalid_shuffle_after_loess,803,,0
clinical_test,invalid_shuffle_after_loess,804,52.0,14
clinical_test,invalid_shuffle_after_loess,805,,0
clinical_test,invalid_shuffle_after_loess,806,,0
clinical_test,invalid_shuffle_after_loess,807,,0
clinical_test,invalid_shuffle_after_loess,808,,0
clinical_test,invalid_shuffle_after_loess,809,,0
clinical_test,invalid_shuffle_after_loess,810,,0
clinical_test,invalid_shuffle_after_loess,811,,0
clinical_test,invalid_shuffle_after_loess,812,,0
clinical_test,invalid_shuffle_after_loess,813,,0
clinical_test,invalid_shuffle_after_loess,814,,0
clinical_test,invalid_shuffle_after_loess,815,,0
clinical_test,invalid_shuffle_after_loess,816,64.0,7
clinical_test,invalid_shuffle_after_loess,817,41.0,3
clinical_test,invalid_shuffle_after_loess,818,58.0,20
clinical_test,invalid_shuffle_after_loess,819,58.0,23
clinical_test,invalid_shuffle_after_loess,820,,0
clinical_test,invalid_shuffle_after_loess,821,,0
clinical_test,invalid_shuffle_after_loess,822,,0
clinical_test,invalid_shuffle_after_loess,823,,0
clinical_test,invalid_shuffle_after_loess,824,,0
clinical_test,invalid_shuffle_after_loess,825,,0
clinical_test,invalid_shuffle_after_loess,826,,0
clinical_test,invalid_shuffle_after_loess,827,,0
clinical_test,invalid_shuffle_after_loess,828,48.0,16
clinical_test,invalid_shuffle_after_loess,829,49.0,2
clinical_test,invalid_shuffle_after_loess,830,46.0,3
clinical_test,invalid_shuffle_after_loess,831,55.0,9
clinical_test,invalid_shuffle_after_loess,832,,0
clinical_test,invalid_shuffle_after_loess,833,,0
clinical_test,invalid_shuffle_after_loess,834,41.0,17
clinical_test,invalid_shuffle_after_loess,835,44.0,10
clinical_test,invalid_shuffle_after_loess,836,,0
clinical_test,invalid_shuffle_after_loess,837,,0
clinical_test,invalid_shuffle_after_loess,838,41.0,14
clinical_test,invalid_shuffle_after_loess,839,,0
clinical_test,invalid_shuffle_after_loess,840,62.0,1
clinical_test,invalid_shuffle_after_loess,841,,0
clinical_test,invalid_shuffle_after_loess,842,,0
clinical_test,invalid_shuffle_after_loess,843,54.0,7
clinical_test,invalid_shuffle_after_loess,844,,0
clinical_test,invalid_shuffle_after_loess,845,,0
clinical_test,invalid_shuffle_after_loess,846,,0
clinical_test,invalid_shuffle_after_loess,847,,0
clinical_test,invalid_shuffle_after_loess,848,,0
clinical_test,invalid_shuffle_after_loess,849,,0
clinical_test,invalid_shuffle_after_loess,850,64.0,3
clinical_test,invalid_shuffle_after_loess,851,,0
clinical_test,invalid_shuffle_after_loess,852,,0
clinical_test,invalid_shuffle_after_loess,853,,0
clinical_test,invalid_shuffle_after_loess,854,,0
clinical_test,invalid_shuffle_after_loess,855,,0
clinical_test,invalid_shuffle_after_loess,856,54.0,7
clinical_test,invalid_shuffle_after_loess,857,,0
clinical_test,invalid_shuffle_after_loess,858,,0
clinical_test,invalid_shuffle_after_loess,859,,0
clinical_test,invalid_shuffle_after_loess,860,,0
clinical_test,invalid_shuffle_after_loess,861,,0
clinical_test,invalid_shuffle_after_loess,862,,0
clinical_test,invalid_shuffle_after_loess,863,,0
clinical_test,invalid_shuffle_after_loess,864,64.0,8
clinical_test,invalid_shuffle_after_loess,865,,0
clinical_test,invalid_shuffle_after_loess,866,,0
clinical_test,invalid_shuffle_after_loess,867,,0
clinical_test,invalid_shuffle_after_loess,868,,0
clinical_test,invalid_shuffle_after_loess,869,,0
clinical_test,invalid_shuffle_after_loess,870,40.0,6
clinical_test,invalid_shuffle_after_loess,871,,0
clinical_test,invalid_shuffle_after_loess,872,,0
clinical_test,invalid_shuffle_after_loess,873,,0
clinical_test,invalid_shuffle_after_loess,874,,0
clinical_test,invalid_shuffle_after_loess,875,53.0,1
clinical_test,invalid_shuffle_after_loess,876,,0
clinical_test,invalid_shuffle_after_loess,877,,0
clinical_test,invalid_shuffle_after_loess,878,50.0,10
clinical_test,invalid_shuffle_after_loess,879,63.0,6
clinical_test,invalid_shuffle_after_loess,880,,0
clinical_test,invalid_shuffle_after_loess,881,,0
clinical_test,invalid_shuffle_after_loess,882,53.0,6
clinical_test,invalid_shuffle_after_loess,883,43.0,13
clinical_test,invalid_shuffle_after_loess,884,41.0,2
clinical_test,invalid_shuffle_after_loess,885,,0
clinical_test,invalid_shuffle_after_loess,886,,0
clinical_test,invalid_shuffle_after_loess,887,,0
clinical_test,invalid_shuffle_after_loess,888,,0
clinical_test,invalid_shuffle_after_loess,889,52.0,21
clinical_test,invalid_shuffle_after_loess,890,54.0,2
clinical_test,invalid_shuffle_after_loess,891,48.0,5
clinical_test,invalid_shuffle_after_loess,892,50.0,1
clinical_test,invalid_shuffle_after_loess,893,48.0,19
clinical_test,invalid_shuffle_after_loess,894,45.0,1
clinical_test,invalid_shuffle_after_loess,895,,0
clinical_test,invalid_shuffle_after_loess,896,45.0,8
clinical_test,invalid_shuffle_after_loess,897,,0
clinical_test,invalid_shuffle_after_loess,898,42.0,7
clinical_test,invalid_shuffle_after_loess,899,,0
clinical_test,invalid_shuffle_after_loess,900,,0
clinical_test,invalid_shuffle_after_loess,901,,0
clinical_test,invalid_shuffle_after_loess,902,,0
clinical_test,invalid_shuffle_after_loess,903,,0
clinical_test,invalid_shuffle_after_loess,904,,0
clinical_test,invalid_shuffle_after_loess,905,55.0,6
clinical_test,invalid_shuffle_after_loess,906,,0
clinical_test,invalid_shuffle_after_loess,907,,0
clinical_test,invalid_shuffle_after_loess,908,,0
clinical_test,invalid_shuffle_after_loess,909,,0
clinical_test,invalid_shuffle_after_loess,910,,0
clinical_test,invalid_shuffle_after_loess,911,,0
clinical_test,invalid_shuffle_after_loess,912,,0
clinical_test,invalid_shuffle_after_loess,913,,0
clinical_test,invalid_shuffle_after_loess,914,55.0,8
clinical_test,invalid_shuffle_after_loess,915,47.0,1
clinical_test,invalid_shuffle_after_loess,916,64.0,3
clinical_test,invalid_shuffle_after_loess,917,,0
clinical_test,invalid_shuffle_after_loess,918,,0
clinical_test,invalid_shuffle_after_loess,919,,0
clinical_test,invalid_shuffle_after_loess,920,,0
clinical_test,invalid_shuffle_after_loess,921,,0
clinical_test,invalid_shuffle_after_loess,922,,0
clinical_test,invalid_shuffle_after_loess,923,,0
clinical_test,invalid_shuffle_after_loess,924,,0
clinical_test,invalid_shuffle_after_loess,925,,0
clinical_test,invalid_shuffle_after_loess,926,50.0,6
clinical_test,invalid_shuffle_after_loess,927,,0
clinical_test,invalid_shuffle_after_loess,928,55.0,3
clinical_test,invalid_shuffle_after_loess,929,,0
clinical_test,invalid_shuffle_after_loess,930,,0
clinical_test,invalid_shuffle_after_loess,931,,0
clinical_test,invalid_shuffle_after_loess,932,,0
clinical_test,invalid_shuffle_after_loess,933,,0
clinical_test,invalid_shuffle_after_loess,934,55.0,10
clinical_test,invalid_shuffle_after_loess,935,,0
clinical_test,invalid_shuffle_after_loess,936,,0
clinical_test,invalid_shuffle_after_loess,937,,0
clinical_test,invalid_shuffle_after_loess,938,,0
clinical_test,invalid_shuffle_after_loess,939,46.0,1
clinical_test,invalid_shuffle_after_loess,940,,0
clinical_test,invalid_shuffle_after_loess,941,,0
clinical_test,invalid_shuffle_after_loess,942,,0
clinical_test,invalid_shuffle_after_loess,943,,0
clinical_test,invalid_shuffle_after_loess,944,52.0,8
clinical_test,invalid_shuffle_after_loess,945,,0
clinical_test,invalid_shuffle_after_loess,946,,0
clinical_test,invalid_shuffle_after_loess,947,,0
clinical_test,invalid_shuffle_after_loess,948,,0
clinical_test,invalid_shuffle_after_loess,949,,0
clinical_test,invalid_shuffle_after_loess,950,,0
clinical_test,invalid_shuffle_after_loess,951,,0
clinical_test,invalid_shuffle_after_loess,952,,0
clinical_test,invalid_shuffle_after_loess,953,,0
clinical_test,invalid_shuffle_after_loess,954,,0
clinical_test,invalid_shuffle_after_loess,955,62.0,10
clinical_test,invalid_shuffle_after_loess,956,,0
clinical_test,invalid_shuffle_after_loess,957,,0
clinical_test,invalid_shuffle_after_loess,958,,0
clinical_test,invalid_shuffle_after_loess,959,,0
clinical_test,invalid_shuffle_after_loess,960,,0
clinical_test,invalid_shuffle_after_loess,961,,0
clinical_test,invalid_shuffle_after_loess,962,,0
clinical_test,invalid_shuffle_after_loess,963,53.0,12
clinical_test,invalid_shuffle_after_loess,964,48.0,9
clinical_test,invalid_shuffle_after_loess,965,63.0,12
clinical_test,invalid_shuffle_after_loess,966,50.0,13
clinical_test,invalid_shuffle_after_loess,967,,0
clinical_test,invalid_shuffle_after_loess,968,,0
clinical_test,invalid_shuffle_after_loess,969,,0
clinical_test,invalid_shuffle_after_loess,970,53.0,12
clinical_test,invalid_shuffle_after_loess,971,,0
clinical_test,invalid_shuffle_after_loess,972,40.0,1
clinical_test,invalid_shuffle_after_loess,973,,0
clinical_test,invalid_shuffle_after_loess,974,,0
clinical_test,invalid_shuffle_after_loess,975,,0
clinical_test,invalid_shuffle_after_loess,976,,0
clinical_test,invalid_shuffle_after_loess,977,51.0,3
clinical_test,invalid_shuffle_after_loess,978,,0
clinical_test,invalid_shuffle_after_loess,979,,0
clinical_test,invalid_shuffle_after_loess,980,,0
clinical_test,invalid_shuffle_after_loess,981,64.0,9
clinical_test,invalid_shuffle_after_loess,982,,0
clinical_test,invalid_shuffle_after_loess,983,,0
clinical_test,invalid_shuffle_after_loess,984,,0
clinical_test,invalid_shuffle_after_loess,985,,0
clinical_test,invalid_shuffle_after_loess,986,,0
clinical_test,invalid_shuffle_after_loess,987,,0
clinical_test,invalid_shuffle_after_loess,988,,0
clinical_test,invalid_shuffle_after_loess,989,,0
clinical_test,invalid_shuffle_after_loess,990,46.0,2
clinical_test,invalid_shuffle_after_loess,991,,0
clinical_test,invalid_shuffle_after_loess,992,,0
clinical_test,invalid_shuffle_after_loess,993,56.0,1
clinical_test,invalid_shuffle_after_loess,994,,0
clinical_test,invalid_shuffle_after_loess,995,,0
clinical_test,invalid_shuffle_after_loess,996,53.0,8
clinical_test,invalid_shuffle_after_loess,997,,0
clinical_test,invalid_shuffle_after_loess,998,,0
clinical_test,invalid_shuffle_after_loess,999,44.0,2
plasma_metabolomics_metabolite,valid_shuffle_before_loess,0,44.0,649
plasma_metabolomics_metabolite,valid_shuffle_before_loess,1,40.0,680
plasma_metabolomics_metabolite,valid_shuffle_before_loess,2,42.0,678
plasma_metabolomics_metabolite,valid_shuffle_before_loess,3,40.0,678
plasma_metabolomics_metabolite,valid_shuffle_before_loess,4,40.0,697
plasma_metabolomics_metabolite,valid_shuffle_before_loess,5,40.0,689
plasma_metabolomics_metabolite,valid_shuffle_before_loess,6,44.0,643
plasma_metabolomics_metabolite,valid_shuffle_before_loess,7,40.0,658
plasma_metabolomics_metabolite,valid_shuffle_before_loess,8,43.0,654
plasma_metabolomics_metabolite,valid_shuffle_before_loess,9,40.0,672
plasma_metabolomics_metabolite,valid_shuffle_before_loess,10,47.0,654
plasma_metabolomics_metabolite,valid_shuffle_before_loess,11,40.0,673
plasma_metabolomics_metabolite,valid_shuffle_before_loess,12,42.0,667
plasma_metabolomics_metabolite,valid_shuffle_before_loess,13,40.0,699
plasma_metabolomics_metabolite,valid_shuffle_before_loess,14,40.0,716
plasma_metabolomics_metabolite,valid_shuffle_before_loess,15,40.0,659
plasma_metabolomics_metabolite,valid_shuffle_before_loess,16,40.0,685
plasma_metabolomics_metabolite,valid_shuffle_before_loess,17,40.0,637
plasma_metabolomics_metabolite,valid_shuffle_before_loess,18,42.0,711
plasma_metabolomics_metabolite,valid_shuffle_before_loess,19,42.0,677
plasma_metabolomics_metabolite,valid_shuffle_before_loess,20,40.0,657
plasma_metabolomics_metabolite,valid_shuffle_before_loess,21,40.0,696
plasma_metabolomics_metabolite,valid_shuffle_before_loess,22,40.0,667
plasma_metabolomics_metabolite,valid_shuffle_before_loess,23,41.0,659
plasma_metabolomics_metabolite,valid_shuffle_before_loess,24,40.0,635
plasma_metabolomics_metabolite,valid_shuffle_before_loess,25,42.0,664
plasma_metabolomics_metabolite,valid_shuffle_before_loess,26,40.0,674
plasma_metabolomics_metabolite,valid_shuffle_before_loess,27,43.0,685
plasma_metabolomics_metabolite,valid_shuffle_before_loess,28,42.0,663
plasma_metabolomics_metabolite,valid_shuffle_before_loess,29,43.0,664
plasma_metabolomics_metabolite,valid_shuffle_before_loess,30,44.0,657
plasma_metabolomics_metabolite,valid_shuffle_before_loess,31,40.0,682
plasma_metabolomics_metabolite,valid_shuffle_before_loess,32,43.0,638
plasma_metabolomics_metabolite,valid_shuffle_before_loess,33,40.0,675
plasma_metabolomics_metabolite,valid_shuffle_before_loess,34,42.0,679
plasma_metabolomics_metabolite,valid_shuffle_before_loess,35,40.0,672
plasma_metabolomics_metabolite,valid_shuffle_before_loess,36,46.0,643
plasma_metabolomics_metabolite,valid_shuffle_before_loess,37,40.0,652
plasma_metabolomics_metabolite,valid_shuffle_before_loess,38,43.0,662
plasma_metabolomics_metabolite,valid_shuffle_before_loess,39,40.0,698
plasma_metabolomics_metabolite,valid_shuffle_before_loess,40,40.0,633
plasma_metabolomics_metabolite,valid_shuffle_before_loess,41,40.0,675
plasma_metabolomics_metabolite,valid_shuffle_before_loess,42,41.0,695
plasma_metabolomics_metabolite,valid_shuffle_before_loess,43,43.0,674
plasma_metabolomics_metabolite,valid_shuffle_before_loess,44,40.0,683
plasma_metabolomics_metabolite,valid_shuffle_before_loess,45,40.0,660
plasma_metabolomics_metabolite,valid_shuffle_before_loess,46,46.0,661
plasma_metabolomics_metabolite,valid_shuffle_before_loess,47,44.0,634
plasma_metabolomics_metabolite,valid_shuffle_before_loess,48,40.0,670
plasma_metabolomics_metabolite,valid_shuffle_before_loess,49,44.0,643
plasma_metabolomics_metabolite,valid_shuffle_before_loess,50,40.0,668
plasma_metabolomics_metabolite,valid_shuffle_before_loess,51,41.0,659
plasma_metabolomics_metabolite,valid_shuffle_before_loess,52,43.0,682
plasma_metabolomics_metabolite,valid_shuffle_before_loess,53,45.0,670
plasma_metabolomics_metabolite,valid_shuffle_before_loess,54,40.0,659
plasma_metabolomics_metabolite,valid_shuffle_before_loess,55,40.0,652
plasma_metabolomics_metabolite,valid_shuffle_before_loess,56,43.0,675
plasma_metabolomics_metabolite,valid_shuffle_before_loess,57,40.0,660
plasma_metabolomics_metabolite,valid_shuffle_before_loess,58,42.0,695
plasma_metabolomics_metabolite,valid_shuffle_before_loess,59,41.0,699
plasma_metabolomics_metabolite,valid_shuffle_before_loess,60,44.0,658
plasma_metabolomics_metabolite,valid_shuffle_before_loess,61,40.0,660
plasma_metabolomics_metabolite,valid_shuffle_before_loess,62,40.0,660
plasma_metabolomics_metabolite,valid_shuffle_before_loess,63,40.0,642
plasma_metabolomics_metabolite,valid_shuffle_before_loess,64,44.0,683
plasma_metabolomics_metabolite,valid_shuffle_before_loess,65,47.0,673
plasma_metabolomics_metabolite,valid_shuffle_before_loess,66,40.0,634
plasma_metabolomics_metabolite,valid_shuffle_before_loess,67,40.0,679
plasma_metabolomics_metabolite,valid_shuffle_before_loess,68,45.0,661
plasma_metabolomics_metabolite,valid_shuffle_before_loess,69,42.0,697
plasma_metabolomics_metabolite,valid_shuffle_before_loess,70,40.0,692
plasma_metabolomics_metabolite,valid_shuffle_before_loess,71,46.0,667
plasma_metabolomics_metabolite,valid_shuffle_before_loess,72,43.0,649
plasma_metabolomics_metabolite,valid_shuffle_before_loess,73,40.0,690
plasma_metabolomics_metabolite,valid_shuffle_before_loess,74,40.0,666
plasma_metabolomics_metabolite,valid_shuffle_before_loess,75,41.0,687
plasma_metabolomics_metabolite,valid_shuffle_before_loess,76,41.0,689
plasma_metabolomics_metabolite,valid_shuffle_before_loess,77,43.0,663
plasma_metabolomics_metabolite,valid_shuffle_before_loess,78,40.0,670
plasma_metabolomics_metabolite,valid_shuffle_before_loess,79,40.0,659
plasma_metabolomics_metabolite,valid_shuffle_before_loess,80,40.0,690
plasma_metabolomics_metabolite,valid_shuffle_before_loess,81,40.0,671
plasma_metabolomics_metabolite,valid_shuffle_before_loess,82,40.0,681
plasma_metabolomics_metabolite,valid_shuffle_before_loess,83,41.0,685
plasma_metabolomics_metabolite,valid_shuffle_before_loess,84,41.0,672
plasma_metabolomics_metabolite,valid_shuffle_before_loess,85,44.0,672
plasma_metabolomics_metabolite,valid_shuffle_before_loess,86,41.0,664
plasma_metabolomics_metabolite,valid_shuffle_before_loess,87,40.0,640
plasma_metabolomics_metabolite,valid_shuffle_before_loess,88,40.0,673
plasma_metabolomics_metabolite,valid_shuffle_before_loess,89,40.0,656
plasma_metabolomics_metabolite,valid_shuffle_before_loess,90,42.0,663
plasma_metabolomics_metabolite,valid_shuffle_before_loess,91,40.0,643
plasma_metabolomics_metabolite,valid_shuffle_before_loess,92,40.0,664
plasma_metabolomics_metabolite,valid_shuffle_before_loess,93,41.0,662
plasma_metabolomics_metabolite,valid_shuffle_before_loess,94,43.0,635
plasma_metabolomics_metabolite,valid_shuffle_before_loess,95,41.0,670
plasma_metabolomics_metabolite,valid_shuffle_before_loess,96,42.0,662
plasma_metabolomics_metabolite,valid_shuffle_before_loess,97,42.0,660
plasma_metabolomics_metabolite,valid_shuffle_before_loess,98,40.0,671
plasma_metabolomics_metabolite,valid_shuffle_before_loess,99,40.0,670
plasma_metabolomics_metabolite,valid_shuffle_before_loess,100,40.0,656
plasma_metabolomics_metabolite,valid_shuffle_before_loess,101,40.0,660
plasma_metabolomics_metabolite,valid_shuffle_before_loess,102,42.0,664
plasma_metabolomics_metabolite,valid_shuffle_before_loess,103,40.0,671
plasma_metabolomics_metabolite,valid_shuffle_before_loess,104,42.0,672
plasma_metabolomics_metabolite,valid_shuffle_before_loess,105,45.0,645
plasma_metabolomics_metabolite,valid_shuffle_before_loess,106,45.0,681
plasma_metabolomics_metabolite,valid_shuffle_before_loess,107,40.0,694
plasma_metabolomics_metabolite,valid_shuffle_before_loess,108,40.0,643
plasma_metabolomics_metabolite,valid_shuffle_before_loess,109,41.0,644
plasma_metabolomics_metabolite,valid_shuffle_before_loess,110,43.0,692
plasma_metabolomics_metabolite,valid_shuffle_before_loess,111,44.0,660
plasma_metabolomics_metabolite,valid_shuffle_before_loess,112,40.0,671
plasma_metabolomics_metabolite,valid_shuffle_before_loess,113,41.0,648
plasma_metabolomics_metabolite,valid_shuffle_before_loess,114,41.0,680
plasma_metabolomics_metabolite,valid_shuffle_before_loess,115,40.0,676
plasma_metabolomics_metabolite,valid_shuffle_before_loess,116,44.0,680
plasma_metabolomics_metabolite,valid_shuffle_before_loess,117,44.0,659
plasma_metabolomics_metabolite,valid_shuffle_before_loess,118,40.0,674
plasma_metabolomics_metabolite,valid_shuffle_before_loess,119,40.0,684
plasma_metabolomics_metabolite,valid_shuffle_before_loess,120,44.0,693
plasma_metabolomics_metabolite,valid_shuffle_before_loess,121,40.0,667
plasma_metabolomics_metabolite,valid_shuffle_before_loess,122,40.0,702
plasma_metabolomics_metabolite,valid_shuffle_before_loess,123,40.0,663
plasma_metabolomics_metabolite,valid_shuffle_before_loess,124,41.0,662
plasma_metabolomics_metabolite,valid_shuffle_before_loess,125,44.0,638
plasma_metabolomics_metabolite,valid_shuffle_before_loess,126,41.0,682
plasma_metabolomics_metabolite,valid_shuffle_before_loess,127,42.0,654
plasma_metabolomics_metabolite,valid_shuffle_before_loess,128,42.0,654
plasma_metabolomics_metabolite,valid_shuffle_before_loess,129,40.0,674
plasma_metabolomics_metabolite,valid_shuffle_before_loess,130,43.0,646
plasma_metabolomics_metabolite,valid_shuffle_before_loess,131,40.0,666
plasma_metabolomics_metabolite,valid_shuffle_before_loess,132,40.0,641
plasma_metabolomics_metabolite,valid_shuffle_before_loess,133,40.0,674
plasma_metabolomics_metabolite,valid_shuffle_before_loess,134,40.0,660
plasma_metabolomics_metabolite,valid_shuffle_before_loess,135,47.0,637
plasma_metabolomics_metabolite,valid_shuffle_before_loess,136,40.0,677
plasma_metabolomics_metabolite,valid_shuffle_before_loess,137,43.0,654
plasma_metabolomics_metabolite,valid_shuffle_before_loess,138,40.0,633
plasma_metabolomics_metabolite,valid_shuffle_before_loess,139,43.0,676
plasma_metabolomics_metabolite,valid_shuffle_before_loess,140,44.0,653
plasma_metabolomics_metabolite,valid_shuffle_before_loess,141,40.0,683
plasma_metabolomics_metabolite,valid_shuffle_before_loess,142,40.0,674
plasma_metabolomics_metabolite,valid_shuffle_before_loess,143,40.0,693
plasma_metabolomics_metabolite,valid_shuffle_before_loess,144,40.0,653
plasma_metabolomics_metabolite,valid_shuffle_before_loess,145,44.0,656
plasma_metabolomics_metabolite,valid_shuffle_before_loess,146,43.0,662
plasma_metabolomics_metabolite,valid_shuffle_before_loess,147,40.0,697
plasma_metabolomics_metabolite,valid_shuffle_before_loess,148,40.0,657
plasma_metabolomics_metabolite,valid_shuffle_before_loess,149,40.0,670
plasma_metabolomics_metabolite,valid_shuffle_before_loess,150,43.0,642
plasma_metabolomics_metabolite,valid_shuffle_before_loess,151,50.0,662
plasma_metabolomics_metabolite,valid_shuffle_before_loess,152,40.0,664
plasma_metabolomics_metabolite,valid_shuffle_before_loess,153,42.0,705
plasma_metabolomics_metabolite,valid_shuffle_before_loess,154,40.0,666
plasma_metabolomics_metabolite,valid_shuffle_before_loess,155,40.0,686
plasma_metabolomics_metabolite,valid_shuffle_before_loess,156,41.0,678
plasma_metabolomics_metabolite,valid_shuffle_before_loess,157,40.0,655
plasma_metabolomics_metabolite,valid_shuffle_before_loess,158,40.0,645
plasma_metabolomics_metabolite,valid_shuffle_before_loess,159,41.0,648
plasma_metabolomics_metabolite,valid_shuffle_before_loess,160,41.0,678
plasma_metabolomics_metabolite,valid_shuffle_before_loess,161,40.0,687
plasma_metabolomics_metabolite,valid_shuffle_before_loess,162,47.0,651
plasma_metabolomics_metabolite,valid_shuffle_before_loess,163,43.0,642
plasma_metabolomics_metabolite,valid_shuffle_before_loess,164,42.0,644
plasma_metabolomics_metabolite,valid_shuffle_before_loess,165,49.0,651
plasma_metabolomics_metabolite,valid_shuffle_before_loess,166,44.0,689
plasma_metabolomics_metabolite,valid_shuffle_before_loess,167,40.0,697
plasma_metabolomics_metabolite,valid_shuffle_before_loess,168,43.0,665
plasma_metabolomics_metabolite,valid_shuffle_before_loess,169,41.0,684
plasma_metabolomics_metabolite,valid_shuffle_before_loess,170,40.0,697
plasma_metabolomics_metabolite,valid_shuffle_before_loess,171,45.0,647
plasma_metabolomics_metabolite,valid_shuffle_before_loess,172,40.0,680
plasma_metabolomics_metabolite,valid_shuffle_before_loess,173,41.0,677
plasma_metabolomics_metabolite,valid_shuffle_before_loess,174,41.0,679
plasma_metabolomics_metabolite,valid_shuffle_before_loess,175,41.0,692
plasma_metabolomics_metabolite,valid_shuffle_before_loess,176,40.0,678
plasma_metabolomics_metabolite,valid_shuffle_before_loess,177,43.0,691
plasma_metabolomics_metabolite,valid_shuffle_before_loess,178,40.0,672
plasma_metabolomics_metabolite,valid_shuffle_before_loess,179,42.0,662
plasma_metabolomics_metabolite,valid_shuffle_before_loess,180,42.0,689
plasma_metabolomics_metabolite,valid_shuffle_before_loess,181,40.0,694
plasma_metabolomics_metabolite,valid_shuffle_before_loess,182,40.0,691
plasma_metabolomics_metabolite,valid_shuffle_before_loess,183,40.0,647
plasma_metabolomics_metabolite,valid_shuffle_before_loess,184,40.0,662
plasma_metabolomics_metabolite,valid_shuffle_before_loess,185,40.0,680
plasma_metabolomics_metabolite,valid_shuffle_before_loess,186,41.0,651
plasma_metabolomics_metabolite,valid_shuffle_before_loess,187,43.0,670
plasma_metabolomics_metabolite,valid_shuffle_before_loess,188,40.0,681
plasma_metabolomics_metabolite,valid_shuffle_before_loess,189,43.0,636
plasma_metabolomics_metabolite,valid_shuffle_before_loess,190,40.0,718
plasma_metabolomics_metabolite,valid_shuffle_before_loess,191,42.0,687
plasma_metabolomics_metabolite,valid_shuffle_before_loess,192,41.0,656
plasma_metabolomics_metabolite,valid_shuffle_before_loess,193,43.0,683
plasma_metabolomics_metabolite,valid_shuffle_before_loess,194,40.0,684
plasma_metabolomics_metabolite,valid_shuffle_before_loess,195,46.0,681
plasma_metabolomics_metabolite,valid_shuffle_before_loess,196,45.0,649
plasma_metabolomics_metabolite,valid_shuffle_before_loess,197,40.0,619
plasma_metabolomics_metabolite,valid_shuffle_before_loess,198,40.0,688
plasma_metabolomics_metabolite,valid_shuffle_before_loess,199,42.0,675
plasma_metabolomics_metabolite,valid_shuffle_before_loess,200,40.0,679
plasma_metabolomics_metabolite,valid_shuffle_before_loess,201,40.0,659
plasma_metabolomics_metabolite,valid_shuffle_before_loess,202,40.0,692
plasma_metabolomics_metabolite,valid_shuffle_before_loess,203,42.0,688
plasma_metabolomics_metabolite,valid_shuffle_before_loess,204,40.0,680
plasma_metabolomics_metabolite,valid_shuffle_before_loess,205,42.0,678
plasma_metabolomics_metabolite,valid_shuffle_before_loess,206,43.0,670
plasma_metabolomics_metabolite,valid_shuffle_before_loess,207,44.0,641
plasma_metabolomics_metabolite,valid_shuffle_before_loess,208,43.0,651
plasma_metabolomics_metabolite,valid_shuffle_before_loess,209,40.0,679
plasma_metabolomics_metabolite,valid_shuffle_before_loess,210,40.0,693
plasma_metabolomics_metabolite,valid_shuffle_before_loess,211,43.0,616
plasma_metabolomics_metabolite,valid_shuffle_before_loess,212,44.0,674
plasma_metabolomics_metabolite,valid_shuffle_before_loess,213,40.0,655
plasma_metabolomics_metabolite,valid_shuffle_before_loess,214,40.0,678
plasma_metabolomics_metabolite,valid_shuffle_before_loess,215,46.0,645
plasma_metabolomics_metabolite,valid_shuffle_before_loess,216,40.0,676
plasma_metabolomics_metabolite,valid_shuffle_before_loess,217,45.0,653
plasma_metabolomics_metabolite,valid_shuffle_before_loess,218,43.0,708
plasma_metabolomics_metabolite,valid_shuffle_before_loess,219,40.0,663
plasma_metabolomics_metabolite,valid_shuffle_before_loess,220,41.0,670
plasma_metabolomics_metabolite,valid_shuffle_before_loess,221,40.0,655
plasma_metabolomics_metabolite,valid_shuffle_before_loess,222,40.0,678
plasma_metabolomics_metabolite,valid_shuffle_before_loess,223,40.0,670
plasma_metabolomics_metabolite,valid_shuffle_before_loess,224,42.0,679
plasma_metabolomics_metabolite,valid_shuffle_before_loess,225,47.0,625
plasma_metabolomics_metabolite,valid_shuffle_before_loess,226,40.0,691
plasma_metabolomics_metabolite,valid_shuffle_before_loess,227,40.0,649
plasma_metabolomics_metabolite,valid_shuffle_before_loess,228,44.0,643
plasma_metabolomics_metabolite,valid_shuffle_before_loess,229,43.0,667
plasma_metabolomics_metabolite,valid_shuffle_before_loess,230,40.0,671
plasma_metabolomics_metabolite,valid_shuffle_before_loess,231,45.0,656
plasma_metabolomics_metabolite,valid_shuffle_before_loess,232,40.0,630
plasma_metabolomics_metabolite,valid_shuffle_before_loess,233,45.0,641
plasma_metabolomics_metabolite,valid_shuffle_before_loess,234,40.0,694
plasma_metabolomics_metabolite,valid_shuffle_before_loess,235,41.0,680
plasma_metabolomics_metabolite,valid_shuffle_before_loess,236,42.0,665
plasma_metabolomics_metabolite,valid_shuffle_before_loess,237,45.0,651
plasma_metabolomics_metabolite,valid_shuffle_before_loess,238,40.0,637
plasma_metabolomics_metabolite,valid_shuffle_before_loess,239,44.0,638
plasma_metabolomics_metabolite,valid_shuffle_before_loess,240,44.0,686
plasma_metabolomics_metabolite,valid_shuffle_before_loess,241,40.0,696
plasma_metabolomics_metabolite,valid_shuffle_before_loess,242,42.0,693
plasma_metabolomics_metabolite,valid_shuffle_before_loess,243,40.0,692
plasma_metabolomics_metabolite,valid_shuffle_before_loess,244,48.0,662
plasma_metabolomics_metabolite,valid_shuffle_before_loess,245,40.0,685
plasma_metabolomics_metabolite,valid_shuffle_before_loess,246,42.0,652
plasma_metabolomics_metabolite,valid_shuffle_before_loess,247,43.0,676
plasma_metabolomics_metabolite,valid_shuffle_before_loess,248,40.0,673
plasma_metabolomics_metabolite,valid_shuffle_before_loess,249,40.0,648
plasma_metabolomics_metabolite,valid_shuffle_before_loess,250,40.0,669
plasma_metabolomics_metabolite,valid_shuffle_before_loess,251,43.0,693
plasma_metabolomics_metabolite,valid_shuffle_before_loess,252,44.0,653
plasma_metabolomics_metabolite,valid_shuffle_before_loess,253,42.0,667
plasma_metabolomics_metabolite,valid_shuffle_before_loess,254,43.0,656
plasma_metabolomics_metabolite,valid_shuffle_before_loess,255,40.0,655
plasma_metabolomics_metabolite,valid_shuffle_before_loess,256,41.0,672
plasma_metabolomics_metabolite,valid_shuffle_before_loess,257,40.0,656
plasma_metabolomics_metabolite,valid_shuffle_before_loess,258,44.0,681
plasma_metabolomics_metabolite,valid_shuffle_before_loess,259,41.0,655
plasma_metabolomics_metabolite,valid_shuffle_before_loess,260,40.0,688
plasma_metabolomics_metabolite,valid_shuffle_before_loess,261,40.0,639
plasma_metabolomics_metabolite,valid_shuffle_before_loess,262,42.0,686
plasma_metabolomics_metabolite,valid_shuffle_before_loess,263,40.0,643
plasma_metabolomics_metabolite,valid_shuffle_before_loess,264,40.0,673
plasma_metabolomics_metabolite,valid_shuffle_before_loess,265,40.0,662
plasma_metabolomics_metabolite,valid_shuffle_before_loess,266,44.0,692
plasma_metabolomics_metabolite,valid_shuffle_before_loess,267,42.0,688
plasma_metabolomics_metabolite,valid_shuffle_before_loess,268,48.0,653
plasma_metabolomics_metabolite,valid_shuffle_before_loess,269,40.0,672
plasma_metabolomics_metabolite,valid_shuffle_before_loess,270,42.0,690
plasma_metabolomics_metabolite,valid_shuffle_before_loess,271,40.0,646
plasma_metabolomics_metabolite,valid_shuffle_before_loess,272,40.0,672
plasma_metabolomics_metabolite,valid_shuffle_before_loess,273,42.0,678
plasma_metabolomics_metabolite,valid_shuffle_before_loess,274,40.0,656
plasma_metabolomics_metabolite,valid_shuffle_before_loess,275,40.0,679
plasma_metabolomics_metabolite,valid_shuffle_before_loess,276,44.0,660
plasma_metabolomics_metabolite,valid_shuffle_before_loess,277,42.0,670
plasma_metabolomics_metabolite,valid_shuffle_before_loess,278,40.0,664
plasma_metabolomics_metabolite,valid_shuffle_before_loess,279,44.0,672
plasma_metabolomics_metabolite,valid_shuffle_before_loess,280,42.0,686
plasma_metabolomics_metabolite,valid_shuffle_before_loess,281,40.0,681
plasma_metabolomics_metabolite,valid_shuffle_before_loess,282,41.0,671
plasma_metabolomics_metabolite,valid_shuffle_before_loess,283,42.0,688
plasma_metabolomics_metabolite,valid_shuffle_before_loess,284,40.0,672
plasma_metabolomics_metabolite,valid_shuffle_before_loess,285,40.0,672
plasma_metabolomics_metabolite,valid_shuffle_before_loess,286,42.0,662
plasma_metabolomics_metabolite,valid_shuffle_before_loess,287,44.0,680
plasma_metabolomics_metabolite,valid_shuffle_before_loess,288,40.0,638
plasma_metabolomics_metabolite,valid_shuffle_before_loess,289,40.0,681
plasma_metabolomics_metabolite,valid_shuffle_before_loess,290,40.0,664
plasma_metabolomics_metabolite,valid_shuffle_before_loess,291,43.0,676
plasma_metabolomics_metabolite,valid_shuffle_before_loess,292,44.0,672
plasma_metabolomics_metabolite,valid_shuffle_before_loess,293,40.0,670
plasma_metabolomics_metabolite,valid_shuffle_before_loess,294,41.0,653
plasma_metabolomics_metabolite,valid_shuffle_before_loess,295,44.0,693
plasma_metabolomics_metabolite,valid_shuffle_before_loess,296,42.0,658
plasma_metabolomics_metabolite,valid_shuffle_before_loess,297,40.0,680
plasma_metabolomics_metabolite,valid_shuffle_before_loess,298,42.0,679
plasma_metabolomics_metabolite,valid_shuffle_before_loess,299,40.0,662
plasma_metabolomics_metabolite,valid_shuffle_before_loess,300,41.0,665
plasma_metabolomics_metabolite,valid_shuffle_before_loess,301,42.0,668
plasma_metabolomics_metabolite,valid_shuffle_before_loess,302,42.0,711
plasma_metabolomics_metabolite,valid_shuffle_before_loess,303,40.0,673
plasma_metabolomics_metabolite,valid_shuffle_before_loess,304,40.0,679
plasma_metabolomics_metabolite,valid_shuffle_before_loess,305,40.0,642
plasma_metabolomics_metabolite,valid_shuffle_before_loess,306,43.0,631
plasma_metabolomics_metabolite,valid_shuffle_before_loess,307,43.0,662
plasma_metabolomics_metabolite,valid_shuffle_before_loess,308,43.0,652
plasma_metabolomics_metabolite,valid_shuffle_before_loess,309,41.0,698
plasma_metabolomics_metabolite,valid_shuffle_before_loess,310,40.0,657
plasma_metabolomics_metabolite,valid_shuffle_before_loess,311,41.0,648
plasma_metabolomics_metabolite,valid_shuffle_before_loess,312,41.0,639
plasma_metabolomics_metabolite,valid_shuffle_before_loess,313,40.0,645
plasma_metabolomics_metabolite,valid_shuffle_before_loess,314,45.0,653
plasma_metabolomics_metabolite,valid_shuffle_before_loess,315,40.0,667
plasma_metabolomics_metabolite,valid_shuffle_before_loess,316,46.0,651
plasma_metabolomics_metabolite,valid_shuffle_before_loess,317,40.0,670
plasma_metabolomics_metabolite,valid_shuffle_before_loess,318,44.0,613
plasma_metabolomics_metabolite,valid_shuffle_before_loess,319,45.0,649
plasma_metabolomics_metabolite,valid_shuffle_before_loess,320,42.0,630
plasma_metabolomics_metabolite,valid_shuffle_before_loess,321,42.0,660
plasma_metabolomics_metabolite,valid_shuffle_before_loess,322,42.0,662
plasma_metabolomics_metabolite,valid_shuffle_before_loess,323,40.0,671
plasma_metabolomics_metabolite,valid_shuffle_before_loess,324,45.0,675
plasma_metabolomics_metabolite,valid_shuffle_before_loess,325,40.0,680
plasma_metabolomics_metabolite,valid_shuffle_before_loess,326,45.0,640
plasma_metabolomics_metabolite,valid_shuffle_before_loess,327,44.0,632
plasma_metabolomics_metabolite,valid_shuffle_before_loess,328,40.0,701
plasma_metabolomics_metabolite,valid_shuffle_before_loess,329,40.0,655
plasma_metabolomics_metabolite,valid_shuffle_before_loess,330,41.0,697
plasma_metabolomics_metabolite,valid_shuffle_before_loess,331,43.0,678
plasma_metabolomics_metabolite,valid_shuffle_before_loess,332,41.0,675
plasma_metabolomics_metabolite,valid_shuffle_before_loess,333,40.0,701
plasma_metabolomics_metabolite,valid_shuffle_before_loess,334,42.0,659
plasma_metabolomics_metabolite,valid_shuffle_before_loess,335,42.0,653
plasma_metabolomics_metabolite,valid_shuffle_before_loess,336,45.0,689
plasma_metabolomics_metabolite,valid_shuffle_before_loess,337,41.0,638
plasma_metabolomics_metabolite,valid_shuffle_before_loess,338,41.0,679
plasma_metabolomics_metabolite,valid_shuffle_before_loess,339,40.0,681
plasma_metabolomics_metabolite,valid_shuffle_before_loess,340,43.0,649
plasma_metabolomics_metabolite,valid_shuffle_before_loess,341,43.0,643
plasma_metabolomics_metabolite,valid_shuffle_before_loess,342,42.0,674
plasma_metabolomics_metabolite,valid_shuffle_before_loess,343,44.0,647
plasma_metabolomics_metabolite,valid_shuffle_before_loess,344,43.0,654
plasma_metabolomics_metabolite,valid_shuffle_before_loess,345,40.0,685
plasma_metabolomics_metabolite,valid_shuffle_before_loess,346,40.0,655
plasma_metabolomics_metabolite,valid_shuffle_before_loess,347,42.0,658
plasma_metabolomics_metabolite,valid_shuffle_before_loess,348,40.0,667
plasma_metabolomics_metabolite,valid_shuffle_before_loess,349,40.0,672
plasma_metabolomics_metabolite,valid_shuffle_before_loess,350,43.0,670
plasma_metabolomics_metabolite,valid_shuffle_before_loess,351,43.0,659
plasma_metabolomics_metabolite,valid_shuffle_before_loess,352,40.0,658
plasma_metabolomics_metabolite,valid_shuffle_before_loess,353,42.0,663
plasma_metabolomics_metabolite,valid_shuffle_before_loess,354,41.0,663
plasma_metabolomics_metabolite,valid_shuffle_before_loess,355,45.0,652
plasma_metabolomics_metabolite,valid_shuffle_before_loess,356,45.0,647
plasma_metabolomics_metabolite,valid_shuffle_before_loess,357,40.0,689
plasma_metabolomics_metabolite,valid_shuffle_before_loess,358,40.0,667
plasma_metabolomics_metabolite,valid_shuffle_before_loess,359,40.0,659
plasma_metabolomics_metabolite,valid_shuffle_before_loess,360,40.0,704
plasma_metabolomics_metabolite,valid_shuffle_before_loess,361,40.0,657
plasma_metabolomics_metabolite,valid_shuffle_before_loess,362,40.0,690
plasma_metabolomics_metabolite,valid_shuffle_before_loess,363,45.0,643
plasma_metabolomics_metabolite,valid_shuffle_before_loess,364,40.0,692
plasma_metabolomics_metabolite,valid_shuffle_before_loess,365,43.0,675
plasma_metabolomics_metabolite,valid_shuffle_before_loess,366,41.0,690
plasma_metabolomics_metabolite,valid_shuffle_before_loess,367,40.0,692
plasma_metabolomics_metabolite,valid_shuffle_before_loess,368,43.0,662
plasma_metabolomics_metabolite,valid_shuffle_before_loess,369,40.0,695
plasma_metabolomics_metabolite,valid_shuffle_before_loess,370,42.0,653
plasma_metabolomics_metabolite,valid_shuffle_before_loess,371,41.0,683
plasma_metabolomics_metabolite,valid_shuffle_before_loess,372,40.0,661
plasma_metabolomics_metabolite,valid_shuffle_before_loess,373,42.0,693
plasma_metabolomics_metabolite,valid_shuffle_before_loess,374,40.0,690
plasma_metabolomics_metabolite,valid_shuffle_before_loess,375,43.0,693
plasma_metabolomics_metabolite,valid_shuffle_before_loess,376,41.0,674
plasma_metabolomics_metabolite,valid_shuffle_before_loess,377,40.0,663
plasma_metabolomics_metabolite,valid_shuffle_before_loess,378,46.0,661
plasma_metabolomics_metabolite,valid_shuffle_before_loess,379,42.0,673
plasma_metabolomics_metabolite,valid_shuffle_before_loess,380,40.0,641
plasma_metabolomics_metabolite,valid_shuffle_before_loess,381,44.0,666
plasma_metabolomics_metabolite,valid_shuffle_before_loess,382,40.0,640
plasma_metabolomics_metabolite,valid_shuffle_before_loess,383,40.0,675
plasma_metabolomics_metabolite,valid_shuffle_before_loess,384,40.0,657
plasma_metabolomics_metabolite,valid_shuffle_before_loess,385,40.0,656
plasma_metabolomics_metabolite,valid_shuffle_before_loess,386,40.0,683
plasma_metabolomics_metabolite,valid_shuffle_before_loess,387,42.0,676
plasma_metabolomics_metabolite,valid_shuffle_before_loess,388,42.0,685
plasma_metabolomics_metabolite,valid_shuffle_before_loess,389,42.0,654
plasma_metabolomics_metabolite,valid_shuffle_before_loess,390,40.0,644
plasma_metabolomics_metabolite,valid_shuffle_before_loess,391,40.0,672
plasma_metabolomics_metabolite,valid_shuffle_before_loess,392,40.0,653
plasma_metabolomics_metabolite,valid_shuffle_before_loess,393,43.0,664
plasma_metabolomics_metabolite,valid_shuffle_before_loess,394,44.0,652
plasma_metabolomics_metabolite,valid_shuffle_before_loess,395,40.0,647
plasma_metabolomics_metabolite,valid_shuffle_before_loess,396,43.0,662
plasma_metabolomics_metabolite,valid_shuffle_before_loess,397,40.0,686
plasma_metabolomics_metabolite,valid_shuffle_before_loess,398,40.0,693
plasma_metabolomics_metabolite,valid_shuffle_before_loess,399,43.0,639
plasma_metabolomics_metabolite,valid_shuffle_before_loess,400,40.0,695
plasma_metabolomics_metabolite,valid_shuffle_before_loess,401,46.0,678
plasma_metabolomics_metabolite,valid_shuffle_before_loess,402,40.0,644
plasma_metabolomics_metabolite,valid_shuffle_before_loess,403,44.0,677
plasma_metabolomics_metabolite,valid_shuffle_before_loess,404,40.0,694
plasma_metabolomics_metabolite,valid_shuffle_before_loess,405,43.0,672
plasma_metabolomics_metabolite,valid_shuffle_before_loess,406,42.0,672
plasma_metabolomics_metabolite,valid_shuffle_before_loess,407,40.0,645
plasma_metabolomics_metabolite,valid_shuffle_before_loess,408,43.0,677
plasma_metabolomics_metabolite,valid_shuffle_before_loess,409,40.0,675
plasma_metabolomics_metabolite,valid_shuffle_before_loess,410,43.0,672
plasma_metabolomics_metabolite,valid_shuffle_before_loess,411,47.0,674
plasma_metabolomics_metabolite,valid_shuffle_before_loess,412,43.0,706
plasma_metabolomics_metabolite,valid_shuffle_before_loess,413,43.0,675
plasma_metabolomics_metabolite,valid_shuffle_before_loess,414,40.0,664
plasma_metabolomics_metabolite,valid_shuffle_before_loess,415,42.0,681
plasma_metabolomics_metabolite,valid_shuffle_before_loess,416,40.0,642
plasma_metabolomics_metabolite,valid_shuffle_before_loess,417,41.0,662
plasma_metabolomics_metabolite,valid_shuffle_before_loess,418,42.0,685
plasma_metabolomics_metabolite,valid_shuffle_before_loess,419,40.0,683
plasma_metabolomics_metabolite,valid_shuffle_before_loess,420,40.0,659
plasma_metabolomics_metabolite,valid_shuffle_before_loess,421,44.0,644
plasma_metabolomics_metabolite,valid_shuffle_before_loess,422,46.0,620
plasma_metabolomics_metabolite,valid_shuffle_before_loess,423,43.0,676
plasma_metabolomics_metabolite,valid_shuffle_before_loess,424,43.0,672
plasma_metabolomics_metabolite,valid_shuffle_before_loess,425,45.0,660
plasma_metabolomics_metabolite,valid_shuffle_before_loess,426,40.0,657
plasma_metabolomics_metabolite,valid_shuffle_before_loess,427,42.0,653
plasma_metabolomics_metabolite,valid_shuffle_before_loess,428,44.0,682
plasma_metabolomics_metabolite,valid_shuffle_before_loess,429,40.0,647
plasma_metabolomics_metabolite,valid_shuffle_before_loess,430,40.0,672
plasma_metabolomics_metabolite,valid_shuffle_before_loess,431,46.0,657
plasma_metabolomics_metabolite,valid_shuffle_before_loess,432,40.0,674
plasma_metabolomics_metabolite,valid_shuffle_before_loess,433,40.0,642
plasma_metabolomics_metabolite,valid_shuffle_before_loess,434,40.0,651
plasma_metabolomics_metabolite,valid_shuffle_before_loess,435,40.0,672
plasma_metabolomics_metabolite,valid_shuffle_before_loess,436,42.0,651
plasma_metabolomics_metabolite,valid_shuffle_before_loess,437,40.0,637
plasma_metabolomics_metabolite,valid_shuffle_before_loess,438,42.0,639
plasma_metabolomics_metabolite,valid_shuffle_before_loess,439,40.0,672
plasma_metabolomics_metabolite,valid_shuffle_before_loess,440,45.0,676
plasma_metabolomics_metabolite,valid_shuffle_before_loess,441,45.0,658
plasma_metabolomics_metabolite,valid_shuffle_before_loess,442,40.0,685
plasma_metabolomics_metabolite,valid_shuffle_before_loess,443,40.0,676
plasma_metabolomics_metabolite,valid_shuffle_before_loess,444,40.0,686
plasma_metabolomics_metabolite,valid_shuffle_before_loess,445,40.0,678
plasma_metabolomics_metabolite,valid_shuffle_before_loess,446,40.0,689
plasma_metabolomics_metabolite,valid_shuffle_before_loess,447,43.0,665
plasma_metabolomics_metabolite,valid_shuffle_before_loess,448,45.0,679
plasma_metabolomics_metabolite,valid_shuffle_before_loess,449,40.0,646
plasma_metabolomics_metabolite,valid_shuffle_before_loess,450,40.0,680
plasma_metabolomics_metabolite,valid_shuffle_before_loess,451,42.0,672
plasma_metabolomics_metabolite,valid_shuffle_before_loess,452,45.0,658
plasma_metabolomics_metabolite,valid_shuffle_before_loess,453,44.0,664
plasma_metabolomics_metabolite,valid_shuffle_before_loess,454,40.0,652
plasma_metabolomics_metabolite,valid_shuffle_before_loess,455,40.0,680
plasma_metabolomics_metabolite,valid_shuffle_before_loess,456,40.0,647
plasma_metabolomics_metabolite,valid_shuffle_before_loess,457,41.0,641
plasma_metabolomics_metabolite,valid_shuffle_before_loess,458,41.0,681
plasma_metabolomics_metabolite,valid_shuffle_before_loess,459,43.0,636
plasma_metabolomics_metabolite,valid_shuffle_before_loess,460,40.0,684
plasma_metabolomics_metabolite,valid_shuffle_before_loess,461,46.0,644
plasma_metabolomics_metabolite,valid_shuffle_before_loess,462,40.0,665
plasma_metabolomics_metabolite,valid_shuffle_before_loess,463,40.0,654
plasma_metabolomics_metabolite,valid_shuffle_before_loess,464,40.0,648
plasma_metabolomics_metabolite,valid_shuffle_before_loess,465,40.0,686
plasma_metabolomics_metabolite,valid_shuffle_before_loess,466,47.0,682
plasma_metabolomics_metabolite,valid_shuffle_before_loess,467,42.0,634
plasma_metabolomics_metabolite,valid_shuffle_before_loess,468,43.0,654
plasma_metabolomics_metabolite,valid_shuffle_before_loess,469,42.0,676
plasma_metabolomics_metabolite,valid_shuffle_before_loess,470,40.0,695
plasma_metabolomics_metabolite,valid_shuffle_before_loess,471,40.0,677
plasma_metabolomics_metabolite,valid_shuffle_before_loess,472,43.0,675
plasma_metabolomics_metabolite,valid_shuffle_before_loess,473,40.0,658
plasma_metabolomics_metabolite,valid_shuffle_before_loess,474,40.0,649
plasma_metabolomics_metabolite,valid_shuffle_before_loess,475,40.0,686
plasma_metabolomics_metabolite,valid_shuffle_before_loess,476,41.0,661
plasma_metabolomics_metabolite,valid_shuffle_before_loess,477,40.0,682
plasma_metabolomics_metabolite,valid_shuffle_before_loess,478,40.0,670
plasma_metabolomics_metabolite,valid_shuffle_before_loess,479,40.0,636
plasma_metabolomics_metabolite,valid_shuffle_before_loess,480,40.0,679
plasma_metabolomics_metabolite,valid_shuffle_before_loess,481,40.0,655
plasma_metabolomics_metabolite,valid_shuffle_before_loess,482,40.0,656
plasma_metabolomics_metabolite,valid_shuffle_before_loess,483,40.0,689
plasma_metabolomics_metabolite,valid_shuffle_before_loess,484,40.0,664
plasma_metabolomics_metabolite,valid_shuffle_before_loess,485,40.0,690
plasma_metabolomics_metabolite,valid_shuffle_before_loess,486,41.0,710
plasma_metabolomics_metabolite,valid_shuffle_before_loess,487,43.0,675
plasma_metabolomics_metabolite,valid_shuffle_before_loess,488,40.0,678
plasma_metabolomics_metabolite,valid_shuffle_before_loess,489,40.0,674
plasma_metabolomics_metabolite,valid_shuffle_before_loess,490,40.0,688
plasma_metabolomics_metabolite,valid_shuffle_before_loess,491,43.0,652
plasma_metabolomics_metabolite,valid_shuffle_before_loess,492,40.0,679
plasma_metabolomics_metabolite,valid_shuffle_before_loess,493,40.0,657
plasma_metabolomics_metabolite,valid_shuffle_before_loess,494,40.0,704
plasma_metabolomics_metabolite,valid_shuffle_before_loess,495,43.0,700
plasma_metabolomics_metabolite,valid_shuffle_before_loess,496,40.0,650
plasma_metabolomics_metabolite,valid_shuffle_before_loess,497,40.0,636
plasma_metabolomics_metabolite,valid_shuffle_before_loess,498,41.0,661
plasma_metabolomics_metabolite,valid_shuffle_before_loess,499,41.0,648
plasma_metabolomics_metabolite,valid_shuffle_before_loess,500,40.0,670
plasma_metabolomics_metabolite,valid_shuffle_before_loess,501,43.0,680
plasma_metabolomics_metabolite,valid_shuffle_before_loess,502,40.0,664
plasma_metabolomics_metabolite,valid_shuffle_before_loess,503,44.0,686
plasma_metabolomics_metabolite,valid_shuffle_before_loess,504,47.0,640
plasma_metabolomics_metabolite,valid_shuffle_before_loess,505,40.0,673
plasma_metabolomics_metabolite,valid_shuffle_before_loess,506,40.0,673
plasma_metabolomics_metabolite,valid_shuffle_before_loess,507,43.0,666
plasma_metabolomics_metabolite,valid_shuffle_before_loess,508,40.0,658
plasma_metabolomics_metabolite,valid_shuffle_before_loess,509,40.0,674
plasma_metabolomics_metabolite,valid_shuffle_before_loess,510,40.0,690
plasma_metabolomics_metabolite,valid_shuffle_before_loess,511,40.0,677
plasma_metabolomics_metabolite,valid_shuffle_before_loess,512,40.0,689
plasma_metabolomics_metabolite,valid_shuffle_before_loess,513,40.0,624
plasma_metabolomics_metabolite,valid_shuffle_before_loess,514,42.0,666
plasma_metabolomics_metabolite,valid_shuffle_before_loess,515,41.0,719
plasma_metabolomics_metabolite,valid_shuffle_before_loess,516,40.0,676
plasma_metabolomics_metabolite,valid_shuffle_before_loess,517,42.0,673
plasma_metabolomics_metabolite,valid_shuffle_before_loess,518,40.0,684
plasma_metabolomics_metabolite,valid_shuffle_before_loess,519,40.0,644
plasma_metabolomics_metabolite,valid_shuffle_before_loess,520,40.0,650
plasma_metabolomics_metabolite,valid_shuffle_before_loess,521,41.0,639
plasma_metabolomics_metabolite,valid_shuffle_before_loess,522,40.0,658
plasma_metabolomics_metabolite,valid_shuffle_before_loess,523,40.0,682
plasma_metabolomics_metabolite,valid_shuffle_before_loess,524,42.0,666
plasma_metabolomics_metabolite,valid_shuffle_before_loess,525,40.0,636
plasma_metabolomics_metabolite,valid_shuffle_before_loess,526,42.0,722
plasma_metabolomics_metabolite,valid_shuffle_before_loess,527,40.0,682
plasma_metabolomics_metabolite,valid_shuffle_before_loess,528,40.0,666
plasma_metabolomics_metabolite,valid_shuffle_before_loess,529,42.0,694
plasma_metabolomics_metabolite,valid_shuffle_before_loess,530,43.0,665
plasma_metabolomics_metabolite,valid_shuffle_before_loess,531,40.0,673
plasma_metabolomics_metabolite,valid_shuffle_before_loess,532,44.0,666
plasma_metabolomics_metabolite,valid_shuffle_before_loess,533,42.0,699
plasma_metabolomics_metabolite,valid_shuffle_before_loess,534,40.0,676
plasma_metabolomics_metabolite,valid_shuffle_before_loess,535,40.0,651
plasma_metabolomics_metabolite,valid_shuffle_before_loess,536,43.0,662
plasma_metabolomics_metabolite,valid_shuffle_before_loess,537,44.0,672
plasma_metabolomics_metabolite,valid_shuffle_before_loess,538,40.0,677
plasma_metabolomics_metabolite,valid_shuffle_before_loess,539,43.0,673
plasma_metabolomics_metabolite,valid_shuffle_before_loess,540,43.0,672
plasma_metabolomics_metabolite,valid_shuffle_before_loess,541,42.0,644
plasma_metabolomics_metabolite,valid_shuffle_before_loess,542,43.0,707
plasma_metabolomics_metabolite,valid_shuffle_before_loess,543,43.0,681
plasma_metabolomics_metabolite,valid_shuffle_before_loess,544,40.0,670
plasma_metabolomics_metabolite,valid_shuffle_before_loess,545,40.0,667
plasma_metabolomics_metabolite,valid_shuffle_before_loess,546,41.0,676
plasma_metabolomics_metabolite,valid_shuffle_before_loess,547,40.0,658
plasma_metabolomics_metabolite,valid_shuffle_before_loess,548,43.0,655
plasma_metabolomics_metabolite,valid_shuffle_before_loess,549,40.0,675
plasma_metabolomics_metabolite,valid_shuffle_before_loess,550,41.0,686
plasma_metabolomics_metabolite,valid_shuffle_before_loess,551,42.0,653
plasma_metabolomics_metabolite,valid_shuffle_before_loess,552,42.0,677
plasma_metabolomics_metabolite,valid_shuffle_before_loess,553,40.0,666
plasma_metabolomics_metabolite,valid_shuffle_before_loess,554,43.0,659
plasma_metabolomics_metabolite,valid_shuffle_before_loess,555,41.0,661
plasma_metabolomics_metabolite,valid_shuffle_before_loess,556,43.0,653
plasma_metabolomics_metabolite,valid_shuffle_before_loess,557,41.0,681
plasma_metabolomics_metabolite,valid_shuffle_before_loess,558,40.0,636
plasma_metabolomics_metabolite,valid_shuffle_before_loess,559,40.0,663
plasma_metabolomics_metabolite,valid_shuffle_before_loess,560,40.0,648
plasma_metabolomics_metabolite,valid_shuffle_before_loess,561,40.0,694
plasma_metabolomics_metabolite,valid_shuffle_before_loess,562,40.0,698
plasma_metabolomics_metabolite,valid_shuffle_before_loess,563,43.0,632
plasma_metabolomics_metabolite,valid_shuffle_before_loess,564,43.0,676
plasma_metabolomics_metabolite,valid_shuffle_before_loess,565,43.0,625
plasma_metabolomics_metabolite,valid_shuffle_before_loess,566,42.0,643
plasma_metabolomics_metabolite,valid_shuffle_before_loess,567,41.0,688
plasma_metabolomics_metabolite,valid_shuffle_before_loess,568,40.0,661
plasma_metabolomics_metabolite,valid_shuffle_before_loess,569,43.0,692
plasma_metabolomics_metabolite,valid_shuffle_before_loess,570,40.0,699
plasma_metabolomics_metabolite,valid_shuffle_before_loess,571,43.0,643
plasma_metabolomics_metabolite,valid_shuffle_before_loess,572,40.0,701
plasma_metabolomics_metabolite,valid_shuffle_before_loess,573,41.0,652
plasma_metabolomics_metabolite,valid_shuffle_before_loess,574,42.0,668
plasma_metabolomics_metabolite,valid_shuffle_before_loess,575,43.0,671
plasma_metabolomics_metabolite,valid_shuffle_before_loess,576,41.0,680
plasma_metabolomics_metabolite,valid_shuffle_before_loess,577,41.0,658
plasma_metabolomics_metabolite,valid_shuffle_before_loess,578,44.0,639
plasma_metabolomics_metabolite,valid_shuffle_before_loess,579,40.0,630
plasma_metabolomics_metabolite,valid_shuffle_before_loess,580,40.0,664
plasma_metabolomics_metabolite,valid_shuffle_before_loess,581,40.0,640
plasma_metabolomics_metabolite,valid_shuffle_before_loess,582,40.0,690
plasma_metabolomics_metabolite,valid_shuffle_before_loess,583,40.0,650
plasma_metabolomics_metabolite,valid_shuffle_before_loess,584,44.0,672
plasma_metabolomics_metabolite,valid_shuffle_before_loess,585,40.0,651
plasma_metabolomics_metabolite,valid_shuffle_before_loess,586,40.0,644
plasma_metabolomics_metabolite,valid_shuffle_before_loess,587,43.0,643
plasma_metabolomics_metabolite,valid_shuffle_before_loess,588,42.0,668
plasma_metabolomics_metabolite,valid_shuffle_before_loess,589,43.0,666
plasma_metabolomics_metabolite,valid_shuffle_before_loess,590,43.0,678
plasma_metabolomics_metabolite,valid_shuffle_before_loess,591,40.0,626
plasma_metabolomics_metabolite,valid_shuffle_before_loess,592,43.0,674
plasma_metabolomics_metabolite,valid_shuffle_before_loess,593,42.0,680
plasma_metabolomics_metabolite,valid_shuffle_before_loess,594,41.0,670
plasma_metabolomics_metabolite,valid_shuffle_before_loess,595,42.0,672
plasma_metabolomics_metabolite,valid_shuffle_before_loess,596,41.0,692
plasma_metabolomics_metabolite,valid_shuffle_before_loess,597,42.0,652
plasma_metabolomics_metabolite,valid_shuffle_before_loess,598,40.0,686
plasma_metabolomics_metabolite,valid_shuffle_before_loess,599,43.0,696
plasma_metabolomics_metabolite,valid_shuffle_before_loess,600,40.0,629
plasma_metabolomics_metabolite,valid_shuffle_before_loess,601,41.0,674
plasma_metabolomics_metabolite,valid_shuffle_before_loess,602,43.0,653
plasma_metabolomics_metabolite,valid_shuffle_before_loess,603,40.0,686
plasma_metabolomics_metabolite,valid_shuffle_before_loess,604,40.0,635
plasma_metabolomics_metabolite,valid_shuffle_before_loess,605,44.0,660
plasma_metabolomics_metabolite,valid_shuffle_before_loess,606,41.0,679
plasma_metabolomics_metabolite,valid_shuffle_before_loess,607,41.0,685
plasma_metabolomics_metabolite,valid_shuffle_before_loess,608,44.0,682
plasma_metabolomics_metabolite,valid_shuffle_before_loess,609,40.0,671
plasma_metabolomics_metabolite,valid_shuffle_before_loess,610,40.0,695
plasma_metabolomics_metabolite,valid_shuffle_before_loess,611,40.0,657
plasma_metabolomics_metabolite,valid_shuffle_before_loess,612,40.0,670
plasma_metabolomics_metabolite,valid_shuffle_before_loess,613,41.0,646
plasma_metabolomics_metabolite,valid_shuffle_before_loess,614,43.0,680
plasma_metabolomics_metabolite,valid_shuffle_before_loess,615,40.0,698
plasma_metabolomics_metabolite,valid_shuffle_before_loess,616,40.0,696
plasma_metabolomics_metabolite,valid_shuffle_before_loess,617,40.0,674
plasma_metabolomics_metabolite,valid_shuffle_before_loess,618,40.0,680
plasma_metabolomics_metabolite,valid_shuffle_before_loess,619,40.0,692
plasma_metabolomics_metabolite,valid_shuffle_before_loess,620,41.0,663
plasma_metabolomics_metabolite,valid_shuffle_before_loess,621,40.0,647
plasma_metabolomics_metabolite,valid_shuffle_before_loess,622,42.0,685
plasma_metabolomics_metabolite,valid_shuffle_before_loess,623,40.0,701
plasma_metabolomics_metabolite,valid_shuffle_before_loess,624,40.0,670
plasma_metabolomics_metabolite,valid_shuffle_before_loess,625,43.0,706
plasma_metabolomics_metabolite,valid_shuffle_before_loess,626,40.0,660
plasma_metabolomics_metabolite,valid_shuffle_before_loess,627,40.0,658
plasma_metabolomics_metabolite,valid_shuffle_before_loess,628,40.0,675
plasma_metabolomics_metabolite,valid_shuffle_before_loess,629,40.0,656
plasma_metabolomics_metabolite,valid_shuffle_before_loess,630,44.0,659
plasma_metabolomics_metabolite,valid_shuffle_before_loess,631,40.0,660
plasma_metabolomics_metabolite,valid_shuffle_before_loess,632,40.0,681
plasma_metabolomics_metabolite,valid_shuffle_before_loess,633,40.0,655
plasma_metabolomics_metabolite,valid_shuffle_before_loess,634,40.0,653
plasma_metabolomics_metabolite,valid_shuffle_before_loess,635,42.0,680
plasma_metabolomics_metabolite,valid_shuffle_before_loess,636,40.0,653
plasma_metabolomics_metabolite,valid_shuffle_before_loess,637,42.0,682
plasma_metabolomics_metabolite,valid_shuffle_before_loess,638,40.0,686
plasma_metabolomics_metabolite,valid_shuffle_before_loess,639,40.0,637
plasma_metabolomics_metabolite,valid_shuffle_before_loess,640,40.0,680
plasma_metabolomics_metabolite,valid_shuffle_before_loess,641,40.0,675
plasma_metabolomics_metabolite,valid_shuffle_before_loess,642,41.0,657
plasma_metabolomics_metabolite,valid_shuffle_before_loess,643,41.0,675
plasma_metabolomics_metabolite,valid_shuffle_before_loess,644,42.0,662
plasma_metabolomics_metabolite,valid_shuffle_before_loess,645,47.0,650
plasma_metabolomics_metabolite,valid_shuffle_before_loess,646,40.0,635
plasma_metabolomics_metabolite,valid_shuffle_before_loess,647,43.0,683
plasma_metabolomics_metabolite,valid_shuffle_before_loess,648,46.0,658
plasma_metabolomics_metabolite,valid_shuffle_before_loess,649,40.0,659
plasma_metabolomics_metabolite,valid_shuffle_before_loess,650,43.0,660
plasma_metabolomics_metabolite,valid_shuffle_before_loess,651,43.0,681
plasma_metabolomics_metabolite,valid_shuffle_before_loess,652,40.0,683
plasma_metabolomics_metabolite,valid_shuffle_before_loess,653,43.0,678
plasma_metabolomics_metabolite,valid_shuffle_before_loess,654,42.0,675
plasma_metabolomics_metabolite,valid_shuffle_before_loess,655,40.0,681
plasma_metabolomics_metabolite,valid_shuffle_before_loess,656,40.0,644
plasma_metabolomics_metabolite,valid_shuffle_before_loess,657,42.0,672
plasma_metabolomics_metabolite,valid_shuffle_before_loess,658,40.0,687
plasma_metabolomics_metabolite,valid_shuffle_before_loess,659,40.0,650
plasma_metabolomics_metabolite,valid_shuffle_before_loess,660,41.0,676
plasma_metabolomics_metabolite,valid_shuffle_before_loess,661,40.0,649
plasma_metabolomics_metabolite,valid_shuffle_before_loess,662,40.0,705
plasma_metabolomics_metabolite,valid_shuffle_before_loess,663,40.0,674
plasma_metabolomics_metabolite,valid_shuffle_before_loess,664,46.0,664
plasma_metabolomics_metabolite,valid_shuffle_before_loess,665,43.0,683
plasma_metabolomics_metabolite,valid_shuffle_before_loess,666,40.0,645
plasma_metabolomics_metabolite,valid_shuffle_before_loess,667,43.0,675
plasma_metabolomics_metabolite,valid_shuffle_before_loess,668,40.0,681
plasma_metabolomics_metabolite,valid_shuffle_before_loess,669,40.0,696
plasma_metabolomics_metabolite,valid_shuffle_before_loess,670,40.0,638
plasma_metabolomics_metabolite,valid_shuffle_before_loess,671,42.0,642
plasma_metabolomics_metabolite,valid_shuffle_before_loess,672,43.0,664
plasma_metabolomics_metabolite,valid_shuffle_before_loess,673,40.0,641
plasma_metabolomics_metabolite,valid_shuffle_before_loess,674,43.0,694
plasma_metabolomics_metabolite,valid_shuffle_before_loess,675,43.0,659
plasma_metabolomics_metabolite,valid_shuffle_before_loess,676,40.0,665
plasma_metabolomics_metabolite,valid_shuffle_before_loess,677,40.0,662
plasma_metabolomics_metabolite,valid_shuffle_before_loess,678,40.0,679
plasma_metabolomics_metabolite,valid_shuffle_before_loess,679,41.0,677
plasma_metabolomics_metabolite,valid_shuffle_before_loess,680,42.0,699
plasma_metabolomics_metabolite,valid_shuffle_before_loess,681,42.0,658
plasma_metabolomics_metabolite,valid_shuffle_before_loess,682,40.0,673
plasma_metabolomics_metabolite,valid_shuffle_before_loess,683,40.0,640
plasma_metabolomics_metabolite,valid_shuffle_before_loess,684,43.0,660
plasma_metabolomics_metabolite,valid_shuffle_before_loess,685,41.0,696
plasma_metabolomics_metabolite,valid_shuffle_before_loess,686,45.0,650
plasma_metabolomics_metabolite,valid_shuffle_before_loess,687,40.0,643
plasma_metabolomics_metabolite,valid_shuffle_before_loess,688,43.0,648
plasma_metabolomics_metabolite,valid_shuffle_before_loess,689,40.0,658
plasma_metabolomics_metabolite,valid_shuffle_before_loess,690,41.0,701
plasma_metabolomics_metabolite,valid_shuffle_before_loess,691,43.0,673
plasma_metabolomics_metabolite,valid_shuffle_before_loess,692,40.0,686
plasma_metabolomics_metabolite,valid_shuffle_before_loess,693,41.0,650
plasma_metabolomics_metabolite,valid_shuffle_before_loess,694,41.0,645
plasma_metabolomics_metabolite,valid_shuffle_before_loess,695,40.0,654
plasma_metabolomics_metabolite,valid_shuffle_before_loess,696,43.0,682
plasma_metabolomics_metabolite,valid_shuffle_before_loess,697,40.0,636
plasma_metabolomics_metabolite,valid_shuffle_before_loess,698,41.0,710
plasma_metabolomics_metabolite,valid_shuffle_before_loess,699,40.0,641
plasma_metabolomics_metabolite,valid_shuffle_before_loess,700,42.0,688
plasma_metabolomics_metabolite,valid_shuffle_before_loess,701,40.0,699
plasma_metabolomics_metabolite,valid_shuffle_before_loess,702,43.0,693
plasma_metabolomics_metabolite,valid_shuffle_before_loess,703,42.0,680
plasma_metabolomics_metabolite,valid_shuffle_before_loess,704,42.0,664
plasma_metabolomics_metabolite,valid_shuffle_before_loess,705,40.0,662
plasma_metabolomics_metabolite,valid_shuffle_before_loess,706,43.0,669
plasma_metabolomics_metabolite,valid_shuffle_before_loess,707,40.0,689
plasma_metabolomics_metabolite,valid_shuffle_before_loess,708,44.0,685
plasma_metabolomics_metabolite,valid_shuffle_before_loess,709,40.0,664
plasma_metabolomics_metabolite,valid_shuffle_before_loess,710,43.0,703
plasma_metabolomics_metabolite,valid_shuffle_before_loess,711,40.0,645
plasma_metabolomics_metabolite,valid_shuffle_before_loess,712,40.0,660
plasma_metabolomics_metabolite,valid_shuffle_before_loess,713,40.0,672
plasma_metabolomics_metabolite,valid_shuffle_before_loess,714,43.0,630
plasma_metabolomics_metabolite,valid_shuffle_before_loess,715,43.0,670
plasma_metabolomics_metabolite,valid_shuffle_before_loess,716,42.0,661
plasma_metabolomics_metabolite,valid_shuffle_before_loess,717,42.0,661
plasma_metabolomics_metabolite,valid_shuffle_before_loess,718,40.0,654
plasma_metabolomics_metabolite,valid_shuffle_before_loess,719,41.0,646
plasma_metabolomics_metabolite,valid_shuffle_before_loess,720,41.0,665
plasma_metabolomics_metabolite,valid_shuffle_before_loess,721,40.0,686
plasma_metabolomics_metabolite,valid_shuffle_before_loess,722,40.0,662
plasma_metabolomics_metabolite,valid_shuffle_before_loess,723,41.0,680
plasma_metabolomics_metabolite,valid_shuffle_before_loess,724,40.0,653
plasma_metabolomics_metabolite,valid_shuffle_before_loess,725,40.0,655
plasma_metabolomics_metabolite,valid_shuffle_before_loess,726,40.0,662
plasma_metabolomics_metabolite,valid_shuffle_before_loess,727,43.0,654
plasma_metabolomics_metabolite,valid_shuffle_before_loess,728,42.0,691
plasma_metabolomics_metabolite,valid_shuffle_before_loess,729,40.0,689
plasma_metabolomics_metabolite,valid_shuffle_before_loess,730,42.0,667
plasma_metabolomics_metabolite,valid_shuffle_before_loess,731,41.0,694
plasma_metabolomics_metabolite,valid_shuffle_before_loess,732,40.0,671
plasma_metabolomics_metabolite,valid_shuffle_before_loess,733,40.0,654
plasma_metabolomics_metabolite,valid_shuffle_before_loess,734,40.0,642
plasma_metabolomics_metabolite,valid_shuffle_before_loess,735,42.0,635
plasma_metabolomics_metabolite,valid_shuffle_before_loess,736,40.0,650
plasma_metabolomics_metabolite,valid_shuffle_before_loess,737,40.0,687
plasma_metabolomics_metabolite,valid_shuffle_before_loess,738,42.0,663
plasma_metabolomics_metabolite,valid_shuffle_before_loess,739,42.0,692
plasma_metabolomics_metabolite,valid_shuffle_before_loess,740,41.0,672
plasma_metabolomics_metabolite,valid_shuffle_before_loess,741,45.0,649
plasma_metabolomics_metabolite,valid_shuffle_before_loess,742,43.0,689
plasma_metabolomics_metabolite,valid_shuffle_before_loess,743,41.0,672
plasma_metabolomics_metabolite,valid_shuffle_before_loess,744,42.0,674
plasma_metabolomics_metabolite,valid_shuffle_before_loess,745,40.0,643
plasma_metabolomics_metabolite,valid_shuffle_before_loess,746,41.0,641
plasma_metabolomics_metabolite,valid_shuffle_before_loess,747,41.0,652
plasma_metabolomics_metabolite,valid_shuffle_before_loess,748,43.0,666
plasma_metabolomics_metabolite,valid_shuffle_before_loess,749,42.0,675
plasma_metabolomics_metabolite,valid_shuffle_before_loess,750,40.0,670
plasma_metabolomics_metabolite,valid_shuffle_before_loess,751,40.0,693
plasma_metabolomics_metabolite,valid_shuffle_before_loess,752,43.0,647
plasma_metabolomics_metabolite,valid_shuffle_before_loess,753,44.0,682
plasma_metabolomics_metabolite,valid_shuffle_before_loess,754,41.0,686
plasma_metabolomics_metabolite,valid_shuffle_before_loess,755,41.0,676
plasma_metabolomics_metabolite,valid_shuffle_before_loess,756,41.0,700
plasma_metabolomics_metabolite,valid_shuffle_before_loess,757,42.0,707
plasma_metabolomics_metabolite,valid_shuffle_before_loess,758,42.0,688
plasma_metabolomics_metabolite,valid_shuffle_before_loess,759,40.0,678
plasma_metabolomics_metabolite,valid_shuffle_before_loess,760,40.0,654
plasma_metabolomics_metabolite,valid_shuffle_before_loess,761,40.0,680
plasma_metabolomics_metabolite,valid_shuffle_before_loess,762,43.0,666
plasma_metabolomics_metabolite,valid_shuffle_before_loess,763,40.0,708
plasma_metabolomics_metabolite,valid_shuffle_before_loess,764,42.0,657
plasma_metabolomics_metabolite,valid_shuffle_before_loess,765,40.0,678
plasma_metabolomics_metabolite,valid_shuffle_before_loess,766,41.0,696
plasma_metabolomics_metabolite,valid_shuffle_before_loess,767,43.0,707
plasma_metabolomics_metabolite,valid_shuffle_before_loess,768,40.0,670
plasma_metabolomics_metabolite,valid_shuffle_before_loess,769,40.0,659
plasma_metabolomics_metabolite,valid_shuffle_before_loess,770,44.0,682
plasma_metabolomics_metabolite,valid_shuffle_before_loess,771,42.0,705
plasma_metabolomics_metabolite,valid_shuffle_before_loess,772,42.0,645
plasma_metabolomics_metabolite,valid_shuffle_before_loess,773,42.0,643
plasma_metabolomics_metabolite,valid_shuffle_before_loess,774,40.0,672
plasma_metabolomics_metabolite,valid_shuffle_before_loess,775,40.0,683
plasma_metabolomics_metabolite,valid_shuffle_before_loess,776,43.0,646
plasma_metabolomics_metabolite,valid_shuffle_before_loess,777,40.0,658
plasma_metabolomics_metabolite,valid_shuffle_before_loess,778,40.0,674
plasma_metabolomics_metabolite,valid_shuffle_before_loess,779,40.0,676
plasma_metabolomics_metabolite,valid_shuffle_before_loess,780,40.0,684
plasma_metabolomics_metabolite,valid_shuffle_before_loess,781,42.0,638
plasma_metabolomics_metabolite,valid_shuffle_before_loess,782,41.0,660
plasma_metabolomics_metabolite,valid_shuffle_before_loess,783,42.0,651
plasma_metabolomics_metabolite,valid_shuffle_before_loess,784,42.0,642
plasma_metabolomics_metabolite,valid_shuffle_before_loess,785,40.0,640
plasma_metabolomics_metabolite,valid_shuffle_before_loess,786,41.0,701
plasma_metabolomics_metabolite,valid_shuffle_before_loess,787,41.0,659
plasma_metabolomics_metabolite,valid_shuffle_before_loess,788,40.0,663
plasma_metabolomics_metabolite,valid_shuffle_before_loess,789,44.0,637
plasma_metabolomics_metabolite,valid_shuffle_before_loess,790,40.0,677
plasma_metabolomics_metabolite,valid_shuffle_before_loess,791,40.0,654
plasma_metabolomics_metabolite,valid_shuffle_before_loess,792,42.0,673
plasma_metabolomics_metabolite,valid_shuffle_before_loess,793,47.0,657
plasma_metabolomics_metabolite,valid_shuffle_before_loess,794,42.0,661
plasma_metabolomics_metabolite,valid_shuffle_before_loess,795,40.0,652
plasma_metabolomics_metabolite,valid_shuffle_before_loess,796,40.0,661
plasma_metabolomics_metabolite,valid_shuffle_before_loess,797,40.0,659
plasma_metabolomics_metabolite,valid_shuffle_before_loess,798,42.0,651
plasma_metabolomics_metabolite,valid_shuffle_before_loess,799,40.0,674
plasma_metabolomics_metabolite,valid_shuffle_before_loess,800,40.0,640
plasma_metabolomics_metabolite,valid_shuffle_before_loess,801,43.0,654
plasma_metabolomics_metabolite,valid_shuffle_before_loess,802,40.0,666
plasma_metabolomics_metabolite,valid_shuffle_before_loess,803,44.0,658
plasma_metabolomics_metabolite,valid_shuffle_before_loess,804,43.0,657
plasma_metabolomics_metabolite,valid_shuffle_before_loess,805,40.0,662
plasma_metabolomics_metabolite,valid_shuffle_before_loess,806,43.0,676
plasma_metabolomics_metabolite,valid_shuffle_before_loess,807,41.0,635
plasma_metabolomics_metabolite,valid_shuffle_before_loess,808,42.0,678
plasma_metabolomics_metabolite,valid_shuffle_before_loess,809,40.0,700
plasma_metabolomics_metabolite,valid_shuffle_before_loess,810,40.0,663
plasma_metabolomics_metabolite,valid_shuffle_before_loess,811,40.0,687
plasma_metabolomics_metabolite,valid_shuffle_before_loess,812,42.0,704
plasma_metabolomics_metabolite,valid_shuffle_before_loess,813,43.0,652
plasma_metabolomics_metabolite,valid_shuffle_before_loess,814,44.0,667
plasma_metabolomics_metabolite,valid_shuffle_before_loess,815,42.0,685
plasma_metabolomics_metabolite,valid_shuffle_before_loess,816,40.0,647
plasma_metabolomics_metabolite,valid_shuffle_before_loess,817,40.0,681
plasma_metabolomics_metabolite,valid_shuffle_before_loess,818,44.0,652
plasma_metabolomics_metabolite,valid_shuffle_before_loess,819,41.0,697
plasma_metabolomics_metabolite,valid_shuffle_before_loess,820,40.0,638
plasma_metabolomics_metabolite,valid_shuffle_before_loess,821,41.0,676
plasma_metabolomics_metabolite,valid_shuffle_before_loess,822,42.0,643
plasma_metabolomics_metabolite,valid_shuffle_before_loess,823,40.0,680
plasma_metabolomics_metabolite,valid_shuffle_before_loess,824,40.0,649
plasma_metabolomics_metabolite,valid_shuffle_before_loess,825,44.0,687
plasma_metabolomics_metabolite,valid_shuffle_before_loess,826,40.0,635
plasma_metabolomics_metabolite,valid_shuffle_before_loess,827,40.0,666
plasma_metabolomics_metabolite,valid_shuffle_before_loess,828,40.0,661
plasma_metabolomics_metabolite,valid_shuffle_before_loess,829,40.0,636
plasma_metabolomics_metabolite,valid_shuffle_before_loess,830,42.0,678
plasma_metabolomics_metabolite,valid_shuffle_before_loess,831,40.0,675
plasma_metabolomics_metabolite,valid_shuffle_before_loess,832,40.0,704
plasma_metabolomics_metabolite,valid_shuffle_before_loess,833,40.0,648
plasma_metabolomics_metabolite,valid_shuffle_before_loess,834,41.0,697
plasma_metabolomics_metabolite,valid_shuffle_before_loess,835,45.0,644
plasma_metabolomics_metabolite,valid_shuffle_before_loess,836,48.0,660
plasma_metabolomics_metabolite,valid_shuffle_before_loess,837,40.0,653
plasma_metabolomics_metabolite,valid_shuffle_before_loess,838,41.0,654
plasma_metabolomics_metabolite,valid_shuffle_before_loess,839,43.0,682
plasma_metabolomics_metabolite,valid_shuffle_before_loess,840,42.0,696
plasma_metabolomics_metabolite,valid_shuffle_before_loess,841,41.0,632
plasma_metabolomics_metabolite,valid_shuffle_before_loess,842,40.0,660
plasma_metabolomics_metabolite,valid_shuffle_before_loess,843,45.0,673
plasma_metabolomics_metabolite,valid_shuffle_before_loess,844,43.0,661
plasma_metabolomics_metabolite,valid_shuffle_before_loess,845,41.0,657
plasma_metabolomics_metabolite,valid_shuffle_before_loess,846,40.0,700
plasma_metabolomics_metabolite,valid_shuffle_before_loess,847,42.0,651
plasma_metabolomics_metabolite,valid_shuffle_before_loess,848,40.0,661
plasma_metabolomics_metabolite,valid_shuffle_before_loess,849,41.0,660
plasma_metabolomics_metabolite,valid_shuffle_before_loess,850,41.0,679
plasma_metabolomics_metabolite,valid_shuffle_before_loess,851,42.0,684
plasma_metabolomics_metabolite,valid_shuffle_before_loess,852,40.0,690
plasma_metabolomics_metabolite,valid_shuffle_before_loess,853,41.0,665
plasma_metabolomics_metabolite,valid_shuffle_before_loess,854,42.0,652
plasma_metabolomics_metabolite,valid_shuffle_before_loess,855,41.0,706
plasma_metabolomics_metabolite,valid_shuffle_before_loess,856,41.0,660
plasma_metabolomics_metabolite,valid_shuffle_before_loess,857,40.0,701
plasma_metabolomics_metabolite,valid_shuffle_before_loess,858,41.0,661
plasma_metabolomics_metabolite,valid_shuffle_before_loess,859,40.0,671
plasma_metabolomics_metabolite,valid_shuffle_before_loess,860,43.0,665
plasma_metabolomics_metabolite,valid_shuffle_before_loess,861,40.0,672
plasma_metabolomics_metabolite,valid_shuffle_before_loess,862,41.0,674
plasma_metabolomics_metabolite,valid_shuffle_before_loess,863,44.0,666
plasma_metabolomics_metabolite,valid_shuffle_before_loess,864,42.0,659
plasma_metabolomics_metabolite,valid_shuffle_before_loess,865,40.0,654
plasma_metabolomics_metabolite,valid_shuffle_before_loess,866,40.0,635
plasma_metabolomics_metabolite,valid_shuffle_before_loess,867,40.0,659
plasma_metabolomics_metabolite,valid_shuffle_before_loess,868,40.0,720
plasma_metabolomics_metabolite,valid_shuffle_before_loess,869,44.0,671
plasma_metabolomics_metabolite,valid_shuffle_before_loess,870,42.0,644
plasma_metabolomics_metabolite,valid_shuffle_before_loess,871,40.0,677
plasma_metabolomics_metabolite,valid_shuffle_before_loess,872,44.0,664
plasma_metabolomics_metabolite,valid_shuffle_before_loess,873,44.0,649
plasma_metabolomics_metabolite,valid_shuffle_before_loess,874,40.0,677
plasma_metabolomics_metabolite,valid_shuffle_before_loess,875,44.0,654
plasma_metabolomics_metabolite,valid_shuffle_before_loess,876,40.0,647
plasma_metabolomics_metabolite,valid_shuffle_before_loess,877,43.0,692
plasma_metabolomics_metabolite,valid_shuffle_before_loess,878,40.0,649
plasma_metabolomics_metabolite,valid_shuffle_before_loess,879,40.0,655
plasma_metabolomics_metabolite,valid_shuffle_before_loess,880,44.0,668
plasma_metabolomics_metabolite,valid_shuffle_before_loess,881,40.0,666
plasma_metabolomics_metabolite,valid_shuffle_before_loess,882,40.0,656
plasma_metabolomics_metabolite,valid_shuffle_before_loess,883,40.0,659
plasma_metabolomics_metabolite,valid_shuffle_before_loess,884,40.0,651
plasma_metabolomics_metabolite,valid_shuffle_before_loess,885,41.0,684
plasma_metabolomics_metabolite,valid_shuffle_before_loess,886,43.0,641
plasma_metabolomics_metabolite,valid_shuffle_before_loess,887,40.0,690
plasma_metabolomics_metabolite,valid_shuffle_before_loess,888,40.0,677
plasma_metabolomics_metabolite,valid_shuffle_before_loess,889,46.0,642
plasma_metabolomics_metabolite,valid_shuffle_before_loess,890,40.0,674
plasma_metabolomics_metabolite,valid_shuffle_before_loess,891,40.0,664
plasma_metabolomics_metabolite,valid_shuffle_before_loess,892,42.0,678
plasma_metabolomics_metabolite,valid_shuffle_before_loess,893,40.0,689
plasma_metabolomics_metabolite,valid_shuffle_before_loess,894,41.0,667
plasma_metabolomics_metabolite,valid_shuffle_before_loess,895,40.0,699
plasma_metabolomics_metabolite,valid_shuffle_before_loess,896,40.0,641
plasma_metabolomics_metabolite,valid_shuffle_before_loess,897,40.0,671
plasma_metabolomics_metabolite,valid_shuffle_before_loess,898,40.0,656
plasma_metabolomics_metabolite,valid_shuffle_before_loess,899,43.0,666
plasma_metabolomics_metabolite,valid_shuffle_before_loess,900,42.0,661
plasma_metabolomics_metabolite,valid_shuffle_before_loess,901,40.0,676
plasma_metabolomics_metabolite,valid_shuffle_before_loess,902,42.0,696
plasma_metabolomics_metabolite,valid_shuffle_before_loess,903,43.0,620
plasma_metabolomics_metabolite,valid_shuffle_before_loess,904,40.0,654
plasma_metabolomics_metabolite,valid_shuffle_before_loess,905,40.0,675
plasma_metabolomics_metabolite,valid_shuffle_before_loess,906,40.0,670
plasma_metabolomics_metabolite,valid_shuffle_before_loess,907,41.0,671
plasma_metabolomics_metabolite,valid_shuffle_before_loess,908,50.0,622
plasma_metabolomics_metabolite,valid_shuffle_before_loess,909,44.0,644
plasma_metabolomics_metabolite,valid_shuffle_before_loess,910,44.0,665
plasma_metabolomics_metabolite,valid_shuffle_before_loess,911,40.0,670
plasma_metabolomics_metabolite,valid_shuffle_before_loess,912,46.0,665
plasma_metabolomics_metabolite,valid_shuffle_before_loess,913,46.0,633
plasma_metabolomics_metabolite,valid_shuffle_before_loess,914,40.0,691
plasma_metabolomics_metabolite,valid_shuffle_before_loess,915,41.0,709
plasma_metabolomics_metabolite,valid_shuffle_before_loess,916,40.0,662
plasma_metabolomics_metabolite,valid_shuffle_before_loess,917,40.0,705
plasma_metabolomics_metabolite,valid_shuffle_before_loess,918,40.0,678
plasma_metabolomics_metabolite,valid_shuffle_before_loess,919,43.0,647
plasma_metabolomics_metabolite,valid_shuffle_before_loess,920,46.0,649
plasma_metabolomics_metabolite,valid_shuffle_before_loess,921,41.0,664
plasma_metabolomics_metabolite,valid_shuffle_before_loess,922,43.0,681
plasma_metabolomics_metabolite,valid_shuffle_before_loess,923,40.0,677
plasma_metabolomics_metabolite,valid_shuffle_before_loess,924,40.0,654
plasma_metabolomics_metabolite,valid_shuffle_before_loess,925,41.0,716
plasma_metabolomics_metabolite,valid_shuffle_before_loess,926,43.0,688
plasma_metabolomics_metabolite,valid_shuffle_before_loess,927,40.0,674
plasma_metabolomics_metabolite,valid_shuffle_before_loess,928,40.0,670
plasma_metabolomics_metabolite,valid_shuffle_before_loess,929,43.0,675
plasma_metabolomics_metabolite,valid_shuffle_before_loess,930,44.0,653
plasma_metabolomics_metabolite,valid_shuffle_before_loess,931,42.0,650
plasma_metabolomics_metabolite,valid_shuffle_before_loess,932,40.0,665
plasma_metabolomics_metabolite,valid_shuffle_before_loess,933,41.0,671
plasma_metabolomics_metabolite,valid_shuffle_before_loess,934,43.0,644
plasma_metabolomics_metabolite,valid_shuffle_before_loess,935,42.0,650
plasma_metabolomics_metabolite,valid_shuffle_before_loess,936,40.0,701
plasma_metabolomics_metabolite,valid_shuffle_before_loess,937,40.0,657
plasma_metabolomics_metabolite,valid_shuffle_before_loess,938,43.0,671
plasma_metabolomics_metabolite,valid_shuffle_before_loess,939,43.0,682
plasma_metabolomics_metabolite,valid_shuffle_before_loess,940,41.0,674
plasma_metabolomics_metabolite,valid_shuffle_before_loess,941,45.0,692
plasma_metabolomics_metabolite,valid_shuffle_before_loess,942,44.0,688
plasma_metabolomics_metabolite,valid_shuffle_before_loess,943,43.0,645
plasma_metabolomics_metabolite,valid_shuffle_before_loess,944,40.0,672
plasma_metabolomics_metabolite,valid_shuffle_before_loess,945,42.0,664
plasma_metabolomics_metabolite,valid_shuffle_before_loess,946,40.0,678
plasma_metabolomics_metabolite,valid_shuffle_before_loess,947,43.0,694
plasma_metabolomics_metabolite,valid_shuffle_before_loess,948,45.0,658
plasma_metabolomics_metabolite,valid_shuffle_before_loess,949,42.0,659
plasma_metabolomics_metabolite,valid_shuffle_before_loess,950,40.0,662
plasma_metabolomics_metabolite,valid_shuffle_before_loess,951,40.0,672
plasma_metabolomics_metabolite,valid_shuffle_before_loess,952,40.0,706
plasma_metabolomics_metabolite,valid_shuffle_before_loess,953,42.0,664
plasma_metabolomics_metabolite,valid_shuffle_before_loess,954,40.0,678
plasma_metabolomics_metabolite,valid_shuffle_before_loess,955,40.0,682
plasma_metabolomics_metabolite,valid_shuffle_before_loess,956,40.0,676
plasma_metabolomics_metabolite,valid_shuffle_before_loess,957,43.0,679
plasma_metabolomics_metabolite,valid_shuffle_before_loess,958,45.0,619
plasma_metabolomics_metabolite,valid_shuffle_before_loess,959,44.0,665
plasma_metabolomics_metabolite,valid_shuffle_before_loess,960,40.0,661
plasma_metabolomics_metabolite,valid_shuffle_before_loess,961,46.0,657
plasma_metabolomics_metabolite,valid_shuffle_before_loess,962,40.0,683
plasma_metabolomics_metabolite,valid_shuffle_before_loess,963,40.0,637
plasma_metabolomics_metabolite,valid_shuffle_before_loess,964,44.0,649
plasma_metabolomics_metabolite,valid_shuffle_before_loess,965,41.0,659
plasma_metabolomics_metabolite,valid_shuffle_before_loess,966,41.0,666
plasma_metabolomics_metabolite,valid_shuffle_before_loess,967,43.0,691
plasma_metabolomics_metabolite,valid_shuffle_before_loess,968,40.0,633
plasma_metabolomics_metabolite,valid_shuffle_before_loess,969,40.0,660
plasma_metabolomics_metabolite,valid_shuffle_before_loess,970,43.0,639
plasma_metabolomics_metabolite,valid_shuffle_before_loess,971,44.0,672
plasma_metabolomics_metabolite,valid_shuffle_before_loess,972,40.0,654
plasma_metabolomics_metabolite,valid_shuffle_before_loess,973,45.0,696
plasma_metabolomics_metabolite,valid_shuffle_before_loess,974,40.0,705
plasma_metabolomics_metabolite,valid_shuffle_before_loess,975,42.0,660
plasma_metabolomics_metabolite,valid_shuffle_before_loess,976,44.0,653
plasma_metabolomics_metabolite,valid_shuffle_before_loess,977,40.0,679
plasma_metabolomics_metabolite,valid_shuffle_before_loess,978,40.0,683
plasma_metabolomics_metabolite,valid_shuffle_before_loess,979,40.0,712
plasma_metabolomics_metabolite,valid_shuffle_before_loess,980,43.0,663
plasma_metabolomics_metabolite,valid_shuffle_before_loess,981,43.0,683
plasma_metabolomics_metabolite,valid_shuffle_before_loess,982,40.0,671
plasma_metabolomics_metabolite,valid_shuffle_before_loess,983,44.0,668
plasma_metabolomics_metabolite,valid_shuffle_before_loess,984,40.0,670
plasma_metabolomics_metabolite,valid_shuffle_before_loess,985,40.0,722
plasma_metabolomics_metabolite,valid_shuffle_before_loess,986,41.0,653
plasma_metabolomics_metabolite,valid_shuffle_before_loess,987,40.0,674
plasma_metabolomics_metabolite,valid_shuffle_before_loess,988,42.0,655
plasma_metabolomics_metabolite,valid_shuffle_before_loess,989,43.0,682
plasma_metabolomics_metabolite,valid_shuffle_before_loess,990,40.0,645
plasma_metabolomics_metabolite,valid_shuffle_before_loess,991,40.0,681
plasma_metabolomics_metabolite,valid_shuffle_before_loess,992,43.0,681
plasma_metabolomics_metabolite,valid_shuffle_before_loess,993,42.0,673
plasma_metabolomics_metabolite,valid_shuffle_before_loess,994,41.0,679
plasma_metabolomics_metabolite,valid_shuffle_before_loess,995,44.0,640
plasma_metabolomics_metabolite,valid_shuffle_before_loess,996,40.0,678
plasma_metabolomics_metabolite,valid_shuffle_before_loess,997,41.0,661
plasma_metabolomics_metabolite,valid_shuffle_before_loess,998,43.0,637
plasma_metabolomics_metabolite,valid_shuffle_before_loess,999,41.0,663
plasma_metabolomics_metabolite,invalid_shuffle_after_loess,0,,0
plasma_metabolomics_metabolite,invalid_shuffle_after_loess,1,,0
plasma_metabolomics_metabolite,invalid_shuffle_after_loess,2,,0
plasma_metabolomics_metabolite,invalid_shuffle_after_loess,3,47.0,78
plasma_metabolomics_metabolite,invalid_shuffle_after_loess,4,,0
plasma_metabolomics_metabolite,invalid_shuffle_after_loess,5,,0
plasma_metabolomics_metabolite,invalid_shuffle_after_loess,6,56.0,1
plasma_metabolomics_metabolite,invalid_shuffle_after_loess,7,,0
plasma_metabolomics_metabolite,invalid_shuffle_after_loess,8,,0
plasma_metabolomics_metabolite,invalid_shuffle_after_loess,9,,0
plasma_metabolomics_metabolite,invalid_shuffle_after_loess,10,,0
plasma_metabolomics_metabolite,invalid_shuffle_after_loess,11,,0
plasma_metabolomics_metabolite,invalid_shuffle_after_loess,12,46.0,127
plasma_metabolomics_metabolite,invalid_shuffle_after_loess,13,56.0,100
plasma_metabolomics_metabolite,invalid_shuffle_after_loess,14,,0
plasma_metabolomics_metabolite,invalid_shuffle_after_loess,15,,0
plasma_metabolomics_metabolite,invalid_shuffle_after_loess,16,51.0,65
plasma_metabolomics_metabolite,invalid_shuffle_after_loess,17,57.0,160
plasma_metabolomics_metabolite,invalid_shuffle_after_loess,18,,0
plasma_metabolomics_metabolite,invalid_shuffle_after_loess,19,,0
plasma_metabolomics_metabolite,invalid_shuffle_after_loess,20,,0
plasma_metabolomics_metabolite,invalid_shuffle_after_loess,21,61.0,107
plasma_metabolomics_metabolite,invalid_shuffle_after_loess,22,,0
plasma_metabolomics_metabolite,invalid_shuffle_after_loess,23,,0
plasma_metabolomics_metabolite,invalid_shuffle_after_loess,24,,0
plasma_metabolomics_metabolite,invalid_shuffle_after_loess,25,,0
plasma_metabolomics_metabolite,invalid_shuffle_after_loess,26,,0
plasma_metabolomics_metabolite,invalid_shuffle_after_loess,27,46.0,92
plasma_metabolomics_metabolite,invalid_shuffle_after_loess,28,,0
plasma_metabolomics_metabolite,invalid_shuffle_after_loess,29,,0
plasma_metabolomics_metabolite,invalid_shuffle_after_loess,30,,0
plasma_metabolomics_metabolite,invalid_shuffle_after_loess,31,,0
plasma_metabolomics_metabolite,invalid_shuffle_after_loess,32,63.0,129
plasma_metabolomics_metabolite,invalid_shuffle_after_loess,33,,0
plasma_metabolomics_metabolite,invalid_shuffle_after_loess,34,,0
plasma_metabolomics_metabolite,invalid_shuffle_after_loess,35,,0
plasma_metabolomics_metabolite,invalid_shuffle_after_loess,36,,0
plasma_metabolomics_metabolite,invalid_shuffle_after_loess,37,,0
plasma_metabolomics_metabolite,invalid_shuffle_after_loess,38,,0
plasma_metabolomics_metabolite,invalid_shuffle_after_loess,39,,0
plasma_metabolomics_metabolite,invalid_shuffle_after_loess,40,45.0,109
plasma_metabolomics_metabolite,invalid_shuffle_after_loess,41,,0
plasma_metabolomics_metabolite,invalid_shuffle_after_loess,42,,0
plasma_metabolomics_metabolite,invalid_shuffle_after_loess,43,,0
plasma_metabolomics_metabolite,invalid_shuffle_after_loess,44,,0
plasma_metabolomics_metabolite,invalid_shuffle_after_loess,45,,0
plasma_metabolomics_metabolite,invalid_shuffle_after_loess,46,,0
plasma_metabolomics_metabolite,invalid_shuffle_after_loess,47,,0
plasma_metabolomics_metabolite,invalid_shuffle_after_loess,48,,0
plasma_metabolomics_metabolite,invalid_shuffle_after_loess,49,,0
plasma_metabolomics_metabolite,invalid_shuffle_after_loess,50,,0
plasma_metabolomics_metabolite,invalid_shuffle_after_loess,51,,0
plasma_metabolomics_metabolite,invalid_shuffle_after_loess,52,,0
plasma_metabolomics_metabolite,invalid_shuffle_after_loess,53,60.0,120
plasma_metabolomics_metabolite,invalid_shuffle_after_loess,54,,0
plasma_metabolomics_metabolite,invalid_shuffle_after_loess,55,,0
plasma_metabolomics_metabolite,invalid_shuffle_after_loess,56,,0
plasma_metabolomics_metabolite,invalid_shuffle_after_loess,57,62.0,20
plasma_metabolomics_metabolite,invalid_shuffle_after_loess,58,48.0,85
plasma_metabolomics_metabolite,invalid_shuffle_after_loess,59,40.0,72
plasma_metabolomics_metabolite,invalid_shuffle_after_loess,60,,0
plasma_metabolomics_metabolite,invalid_shuffle_after_loess,61,60.0,1
plasma_metabolomics_metabolite,invalid_shuffle_after_loess,62,49.0,108
plasma_metabolomics_metabolite,invalid_shuffle_after_loess,63,42.0,14
plasma_metabolomics_metabolite,invalid_shuffle_after_loess,64,58.0,35
plasma_metabolomics_metabolite,invalid_shuffle_after_loess,65,59.0,116
plasma_metabolomics_metabolite,invalid_shuffle_after_loess,66,,0
plasma_metabolomics_metabolite,invalid_shuffle_after_loess,67,,0
plasma_metabolomics_metabolite,invalid_shuffle_after_loess,68,,0
plasma_metabolomics_metabolite,invalid_shuffle_after_loess,69,,0
plasma_metabolomics_metabolite,invalid_shuffle_after_loess,70,,0
plasma_metabolomics_metabolite,invalid_shuffle_after_loess,71,,0
plasma_metabolomics_metabolite,invalid_shuffle_after_loess,72,,0
plasma_metabolomics_metabolite,invalid_shuffle_after_loess,73,52.0,73
plasma_metabolomics_metabolite,invalid_shuffle_after_loess,74,45.0,92
plasma_metabolomics_metabolite,invalid_shuffle_after_loess,75,,0
plasma_metabolomics_metabolite,invalid_shuffle_after_loess,76,,0
plasma_metabolomics_metabolite,invalid_shuffle_after_loess,77,,0
plasma_metabolomics_metabolite,invalid_shuffle_after_loess,78,,0
plasma_metabolomics_metabolite,invalid_shuffle_after_loess,79,,0
plasma_metabolomics_metabolite,invalid_shuffle_after_loess,80,,0
plasma_metabolomics_metabolite,invalid_shuffle_after_loess,81,,0
plasma_metabolomics_metabolite,invalid_shuffle_after_loess,82,,0
plasma_metabolomics_metabolite,invalid_shuffle_after_loess,83,,0
plasma_metabolomics_metabolite,invalid_shuffle_after_loess,84,,0
plasma_metabolomics_metabolite,invalid_shuffle_after_loess,85,,0
plasma_metabolomics_metabolite,invalid_shuffle_after_loess,86,,0
plasma_metabolomics_metabolite,invalid_shuffle_after_loess,87,,0
plasma_metabolomics_metabolite,invalid_shuffle_after_loess,88,,0
plasma_metabolomics_metabolite,invalid_shuffle_after_loess,89,,0
plasma_metabolomics_metabolite,invalid_shuffle_after_loess,90,,0
plasma_metabolomics_metabolite,invalid_shuffle_after_loess,91,,0
plasma_metabolomics_metabolite,invalid_shuffle_after_loess,92,,0
plasma_metabolomics_metabolite,invalid_shuffle_after_loess,93,,0
plasma_metabolomics_metabolite,invalid_shuffle_after_loess,94,,0
plasma_metabolomics_metabolite,invalid_shuffle_after_loess,95,,0
plasma_metabolomics_metabolite,invalid_shuffle_after_loess,96,,0
plasma_metabolomics_metabolite,invalid_shuffle_after_loess,97,,0
plasma_metabolomics_metabolite,invalid_shuffle_after_loess,98,,0
plasma_metabolomics_metabolite,invalid_shuffle_after_loess,99,,0
plasma_metabolomics_metabolite,invalid_shuffle_after_loess,100,,0
plasma_metabolomics_metabolite,invalid_shuffle_after_loess,101,,0
plasma_metabolomics_metabolite,invalid_shuffle_after_loess,102,,0
plasma_metabolomics_metabolite,invalid_shuffle_after_loess,103,,0
plasma_metabolomics_metabolite,invalid_shuffle_after_loess,104,,0
plasma_metabolomics_metabolite,invalid_shuffle_after_loess,105,,0
plasma_metabolomics_metabolite,invalid_shuffle_after_loess,106,,0
plasma_metabolomics_metabolite,invalid_shuffle_after_loess,107,,0
plasma_metabolomics_metabolite,invalid_shuffle_after_loess,108,,0
plasma_metabolomics_metabolite,invalid_shuffle_after_loess,109,41.0,168
plasma_metabolomics_metabolite,invalid_shuffle_after_loess,110,,0
plasma_metabolomics_metabolite,invalid_shuffle_after_loess,111,44.0,77
plasma_metabolomics_metabolite,invalid_shuffle_after_loess,112,,0
plasma_metabolomics_metabolite,invalid_shuffle_after_loess,113,,0
plasma_metabolomics_metabolite,invalid_shuffle_after_loess,114,45.0,2
plasma_metabolomics_metabolite,invalid_shuffle_after_loess,115,,0
plasma_metabolomics_metabolite,invalid_shuffle_after_loess,116,,0
plasma_metabolomics_metabolite,invalid_shuffle_after_loess,117,,0
plasma_metabolomics_metabolite,invalid_shuffle_after_loess,118,,0
plasma_metabolomics_metabolite,invalid_shuffle_after_loess,119,,0
plasma_metabolomics_metabolite,invalid_shuffle_after_loess,120,58.0,224
plasma_metabolomics_metabolite,invalid_shuffle_after_loess,121,62.0,132
plasma_metabolomics_metabolite,invalid_shuffle_after_loess,122,,0
plasma_metabolomics_metabolite,invalid_shuffle_after_loess,123,,0
plasma_metabolomics_metabolite,invalid_shuffle_after_loess,124,,0
plasma_metabolomics_metabolite,invalid_shuffle_after_loess,125,42.0,174
plasma_metabolomics_metabolite,invalid_shuffle_after_loess,126,,0
plasma_metabolomics_metabolite,invalid_shuffle_after_loess,127,,0
plasma_metabolomics_metabolite,invalid_shuffle_after_loess,128,,0
plasma_metabolomics_metabolite,invalid_shuffle_after_loess,129,,0
plasma_metabolomics_metabolite,invalid_shuffle_after_loess,130,,0
plasma_metabolomics_metabolite,invalid_shuffle_after_loess,131,44.0,176
plasma_metabolomics_metabolite,invalid_shuffle_after_loess,132,,0
plasma_metabolomics_metabolite,invalid_shuffle_after_loess,133,,0
plasma_metabolomics_metabolite,invalid_shuffle_after_loess,134,51.0,84
plasma_metabolomics_metabolite,invalid_shuffle_after_loess,135,53.0,1
plasma_metabolomics_metabolite,invalid_shuffle_after_loess,136,,0
plasma_metabolomics_metabolite,invalid_shuffle_after_loess,137,51.0,112
plasma_metabolomics_metabolite,invalid_shuffle_after_loess,138,,0
plasma_metabolomics_metabolite,invalid_shuffle_after_loess,139,,0
plasma_metabolomics_metabolite,invalid_shuffle_after_loess,140,,0
plasma_metabolomics_metabolite,invalid_shuffle_after_loess,141,,0
plasma_metabolomics_metabolite,invalid_shuffle_after_loess,142,,0
plasma_metabolomics_metabolite,invalid_shuffle_after_loess,143,42.0,1
plasma_metabolomics_metabolite,invalid_shuffle_after_loess,144,,0
plasma_metabolomics_metabolite,invalid_shuffle_after_loess,145,52.0,273
plasma_metabolomics_metabolite,invalid_shuffle_after_loess,146,,0
plasma_metabolomics_metabolite,invalid_shuffle_after_loess,147,,0
plasma_metabolomics_metabolite,invalid_shuffle_after_loess,148,58.0,163
plasma_metabolomics_metabolite,invalid_shuffle_after_loess,149,,0
plasma_metabolomics_metabolite,invalid_shuffle_after_loess,150,,0
plasma_metabolomics_metabolite,invalid_shuffle_after_loess,151,59.0,73
plasma_metabolomics_metabolite,invalid_shuffle_after_loess,152,,0
plasma_metabolomics_metabolite,invalid_shuffle_after_loess,153,,0
plasma_metabolomics_metabolite,invalid_shuffle_after_loess,154,,0
plasma_metabolomics_metabolite,invalid_shuffle_after_loess,155,49.0,92
plasma_metabolomics_metabolite,invalid_shuffle_after_loess,156,,0
plasma_metabolomics_metabolite,invalid_shuffle_after_loess,157,40.0,24
plasma_metabolomics_metabolite,invalid_shuffle_after_loess,158,,0
plasma_metabolomics_metabolite,invalid_shuffle_after_loess,159,,0
plasma_metabolomics_metabolite,invalid_shuffle_after_loess,160,,0
plasma_metabolomics_metabolite,invalid_shuffle_after_loess,161,,0
plasma_metabolomics_metabolite,invalid_shuffle_after_loess,162,47.0,195
plasma_metabolomics_metabolite,invalid_shuffle_after_loess,163,,0
plasma_metabolomics_metabolite,invalid_shuffle_after_loess,164,,0
plasma_metabolomics_metabolite,invalid_shuffle_after_loess,165,,0
plasma_metabolomics_metabolite,invalid_shuffle_after_loess,166,,0
plasma_metabolomics_metabolite,invalid_shuffle_after_loess,167,44.0,3
plasma_metabolomics_metabolite,invalid_shuffle_after_loess,168,,0
plasma_metabolomics_metabolite,invalid_shuffle_after_loess,169,54.0,117
plasma_metabolomics_metabolite,invalid_shuffle_after_loess,170,,0
plasma_metabolomics_metabolite,invalid_shuffle_after_loess,171,,0
plasma_metabolomics_metabolite,invalid_shuffle_after_loess,172,,0
plasma_metabolomics_metabolite,invalid_shuffle_after_loess,173,,0
plasma_metabolomics_metabolite,invalid_shuffle_after_loess,174,,0
plasma_metabolomics_metabolite,invalid_shuffle_after_loess,175,62.0,235
plasma_metabolomics_metabolite,invalid_shuffle_after_loess,176,,0
plasma_metabolomics_metabolite,invalid_shuffle_after_loess,177,,0
plasma_metabolomics_metabolite,invalid_shuffle_after_loess,178,,0
plasma_metabolomics_metabolite,invalid_shuffle_after_loess,179,,0
plasma_metabolomics_metabolite,invalid_shuffle_after_loess,180,,0
plasma_metabolomics_metabolite,invalid_shuffle_after_loess,181,,0
plasma_metabolomics_metabolite,invalid_shuffle_after_loess,182,,0
plasma_metabolomics_metabolite,invalid_shuffle_after_loess,183,,0
plasma_metabolomics_metabolite,invalid_shuffle_after_loess,184,,0
plasma_metabolomics_metabolite,invalid_shuffle_after_loess,185,,0
plasma_metabolomics_metabolite,invalid_shuffle_after_loess,186,,0
plasma_metabolomics_metabolite,invalid_shuffle_after_loess,187,,0
plasma_metabolomics_metabolite,invalid_shuffle_after_loess,188,,0
plasma_metabolomics_metabolite,invalid_shuffle_after_loess,189,,0
plasma_metabolomics_metabolite,invalid_shuffle_after_loess,190,,0
plasma_metabolomics_metabolite,invalid_shuffle_after_loess,191,64.0,192
plasma_metabolomics_metabolite,invalid_shuffle_after_loess,192,,0
plasma_metabolomics_metabolite,invalid_shuffle_after_loess,193,57.0,84
plasma_metabolomics_metabolite,invalid_shuffle_after_loess,194,,0
plasma_metabolomics_metabolite,invalid_shuffle_after_loess,195,,0
plasma_metabolomics_metabolite,invalid_shuffle_after_loess,196,,0
plasma_metabolomics_metabolite,invalid_shuffle_after_loess,197,,0
plasma_metabolomics_metabolite,invalid_shuffle_after_loess,198,,0
plasma_metabolomics_metabolite,invalid_shuffle_after_loess,199,64.0,101
plasma_metabolomics_metabolite,invalid_shuffle_after_loess,200,,0
plasma_metabolomics_metabolite,invalid_shuffle_after_loess,201,42.0,5
plasma_metabolomics_metabolite,invalid_shuffle_after_loess,202,57.0,162
plasma_metabolomics_metabolite,invalid_shuffle_after_loess,203,,0
plasma_metabolomics_metabolite,invalid_shuffle_after_loess,204,,0
plasma_metabolomics_metabolite,invalid_shuffle_after_loess,205,,0
plasma_metabolomics_metabolite,invalid_shuffle_after_loess,206,,0
plasma_metabolomics_metabolite,invalid_shuffle_after_loess,207,,0
plasma_metabolomics_metabolite,invalid_shuffle_after_loess,208,47.0,61
plasma_metabolomics_metabolite,invalid_shuffle_after_loess,209,,0
plasma_metabolomics_metabolite,invalid_shuffle_after_loess,210,,0
plasma_metabolomics_metabolite,invalid_shuffle_after_loess,211,,0
plasma_metabolomics_metabolite,invalid_shuffle_after_loess,212,,0
plasma_metabolomics_metabolite,invalid_shuffle_after_loess,213,,0
plasma_metabolomics_metabolite,invalid_shuffle_after_loess,214,,0
plasma_metabolomics_metabolite,invalid_shuffle_after_loess,215,,0
plasma_metabolomics_metabolite,invalid_shuffle_after_loess,216,,0
plasma_metabolomics_metabolite,invalid_shuffle_after_loess,217,47.0,281
plasma_metabolomics_metabolite,invalid_shuffle_after_loess,218,,0
plasma_metabolomics_metabolite,invalid_shuffle_after_loess,219,,0
plasma_metabolomics_metabolite,invalid_shuffle_after_loess,220,,0
plasma_metabolomics_metabolite,invalid_shuffle_after_loess,221,,0
plasma_metabolomics_metabolite,invalid_shuffle_after_loess,222,,0
plasma_metabolomics_metabolite,invalid_shuffle_after_loess,223,,0
plasma_metabolomics_metabolite,invalid_shuffle_after_loess,224,,0
plasma_metabolomics_metabolite,invalid_shuffle_after_loess,225,,0
plasma_metabolomics_metabolite,invalid_shuffle_after_loess,226,,0
plasma_metabolomics_metabolite,invalid_shuffle_after_loess,227,,0
plasma_metabolomics_metabolite,invalid_shuffle_after_loess,228,,0
plasma_metabolomics_metabolite,invalid_shuffle_after_loess,229,,0
plasma_metabolomics_metabolite,invalid_shuffle_after_loess,230,,0
plasma_metabolomics_metabolite,invalid_shuffle_after_loess,231,58.0,162
plasma_metabolomics_metabolite,invalid_shuffle_after_loess,232,,0
plasma_metabolomics_metabolite,invalid_shuffle_after_loess,233,,0
plasma_metabolomics_metabolite,invalid_shuffle_after_loess,234,,0
plasma_metabolomics_metabolite,invalid_shuffle_after_loess,235,,0
plasma_metabolomics_metabolite,invalid_shuffle_after_loess,236,,0
plasma_metabolomics_metabolite,invalid_shuffle_after_loess,237,,0
plasma_metabolomics_metabolite,invalid_shuffle_after_loess,238,,0
plasma_metabolomics_metabolite,invalid_shuffle_after_loess,239,,0
plasma_metabolomics_metabolite,invalid_shuffle_after_loess,240,41.0,7
plasma_metabolomics_metabolite,invalid_shuffle_after_loess,241,,0
plasma_metabolomics_metabolite,invalid_shuffle_after_loess,242,,0
plasma_metabolomics_metabolite,invalid_shuffle_after_loess,243,,0
plasma_metabolomics_metabolite,invalid_shuffle_after_loess,244,,0
plasma_metabolomics_metabolite,invalid_shuffle_after_loess,245,57.0,5
plasma_metabolomics_metabolite,invalid_shuffle_after_loess,246,,0
plasma_metabolomics_metabolite,invalid_shuffle_after_loess,247,,0
plasma_metabolomics_metabolite,invalid_shuffle_after_loess,248,,0
plasma_metabolomics_metabolite,invalid_shuffle_after_loess,249,,0
plasma_metabolomics_metabolite,invalid_shuffle_after_loess,250,,0
plasma_metabolomics_metabolite,invalid_shuffle_after_loess,251,,0
plasma_metabolomics_metabolite,invalid_shuffle_after_loess,252,,0
plasma_metabolomics_metabolite,invalid_shuffle_after_loess,253,,0
plasma_metabolomics_metabolite,invalid_shuffle_after_loess,254,,0
plasma_metabolomics_metabolite,invalid_shuffle_after_loess,255,,0
plasma_metabolomics_metabolite,invalid_shuffle_after_loess,256,,0
plasma_metabolomics_metabolite,invalid_shuffle_after_loess,257,,0
plasma_metabolomics_metabolite,invalid_shuffle_after_loess,258,,0
plasma_metabolomics_metabolite,invalid_shuffle_after_loess,259,61.0,2
plasma_metabolomics_metabolite,invalid_shuffle_after_loess,260,,0
plasma_metabolomics_metabolite,invalid_shuffle_after_loess,261,,0
plasma_metabolomics_metabolite,invalid_shuffle_after_loess,262,,0
plasma_metabolomics_metabolite,invalid_shuffle_after_loess,263,,0
plasma_metabolomics_metabolite,invalid_shuffle_after_loess,264,,0
plasma_metabolomics_metabolite,invalid_shuffle_after_loess,265,42.0,234
plasma_metabolomics_metabolite,invalid_shuffle_after_loess,266,,0
plasma_metabolomics_metabolite,invalid_shuffle_after_loess,267,,0
plasma_metabolomics_metabolite,invalid_shuffle_after_loess,268,,0
plasma_metabolomics_metabolite,invalid_shuffle_after_loess,269,,0
plasma_metabolomics_metabolite,invalid_shuffle_after_loess,270,,0
plasma_metabolomics_metabolite,invalid_shuffle_after_loess,271,,0
plasma_metabolomics_metabolite,invalid_shuffle_after_loess,272,,0
plasma_metabolomics_metabolite,invalid_shuffle_after_loess,273,,0
plasma_metabolomics_metabolite,invalid_shuffle_after_loess,274,49.0,100
plasma_metabolomics_metabolite,invalid_shuffle_after_loess,275,,0
plasma_metabolomics_metabolite,invalid_shuffle_after_loess,276,,0
plasma_metabolomics_metabolite,invalid_shuffle_after_loess,277,43.0,243
plasma_metabolomics_metabolite,invalid_shuffle_after_loess,278,52.0,40
plasma_metabolomics_metabolite,invalid_shuffle_after_loess,279,,0
plasma_metabolomics_metabolite,invalid_shuffle_after_loess,280,,0
plasma_metabolomics_metabolite,invalid_shuffle_after_loess,281,52.0,110
plasma_metabolomics_metabolite,invalid_shuffle_after_loess,282,,0
plasma_metabolomics_metabolite,invalid_shuffle_after_loess,283,,0
plasma_metabolomics_metabolite,invalid_shuffle_after_loess,284,,0
plasma_metabolomics_metabolite,invalid_shuffle_after_loess,285,,0
plasma_metabolomics_metabolite,invalid_shuffle_after_loess,286,,0
plasma_metabolomics_metabolite,invalid_shuffle_after_loess,287,,0
plasma_metabolomics_metabolite,invalid_shuffle_after_loess,288,,0
plasma_metabolomics_metabolite,invalid_shuffle_after_loess,289,,0
plasma_metabolomics_metabolite,invalid_shuffle_after_loess,290,,0
plasma_metabolomics_metabolite,invalid_shuffle_after_loess,291,,0
plasma_metabolomics_metabolite,invalid_shuffle_after_loess,292,49.0,14
plasma_metabolomics_metabolite,invalid_shuffle_after_loess,293,,0
plasma_metabolomics_metabolite,invalid_shuffle_after_loess,294,,0
plasma_metabolomics_metabolite,invalid_shuffle_after_loess,295,,0
plasma_metabolomics_metabolite,invalid_shuffle_after_loess,296,,0
plasma_metabolomics_metabolite,invalid_shuffle_after_loess,297,,0
plasma_metabolomics_metabolite,invalid_shuffle_after_loess,298,,0
plasma_metabolomics_metabolite,invalid_shuffle_after_loess,299,,0
plasma_metabolomics_metabolite,invalid_shuffle_after_loess,300,,0
plasma_metabolomics_metabolite,invalid_shuffle_after_loess,301,,0
plasma_metabolomics_metabolite,invalid_shuffle_after_loess,302,,0
plasma_metabolomics_metabolite,invalid_shuffle_after_loess,303,,0
plasma_metabolomics_metabolite,invalid_shuffle_after_loess,304,,0
plasma_metabolomics_metabolite,invalid_shuffle_after_loess,305,,0
plasma_metabolomics_metabolite,invalid_shuffle_after_loess,306,,0
plasma_metabolomics_metabolite,invalid_shuffle_after_loess,307,,0
plasma_metabolomics_metabolite,invalid_shuffle_after_loess,308,,0
plasma_metabolomics_metabolite,invalid_shuffle_after_loess,309,47.0,132
plasma_metabolomics_metabolite,invalid_shuffle_after_loess,310,,0
plasma_metabolomics_metabolite,invalid_shuffle_after_loess,311,,0
plasma_metabolomics_metabolite,invalid_shuffle_after_loess,312,,0
plasma_metabolomics_metabolite,invalid_shuffle_after_loess,313,,0
plasma_metabolomics_metabolite,invalid_shuffle_after_loess,314,,0
plasma_metabolomics_metabolite,invalid_shuffle_after_loess,315,,0
plasma_metabolomics_metabolite,invalid_shuffle_after_loess,316,,0
plasma_metabolomics_metabolite,invalid_shuffle_after_loess,317,,0
plasma_metabolomics_metabolite,invalid_shuffle_after_loess,318,,0
plasma_metabolomics_metabolite,invalid_shuffle_after_loess,319,,0
plasma_metabolomics_metabolite,invalid_shuffle_after_loess,320,,0
plasma_metabolomics_metabolite,invalid_shuffle_after_loess,321,,0
plasma_metabolomics_metabolite,invalid_shuffle_after_loess,322,,0
plasma_metabolomics_metabolite,invalid_shuffle_after_loess,323,,0
plasma_metabolomics_metabolite,invalid_shuffle_after_loess,324,,0
plasma_metabolomics_metabolite,invalid_shuffle_after_loess,325,,0
plasma_metabolomics_metabolite,invalid_shuffle_after_loess,326,,0
plasma_metabolomics_metabolite,invalid_shuffle_after_loess,327,,0
plasma_metabolomics_metabolite,invalid_shuffle_after_loess,328,40.0,87
plasma_metabolomics_metabolite,invalid_shuffle_after_loess,329,,0
plasma_metabolomics_metabolite,invalid_shuffle_after_loess,330,63.0,80
plasma_metabolomics_metabolite,invalid_shuffle_after_loess,331,,0
plasma_metabolomics_metabolite,invalid_shuffle_after_loess,332,,0
plasma_metabolomics_metabolite,invalid_shuffle_after_loess,333,,0
plasma_metabolomics_metabolite,invalid_shuffle_after_loess,334,,0
plasma_metabolomics_metabolite,invalid_shuffle_after_loess,335,,0
plasma_metabolomics_metabolite,invalid_shuffle_after_loess,336,62.0,55
plasma_metabolomics_metabolite,invalid_shuffle_after_loess,337,,0
plasma_metabolomics_metabolite,invalid_shuffle_after_loess,338,,0
plasma_metabolomics_metabolite,invalid_shuffle_after_loess,339,,0
plasma_metabolomics_metabolite,invalid_shuffle_after_loess,340,,0
plasma_metabolomics_metabolite,invalid_shuffle_after_loess,341,,0
plasma_metabolomics_metabolite,invalid_shuffle_after_loess,342,,0
plasma_metabolomics_metabolite,invalid_shuffle_after_loess,343,,0
plasma_metabolomics_metabolite,invalid_shuffle_after_loess,344,57.0,93
plasma_metabolomics_metabolite,invalid_shuffle_after_loess,345,63.0,272
plasma_metabolomics_metabolite,invalid_shuffle_after_loess,346,,0
plasma_metabolomics_metabolite,invalid_shuffle_after_loess,347,46.0,35
plasma_metabolomics_metabolite,invalid_shuffle_after_loess,348,,0
plasma_metabolomics_metabolite,invalid_shuffle_after_loess,349,,0
plasma_metabolomics_metabolite,invalid_shuffle_after_loess,350,46.0,143
plasma_metabolomics_metabolite,invalid_shuffle_after_loess,351,,0
plasma_metabolomics_metabolite,invalid_shuffle_after_loess,352,,0
plasma_metabolomics_metabolite,invalid_shuffle_after_loess,353,,0
plasma_metabolomics_metabolite,invalid_shuffle_after_loess,354,51.0,60
plasma_metabolomics_metabolite,invalid_shuffle_after_loess,355,,0
plasma_metabolomics_metabolite,invalid_shuffle_after_loess,356,,0
plasma_metabolomics_metabolite,invalid_shuffle_after_loess,357,,0
plasma_metabolomics_metabolite,invalid_shuffle_after_loess,358,,0
plasma_metabolomics_metabolite,invalid_shuffle_after_loess,359,,0
plasma_metabolomics_metabolite,invalid_shuffle_after_loess,360,,0
plasma_metabolomics_metabolite,invalid_shuffle_after_loess,361,,0
plasma_metabolomics_metabolite,invalid_shuffle_after_loess,362,,0
plasma_metabolomics_metabolite,invalid_shuffle_after_loess,363,,0
plasma_metabolomics_metabolite,invalid_shuffle_after_loess,364,,0
plasma_metabolomics_metabolite,invalid_shuffle_after_loess,365,,0
plasma_metabolomics_metabolite,invalid_shuffle_after_loess,366,,0
plasma_metabolomics_metabolite,invalid_shuffle_after_loess,367,,0
plasma_metabolomics_metabolite,invalid_shuffle_after_loess,368,,0
plasma_metabolomics_metabolite,invalid_shuffle_after_loess,369,47.0,117
plasma_metabolomics_metabolite,invalid_shuffle_after_loess,370,49.0,1
plasma_metabolomics_metabolite,invalid_shuffle_after_loess,371,,0
plasma_metabolomics_metabolite,invalid_shuffle_after_loess,372,,0
plasma_metabolomics_metabolite,invalid_shuffle_after_loess,373,,0
plasma_metabolomics_metabolite,invalid_shuffle_after_loess,374,60.0,94
plasma_metabolomics_metabolite,invalid_shuffle_after_loess,375,45.0,55
plasma_metabolomics_metabolite,invalid_shuffle_after_loess,376,,0
plasma_metabolomics_metabolite,invalid_shuffle_after_loess,377,,0
plasma_metabolomics_metabolite,invalid_shuffle_after_loess,378,,0
plasma_metabolomics_metabolite,invalid_shuffle_after_loess,379,,0
plasma_metabolomics_metabolite,invalid_shuffle_after_loess,380,,0
plasma_metabolomics_metabolite,invalid_shuffle_after_loess,381,,0
plasma_metabolomics_metabolite,invalid_shuffle_after_loess,382,,0
plasma_metabolomics_metabolite,invalid_shuffle_after_loess,383,43.0,141
plasma_metabolomics_metabolite,invalid_shuffle_after_loess,384,,0
plasma_metabolomics_metabolite,invalid_shuffle_after_loess,385,,0
plasma_metabolomics_metabolite,invalid_shuffle_after_loess,386,,0
plasma_metabolomics_metabolite,invalid_shuffle_after_loess,387,,0
plasma_metabolomics_metabolite,invalid_shuffle_after_loess,388,49.0,15
plasma_metabolomics_metabolite,invalid_shuffle_after_loess,389,,0
plasma_metabolomics_metabolite,invalid_shuffle_after_loess,390,,0
plasma_metabolomics_metabolite,invalid_shuffle_after_loess,391,,0
plasma_metabolomics_metabolite,invalid_shuffle_after_loess,392,,0
plasma_metabolomics_metabolite,invalid_shuffle_after_loess,393,,0
plasma_metabolomics_metabolite,invalid_shuffle_after_loess,394,41.0,117
plasma_metabolomics_metabolite,invalid_shuffle_after_loess,395,,0
plasma_metabolomics_metabolite,invalid_shuffle_after_loess,396,,0
plasma_metabolomics_metabolite,invalid_shuffle_after_loess,397,,0
plasma_metabolomics_metabolite,invalid_shuffle_after_loess,398,,0
plasma_metabolomics_metabolite,invalid_shuffle_after_loess,399,,0
plasma_metabolomics_metabolite,invalid_shuffle_after_loess,400,,0
plasma_metabolomics_metabolite,invalid_shuffle_after_loess,401,62.0,104
plasma_metabolomics_metabolite,invalid_shuffle_after_loess,402,,0
plasma_metabolomics_metabolite,invalid_shuffle_after_loess,403,,0
plasma_metabolomics_metabolite,invalid_shuffle_after_loess,404,,0
plasma_metabolomics_metabolite,invalid_shuffle_after_loess,405,,0
plasma_metabolomics_metabolite,invalid_shuffle_after_loess,406,,0
plasma_metabolomics_metabolite,invalid_shuffle_after_loess,407,,0
plasma_metabolomics_metabolite,invalid_shuffle_after_loess,408,,0
plasma_metabolomics_metabolite,invalid_shuffle_after_loess,409,58.0,116
plasma_metabolomics_metabolite,invalid_shuffle_after_loess,410,,0
plasma_metabolomics_metabolite,invalid_shuffle_after_loess,411,,0
plasma_metabolomics_metabolite,invalid_shuffle_after_loess,412,,0
plasma_metabolomics_metabolite,invalid_shuffle_after_loess,413,,0
plasma_metabolomics_metabolite,invalid_shuffle_after_loess,414,,0
plasma_metabolomics_metabolite,invalid_shuffle_after_loess,415,,0
plasma_metabolomics_metabolite,invalid_shuffle_after_loess,416,,0
plasma_metabolomics_metabolite,invalid_shuffle_after_loess,417,,0
plasma_metabolomics_metabolite,invalid_shuffle_after_loess,418,,0
plasma_metabolomics_metabolite,invalid_shuffle_after_loess,419,,0
plasma_metabolomics_metabolite,invalid_shuffle_after_loess,420,,0
plasma_metabolomics_metabolite,invalid_shuffle_after_loess,421,,0
plasma_metabolomics_metabolite,invalid_shuffle_after_loess,422,,0
plasma_metabolomics_metabolite,invalid_shuffle_after_loess,423,,0
plasma_metabolomics_metabolite,invalid_shuffle_after_loess,424,,0
plasma_metabolomics_metabolite,invalid_shuffle_after_loess,425,,0
plasma_metabolomics_metabolite,invalid_shuffle_after_loess,426,50.0,219
plasma_metabolomics_metabolite,invalid_shuffle_after_loess,427,,0
plasma_metabolomics_metabolite,invalid_shuffle_after_loess,428,,0
plasma_metabolomics_metabolite,invalid_shuffle_after_loess,429,,0
plasma_metabolomics_metabolite,invalid_shuffle_after_loess,430,,0
plasma_metabolomics_metabolite,invalid_shuffle_after_loess,431,44.0,87
plasma_metabolomics_metabolite,invalid_shuffle_after_loess,432,54.0,77
plasma_metabolomics_metabolite,invalid_shuffle_after_loess,433,59.0,94
plasma_metabolomics_metabolite,invalid_shuffle_after_loess,434,47.0,2
plasma_metabolomics_metabolite,invalid_shuffle_after_loess,435,,0
plasma_metabolomics_metabolite,invalid_shuffle_after_loess,436,,0
plasma_metabolomics_metabolite,invalid_shuffle_after_loess,437,,0
plasma_metabolomics_metabolite,invalid_shuffle_after_loess,438,,0
plasma_metabolomics_metabolite,invalid_shuffle_after_loess,439,,0
plasma_metabolomics_metabolite,invalid_shuffle_after_loess,440,61.0,56
plasma_metabolomics_metabolite,invalid_shuffle_after_loess,441,,0
plasma_metabolomics_metabolite,invalid_shuffle_after_loess,442,50.0,2
plasma_metabolomics_metabolite,invalid_shuffle_after_loess,443,,0
plasma_metabolomics_metabolite,invalid_shuffle_after_loess,444,,0
plasma_metabolomics_metabolite,invalid_shuffle_after_loess,445,,0
plasma_metabolomics_metabolite,invalid_shuffle_after_loess,446,,0
plasma_metabolomics_metabolite,invalid_shuffle_after_loess,447,,0
plasma_metabolomics_metabolite,invalid_shuffle_after_loess,448,,0
plasma_metabolomics_metabolite,invalid_shuffle_after_loess,449,51.0,32
plasma_metabolomics_metabolite,invalid_shuffle_after_loess,450,,0
plasma_metabolomics_metabolite,invalid_shuffle_after_loess,451,,0
plasma_metabolomics_metabolite,invalid_shuffle_after_loess,452,,0
plasma_metabolomics_metabolite,invalid_shuffle_after_loess,453,,0
plasma_metabolomics_metabolite,invalid_shuffle_after_loess,454,,0
plasma_metabolomics_metabolite,invalid_shuffle_after_loess,455,,0
plasma_metabolomics_metabolite,invalid_shuffle_after_loess,456,,0
plasma_metabolomics_metabolite,invalid_shuffle_after_loess,457,,0
plasma_metabolomics_metabolite,invalid_shuffle_after_loess,458,,0
plasma_metabolomics_metabolite,invalid_shuffle_after_loess,459,,0
plasma_metabolomics_metabolite,invalid_shuffle_after_loess,460,,0
plasma_metabolomics_metabolite,invalid_shuffle_after_loess,461,,0
plasma_metabolomics_metabolite,invalid_shuffle_after_loess,462,,0
plasma_metabolomics_metabolite,invalid_shuffle_after_loess,463,,0
plasma_metabolomics_metabolite,invalid_shuffle_after_loess,464,,0
plasma_metabolomics_metabolite,invalid_shuffle_after_loess,465,41.0,99
plasma_metabolomics_metabolite,invalid_shuffle_after_loess,466,,0
plasma_metabolomics_metabolite,invalid_shuffle_after_loess,467,,0
plasma_metabolomics_metabolite,invalid_shuffle_after_loess,468,,0
plasma_metabolomics_metabolite,invalid_shuffle_after_loess,469,,0
plasma_metabolomics_metabolite,invalid_shuffle_after_loess,470,,0
plasma_metabolomics_metabolite,invalid_shuffle_after_loess,471,,0
plasma_metabolomics_metabolite,invalid_shuffle_after_loess,472,,0
plasma_metabolomics_metabolite,invalid_shuffle_after_loess,473,58.0,117
plasma_metabolomics_metabolite,invalid_shuffle_after_loess,474,40.0,100
plasma_metabolomics_metabolite,invalid_shuffle_after_loess,475,41.0,67
plasma_metabolomics_metabolite,invalid_shuffle_after_loess,476,,0
plasma_metabolomics_metabolite,invalid_shuffle_after_loess,477,56.0,2
plasma_metabolomics_metabolite,invalid_shuffle_after_loess,478,,0
plasma_metabolomics_metabolite,invalid_shuffle_after_loess,479,,0
plasma_metabolomics_metabolite,invalid_shuffle_after_loess,480,,0
plasma_metabolomics_metabolite,invalid_shuffle_after_loess,481,,0
plasma_metabolomics_metabolite,invalid_shuffle_after_loess,482,,0
plasma_metabolomics_metabolite,invalid_shuffle_after_loess,483,,0
plasma_metabolomics_metabolite,invalid_shuffle_after_loess,484,,0
plasma_metabolomics_metabolite,invalid_shuffle_after_loess,485,,0
plasma_metabolomics_metabolite,invalid_shuffle_after_loess,486,,0
plasma_metabolomics_metabolite,invalid_shuffle_after_loess,487,,0
plasma_metabolomics_metabolite,invalid_shuffle_after_loess,488,63.0,39
plasma_metabolomics_metabolite,invalid_shuffle_after_loess,489,,0
plasma_metabolomics_metabolite,invalid_shuffle_after_loess,490,,0
plasma_metabolomics_metabolite,invalid_shuffle_after_loess,491,,0
plasma_metabolomics_metabolite,invalid_shuffle_after_loess,492,,0
plasma_metabolomics_metabolite,invalid_shuffle_after_loess,493,,0
plasma_metabolomics_metabolite,invalid_shuffle_after_loess,494,,0
plasma_metabolomics_metabolite,invalid_shuffle_after_loess,495,63.0,3
plasma_metabolomics_metabolite,invalid_shuffle_after_loess,496,,0
plasma_metabolomics_metabolite,invalid_shuffle_after_loess,497,,0
plasma_metabolomics_metabolite,invalid_shuffle_after_loess,498,,0
plasma_metabolomics_metabolite,invalid_shuffle_after_loess,499,51.0,126
plasma_metabolomics_metabolite,invalid_shuffle_after_loess,500,,0
plasma_metabolomics_metabolite,invalid_shuffle_after_loess,501,,0
plasma_metabolomics_metabolite,invalid_shuffle_after_loess,502,,0
plasma_metabolomics_metabolite,invalid_shuffle_after_loess,503,,0
plasma_metabolomics_metabolite,invalid_shuffle_after_loess,504,,0
plasma_metabolomics_metabolite,invalid_shuffle_after_loess,505,,0
plasma_metabolomics_metabolite,invalid_shuffle_after_loess,506,,0
plasma_metabolomics_metabolite,invalid_shuffle_after_loess,507,,0
plasma_metabolomics_metabolite,invalid_shuffle_after_loess,508,63.0,2
plasma_metabolomics_metabolite,invalid_shuffle_after_loess,509,,0
plasma_metabolomics_metabolite,invalid_shuffle_after_loess,510,,0
plasma_metabolomics_metabolite,invalid_shuffle_after_loess,511,,0
plasma_metabolomics_metabolite,invalid_shuffle_after_loess,512,54.0,65
plasma_metabolomics_metabolite,invalid_shuffle_after_loess,513,,0
plasma_metabolomics_metabolite,invalid_shuffle_after_loess,514,41.0,220
plasma_metabolomics_metabolite,invalid_shuffle_after_loess,515,,0
plasma_metabolomics_metabolite,invalid_shuffle_after_loess,516,,0
plasma_metabolomics_metabolite,invalid_shuffle_after_loess,517,,0
plasma_metabolomics_metabolite,invalid_shuffle_after_loess,518,61.0,28
plasma_metabolomics_metabolite,invalid_shuffle_after_loess,519,,0
plasma_metabolomics_metabolite,invalid_shuffle_after_loess,520,,0
plasma_metabolomics_metabolite,invalid_shuffle_after_loess,521,,0
plasma_metabolomics_metabolite,invalid_shuffle_after_loess,522,,0
plasma_metabolomics_metabolite,invalid_shuffle_after_loess,523,,0
plasma_metabolomics_metabolite,invalid_shuffle_after_loess,524,,0
plasma_metabolomics_metabolite,invalid_shuffle_after_loess,525,,0
plasma_metabolomics_metabolite,invalid_shuffle_after_loess,526,49.0,8
plasma_metabolomics_metabolite,invalid_shuffle_after_loess,527,50.0,191
plasma_metabolomics_metabolite,invalid_shuffle_after_loess,528,,0
plasma_metabolomics_metabolite,invalid_shuffle_after_loess,529,,0
plasma_metabolomics_metabolite,invalid_shuffle_after_loess,530,,0
plasma_metabolomics_metabolite,invalid_shuffle_after_loess,531,,0
plasma_metabolomics_metabolite,invalid_shuffle_after_loess,532,,0
plasma_metabolomics_metabolite,invalid_shuffle_after_loess,533,50.0,140
plasma_metabolomics_metabolite,invalid_shuffle_after_loess,534,,0
plasma_metabolomics_metabolite,invalid_shuffle_after_loess,535,,0
plasma_metabolomics_metabolite,invalid_shuffle_after_loess,536,63.0,2
plasma_metabolomics_metabolite,invalid_shuffle_after_loess,537,,0
plasma_metabolomics_metabolite,invalid_shuffle_after_loess,538,,0
plasma_metabolomics_metabolite,invalid_shuffle_after_loess,539,,0
plasma_metabolomics_metabolite,invalid_shuffle_after_loess,540,,0
plasma_metabolomics_metabolite,invalid_shuffle_after_loess,541,42.0,39
plasma_metabolomics_metabolite,invalid_shuffle_after_loess,542,,0
plasma_metabolomics_metabolite,invalid_shuffle_after_loess,543,,0
plasma_metabolomics_metabolite,invalid_shuffle_after_loess,544,,0
plasma_metabolomics_metabolite,invalid_shuffle_after_loess,545,,0
plasma_metabolomics_metabolite,invalid_shuffle_after_loess,546,46.0,1
plasma_metabolomics_metabolite,invalid_shuffle_after_loess,547,,0
plasma_metabolomics_metabolite,invalid_shuffle_after_loess,548,,0
plasma_metabolomics_metabolite,invalid_shuffle_after_loess,549,42.0,178
plasma_metabolomics_metabolite,invalid_shuffle_after_loess,550,59.0,92
plasma_metabolomics_metabolite,invalid_shuffle_after_loess,551,,0
plasma_metabolomics_metabolite,invalid_shuffle_after_loess,552,,0
plasma_metabolomics_metabolite,invalid_shuffle_after_loess,553,,0
plasma_metabolomics_metabolite,invalid_shuffle_after_loess,554,41.0,71
plasma_metabolomics_metabolite,invalid_shuffle_after_loess,555,45.0,1
plasma_metabolomics_metabolite,invalid_shuffle_after_loess,556,43.0,56
plasma_metabolomics_metabolite,invalid_shuffle_after_loess,557,,0
plasma_metabolomics_metabolite,invalid_shuffle_after_loess,558,,0
plasma_metabolomics_metabolite,invalid_shuffle_after_loess,559,,0
plasma_metabolomics_metabolite,invalid_shuffle_after_loess,560,,0
plasma_metabolomics_metabolite,invalid_shuffle_after_loess,561,,0
plasma_metabolomics_metabolite,invalid_shuffle_after_loess,562,,0
plasma_metabolomics_metabolite,invalid_shuffle_after_loess,563,,0
plasma_metabolomics_metabolite,invalid_shuffle_after_loess,564,,0
plasma_metabolomics_metabolite,invalid_shuffle_after_loess,565,44.0,119
plasma_metabolomics_metabolite,invalid_shuffle_after_loess,566,,0
plasma_metabolomics_metabolite,invalid_shuffle_after_loess,567,,0
plasma_metabolomics_metabolite,invalid_shuffle_after_loess,568,,0
plasma_metabolomics_metabolite,invalid_shuffle_after_loess,569,,0
plasma_metabolomics_metabolite,invalid_shuffle_after_loess,570,,0
plasma_metabolomics_metabolite,invalid_shuffle_after_loess,571,,0
plasma_metabolomics_metabolite,invalid_shuffle_after_loess,572,51.0,95
plasma_metabolomics_metabolite,invalid_shuffle_after_loess,573,,0
plasma_metabolomics_metabolite,invalid_shuffle_after_loess,574,40.0,108
plasma_metabolomics_metabolite,invalid_shuffle_after_loess,575,,0
plasma_metabolomics_metabolite,invalid_shuffle_after_loess,576,,0
plasma_metabolomics_metabolite,invalid_shuffle_after_loess,577,,0
plasma_metabolomics_metabolite,invalid_shuffle_after_loess,578,48.0,2
plasma_metabolomics_metabolite,invalid_shuffle_after_loess,579,,0
plasma_metabolomics_metabolite,invalid_shuffle_after_loess,580,,0
plasma_metabolomics_metabolite,invalid_shuffle_after_loess,581,55.0,65
plasma_metabolomics_metabolite,invalid_shuffle_after_loess,582,40.0,15
plasma_metabolomics_metabolite,invalid_shuffle_after_loess,583,,0
plasma_metabolomics_metabolite,invalid_shuffle_after_loess,584,,0
plasma_metabolomics_metabolite,invalid_shuffle_after_loess,585,,0
plasma_metabolomics_metabolite,invalid_shuffle_after_loess,586,51.0,10
plasma_metabolomics_metabolite,invalid_shuffle_after_loess,587,51.0,104
plasma_metabolomics_metabolite,invalid_shuffle_after_loess,588,,0
plasma_metabolomics_metabolite,invalid_shuffle_after_loess,589,,0
plasma_metabolomics_metabolite,invalid_shuffle_after_loess,590,,0
plasma_metabolomics_metabolite,invalid_shuffle_after_loess,591,,0
plasma_metabolomics_metabolite,invalid_shuffle_after_loess,592,,0
plasma_metabolomics_metabolite,invalid_shuffle_after_loess,593,,0
plasma_metabolomics_metabolite,invalid_shuffle_after_loess,594,,0
plasma_metabolomics_metabolite,invalid_shuffle_after_loess,595,,0
plasma_metabolomics_metabolite,invalid_shuffle_after_loess,596,,0
plasma_metabolomics_metabolite,invalid_shuffle_after_loess,597,,0
plasma_metabolomics_metabolite,invalid_shuffle_after_loess,598,,0
plasma_metabolomics_metabolite,invalid_shuffle_after_loess,599,,0
plasma_metabolomics_metabolite,invalid_shuffle_after_loess,600,,0
plasma_metabolomics_metabolite,invalid_shuffle_after_loess,601,59.0,254
plasma_metabolomics_metabolite,invalid_shuffle_after_loess,602,,0
plasma_metabolomics_metabolite,invalid_shuffle_after_loess,603,,0
plasma_metabolomics_metabolite,invalid_shuffle_after_loess,604,44.0,4
plasma_metabolomics_metabolite,invalid_shuffle_after_loess,605,43.0,138
plasma_metabolomics_metabolite,invalid_shuffle_after_loess,606,,0
plasma_metabolomics_metabolite,invalid_shuffle_after_loess,607,,0
plasma_metabolomics_metabolite,invalid_shuffle_after_loess,608,48.0,165
plasma_metabolomics_metabolite,invalid_shuffle_after_loess,609,48.0,6
plasma_metabolomics_metabolite,invalid_shuffle_after_loess,610,,0
plasma_metabolomics_metabolite,invalid_shuffle_after_loess,611,,0
plasma_metabolomics_metabolite,invalid_shuffle_after_loess,612,,0
plasma_metabolomics_metabolite,invalid_shuffle_after_loess,613,,0
plasma_metabolomics_metabolite,invalid_shuffle_after_loess,614,,0
plasma_metabolomics_metabolite,invalid_shuffle_after_loess,615,,0
plasma_metabolomics_metabolite,invalid_shuffle_after_loess,616,,0
plasma_metabolomics_metabolite,invalid_shuffle_after_loess,617,,0
plasma_metabolomics_metabolite,invalid_shuffle_after_loess,618,,0
plasma_metabolomics_metabolite,invalid_shuffle_after_loess,619,,0
plasma_metabolomics_metabolite,invalid_shuffle_after_loess,620,,0
plasma_metabolomics_metabolite,invalid_shuffle_after_loess,621,,0
plasma_metabolomics_metabolite,invalid_shuffle_after_loess,622,,0
plasma_metabolomics_metabolite,invalid_shuffle_after_loess,623,,0
plasma_metabolomics_metabolite,invalid_shuffle_after_loess,624,44.0,10
plasma_metabolomics_metabolite,invalid_shuffle_after_loess,625,,0
plasma_metabolomics_metabolite,invalid_shuffle_after_loess,626,,0
plasma_metabolomics_metabolite,invalid_shuffle_after_loess,627,,0
plasma_metabolomics_metabolite,invalid_shuffle_after_loess,628,,0
plasma_metabolomics_metabolite,invalid_shuffle_after_loess,629,,0
plasma_metabolomics_metabolite,invalid_shuffle_after_loess,630,,0
plasma_metabolomics_metabolite,invalid_shuffle_after_loess,631,,0
plasma_metabolomics_metabolite,invalid_shuffle_after_loess,632,,0
plasma_metabolomics_metabolite,invalid_shuffle_after_loess,633,,0
plasma_metabolomics_metabolite,invalid_shuffle_after_loess,634,,0
plasma_metabolomics_metabolite,invalid_shuffle_after_loess,635,,0
plasma_metabolomics_metabolite,invalid_shuffle_after_loess,636,,0
plasma_metabolomics_metabolite,invalid_shuffle_after_loess,637,,0
plasma_metabolomics_metabolite,invalid_shuffle_after_loess,638,,0
plasma_metabolomics_metabolite,invalid_shuffle_after_loess,639,,0
plasma_metabolomics_metabolite,invalid_shuffle_after_loess,640,,0
plasma_metabolomics_metabolite,invalid_shuffle_after_loess,641,,0
plasma_metabolomics_metabolite,invalid_shuffle_after_loess,642,,0
plasma_metabolomics_metabolite,invalid_shuffle_after_loess,643,,0
plasma_metabolomics_metabolite,invalid_shuffle_after_loess,644,,0
plasma_metabolomics_metabolite,invalid_shuffle_after_loess,645,63.0,2
plasma_metabolomics_metabolite,invalid_shuffle_after_loess,646,,0
plasma_metabolomics_metabolite,invalid_shuffle_after_loess,647,,0
plasma_metabolomics_metabolite,invalid_shuffle_after_loess,648,,0
plasma_metabolomics_metabolite,invalid_shuffle_after_loess,649,,0
plasma_metabolomics_metabolite,invalid_shuffle_after_loess,650,64.0,85
plasma_metabolomics_metabolite,invalid_shuffle_after_loess,651,,0
plasma_metabolomics_metabolite,invalid_shuffle_after_loess,652,,0
plasma_metabolomics_metabolite,invalid_shuffle_after_loess,653,,0
plasma_metabolomics_metabolite,invalid_shuffle_after_loess,654,,0
plasma_metabolomics_metabolite,invalid_shuffle_after_loess,655,,0
plasma_metabolomics_metabolite,invalid_shuffle_after_loess,656,,0
plasma_metabolomics_metabolite,invalid_shuffle_after_loess,657,,0
plasma_metabolomics_metabolite,invalid_shuffle_after_loess,658,,0
plasma_metabolomics_metabolite,invalid_shuffle_after_loess,659,,0
plasma_metabolomics_metabolite,invalid_shuffle_after_loess,660,,0
plasma_metabolomics_metabolite,invalid_shuffle_after_loess,661,,0
plasma_metabolomics_metabolite,invalid_shuffle_after_loess,662,,0
plasma_metabolomics_metabolite,invalid_shuffle_after_loess,663,,0
plasma_metabolomics_metabolite,invalid_shuffle_after_loess,664,,0
plasma_metabolomics_metabolite,invalid_shuffle_after_loess,665,,0
plasma_metabolomics_metabolite,invalid_shuffle_after_loess,666,61.0,1
plasma_metabolomics_metabolite,invalid_shuffle_after_loess,667,,0
plasma_metabolomics_metabolite,invalid_shuffle_after_loess,668,,0
plasma_metabolomics_metabolite,invalid_shuffle_after_loess,669,,0
plasma_metabolomics_metabolite,invalid_shuffle_after_loess,670,,0
plasma_metabolomics_metabolite,invalid_shuffle_after_loess,671,,0
plasma_metabolomics_metabolite,invalid_shuffle_after_loess,672,,0
plasma_metabolomics_metabolite,invalid_shuffle_after_loess,673,,0
plasma_metabolomics_metabolite,invalid_shuffle_after_loess,674,58.0,100
plasma_metabolomics_metabolite,invalid_shuffle_after_loess,675,,0
plasma_metabolomics_metabolite,invalid_shuffle_after_loess,676,54.0,15
plasma_metabolomics_metabolite,invalid_shuffle_after_loess,677,,0
plasma_metabolomics_metabolite,invalid_shuffle_after_loess,678,,0
plasma_metabolomics_metabolite,invalid_shuffle_after_loess,679,,0
plasma_metabolomics_metabolite,invalid_shuffle_after_loess,680,,0
plasma_metabolomics_metabolite,invalid_shuffle_after_loess,681,,0
plasma_metabolomics_metabolite,invalid_shuffle_after_loess,682,49.0,12
plasma_metabolomics_metabolite,invalid_shuffle_after_loess,683,,0
plasma_metabolomics_metabolite,invalid_shuffle_after_loess,684,,0
plasma_metabolomics_metabolite,invalid_shuffle_after_loess,685,,0
plasma_metabolomics_metabolite,invalid_shuffle_after_loess,686,,0
plasma_metabolomics_metabolite,invalid_shuffle_after_loess,687,48.0,300
plasma_metabolomics_metabolite,invalid_shuffle_after_loess,688,,0
plasma_metabolomics_metabolite,invalid_shuffle_after_loess,689,,0
plasma_metabolomics_metabolite,invalid_shuffle_after_loess,690,,0
plasma_metabolomics_metabolite,invalid_shuffle_after_loess,691,,0
plasma_metabolomics_metabolite,invalid_shuffle_after_loess,692,,0
plasma_metabolomics_metabolite,invalid_shuffle_after_loess,693,,0
plasma_metabolomics_metabolite,invalid_shuffle_after_loess,694,51.0,127
plasma_metabolomics_metabolite,invalid_shuffle_after_loess,695,,0
plasma_metabolomics_metabolite,invalid_shuffle_after_loess,696,,0
plasma_metabolomics_metabolite,invalid_shuffle_after_loess,697,63.0,26
plasma_metabolomics_metabolite,invalid_shuffle_after_loess,698,,0
plasma_metabolomics_metabolite,invalid_shuffle_after_loess,699,,0
plasma_metabolomics_metabolite,invalid_shuffle_after_loess,700,,0
plasma_metabolomics_metabolite,invalid_shuffle_after_loess,701,,0
plasma_metabolomics_metabolite,invalid_shuffle_after_loess,702,51.0,1
plasma_metabolomics_metabolite,invalid_shuffle_after_loess,703,,0
plasma_metabolomics_metabolite,invalid_shuffle_after_loess,704,,0
plasma_metabolomics_metabolite,invalid_shuffle_after_loess,705,,0
plasma_metabolomics_metabolite,invalid_shuffle_after_loess,706,,0
plasma_metabolomics_metabolite,invalid_shuffle_after_loess,707,,0
plasma_metabolomics_metabolite,invalid_shuffle_after_loess,708,,0
plasma_metabolomics_metabolite,invalid_shuffle_after_loess,709,,0
plasma_metabolomics_metabolite,invalid_shuffle_after_loess,710,,0
plasma_metabolomics_metabolite,invalid_shuffle_after_loess,711,,0
plasma_metabolomics_metabolite,invalid_shuffle_after_loess,712,,0
plasma_metabolomics_metabolite,invalid_shuffle_after_loess,713,,0
plasma_metabolomics_metabolite,invalid_shuffle_after_loess,714,,0
plasma_metabolomics_metabolite,invalid_shuffle_after_loess,715,,0
plasma_metabolomics_metabolite,invalid_shuffle_after_loess,716,,0
plasma_metabolomics_metabolite,invalid_shuffle_after_loess,717,,0
plasma_metabolomics_metabolite,invalid_shuffle_after_loess,718,,0
plasma_metabolomics_metabolite,invalid_shuffle_after_loess,719,52.0,20
plasma_metabolomics_metabolite,invalid_shuffle_after_loess,720,,0
plasma_metabolomics_metabolite,invalid_shuffle_after_loess,721,,0
plasma_metabolomics_metabolite,invalid_shuffle_after_loess,722,,0
plasma_metabolomics_metabolite,invalid_shuffle_after_loess,723,59.0,238
plasma_metabolomics_metabolite,invalid_shuffle_after_loess,724,,0
plasma_metabolomics_metabolite,invalid_shuffle_after_loess,725,,0
plasma_metabolomics_metabolite,invalid_shuffle_after_loess,726,,0
plasma_metabolomics_metabolite,invalid_shuffle_after_loess,727,,0
plasma_metabolomics_metabolite,invalid_shuffle_after_loess,728,62.0,80
plasma_metabolomics_metabolite,invalid_shuffle_after_loess,729,,0
plasma_metabolomics_metabolite,invalid_shuffle_after_loess,730,,0
plasma_metabolomics_metabolite,invalid_shuffle_after_loess,731,,0
plasma_metabolomics_metabolite,invalid_shuffle_after_loess,732,,0
plasma_metabolomics_metabolite,invalid_shuffle_after_loess,733,,0
plasma_metabolomics_metabolite,invalid_shuffle_after_loess,734,,0
plasma_metabolomics_metabolite,invalid_shuffle_after_loess,735,,0
plasma_metabolomics_metabolite,invalid_shuffle_after_loess,736,,0
plasma_metabolomics_metabolite,invalid_shuffle_after_loess,737,,0
plasma_metabolomics_metabolite,invalid_shuffle_after_loess,738,,0
plasma_metabolomics_metabolite,invalid_shuffle_after_loess,739,,0
plasma_metabolomics_metabolite,invalid_shuffle_after_loess,740,,0
plasma_metabolomics_metabolite,invalid_shuffle_after_loess,741,,0
plasma_metabolomics_metabolite,invalid_shuffle_after_loess,742,,0
plasma_metabolomics_metabolite,invalid_shuffle_after_loess,743,55.0,22
plasma_metabolomics_metabolite,invalid_shuffle_after_loess,744,,0
plasma_metabolomics_metabolite,invalid_shuffle_after_loess,745,,0
plasma_metabolomics_metabolite,invalid_shuffle_after_loess,746,,0
plasma_metabolomics_metabolite,invalid_shuffle_after_loess,747,46.0,51
plasma_metabolomics_metabolite,invalid_shuffle_after_loess,748,,0
plasma_metabolomics_metabolite,invalid_shuffle_after_loess,749,64.0,140
plasma_metabolomics_metabolite,invalid_shuffle_after_loess,750,59.0,326
plasma_metabolomics_metabolite,invalid_shuffle_after_loess,751,,0
plasma_metabolomics_metabolite,invalid_shuffle_after_loess,752,,0
plasma_metabolomics_metabolite,invalid_shuffle_after_loess,753,,0
plasma_metabolomics_metabolite,invalid_shuffle_after_loess,754,,0
plasma_metabolomics_metabolite,invalid_shuffle_after_loess,755,,0
plasma_metabolomics_metabolite,invalid_shuffle_after_loess,756,,0
plasma_metabolomics_metabolite,invalid_shuffle_after_loess,757,64.0,129
plasma_metabolomics_metabolite,invalid_shuffle_after_loess,758,,0
plasma_metabolomics_metabolite,invalid_shuffle_after_loess,759,,0
plasma_metabolomics_metabolite,invalid_shuffle_after_loess,760,40.0,50
plasma_metabolomics_metabolite,invalid_shuffle_after_loess,761,57.0,91
plasma_metabolomics_metabolite,invalid_shuffle_after_loess,762,,0
plasma_metabolomics_metabolite,invalid_shuffle_after_loess,763,50.0,60
plasma_metabolomics_metabolite,invalid_shuffle_after_loess,764,62.0,2
plasma_metabolomics_metabolite,invalid_shuffle_after_loess,765,,0
plasma_metabolomics_metabolite,invalid_shuffle_after_loess,766,61.0,11
plasma_metabolomics_metabolite,invalid_shuffle_after_loess,767,43.0,227
plasma_metabolomics_metabolite,invalid_shuffle_after_loess,768,,0
plasma_metabolomics_metabolite,invalid_shuffle_after_loess,769,,0
plasma_metabolomics_metabolite,invalid_shuffle_after_loess,770,,0
plasma_metabolomics_metabolite,invalid_shuffle_after_loess,771,,0
plasma_metabolomics_metabolite,invalid_shuffle_after_loess,772,,0
plasma_metabolomics_metabolite,invalid_shuffle_after_loess,773,,0
plasma_metabolomics_metabolite,invalid_shuffle_after_loess,774,,0
plasma_metabolomics_metabolite,invalid_shuffle_after_loess,775,,0
plasma_metabolomics_metabolite,invalid_shuffle_after_loess,776,50.0,104
plasma_metabolomics_metabolite,invalid_shuffle_after_loess,777,,0
plasma_metabolomics_metabolite,invalid_shuffle_after_loess,778,,0
plasma_metabolomics_metabolite,invalid_shuffle_after_loess,779,53.0,102
plasma_metabolomics_metabolite,invalid_shuffle_after_loess,780,,0
plasma_metabolomics_metabolite,invalid_shuffle_after_loess,781,,0
plasma_metabolomics_metabolite,invalid_shuffle_after_loess,782,,0
plasma_metabolomics_metabolite,invalid_shuffle_after_loess,783,,0
plasma_metabolomics_metabolite,invalid_shuffle_after_loess,784,,0
plasma_metabolomics_metabolite,invalid_shuffle_after_loess,785,,0
plasma_metabolomics_metabolite,invalid_shuffle_after_loess,786,,0
plasma_metabolomics_metabolite,invalid_shuffle_after_loess,787,,0
plasma_metabolomics_metabolite,invalid_shuffle_after_loess,788,,0
plasma_metabolomics_metabolite,invalid_shuffle_after_loess,789,,0
plasma_metabolomics_metabolite,invalid_shuffle_after_loess,790,,0
plasma_metabolomics_metabolite,invalid_shuffle_after_loess,791,,0
plasma_metabolomics_metabolite,invalid_shuffle_after_loess,792,,0
plasma_metabolomics_metabolite,invalid_shuffle_after_loess,793,,0
plasma_metabolomics_metabolite,invalid_shuffle_after_loess,794,,0
plasma_metabolomics_metabolite,invalid_shuffle_after_loess,795,,0
plasma_metabolomics_metabolite,invalid_shuffle_after_loess,796,,0
plasma_metabolomics_metabolite,invalid_shuffle_after_loess,797,,0
plasma_metabolomics_metabolite,invalid_shuffle_after_loess,798,,0
plasma_metabolomics_metabolite,invalid_shuffle_after_loess,799,,0
plasma_metabolomics_metabolite,invalid_shuffle_after_loess,800,,0
plasma_metabolomics_metabolite,invalid_shuffle_after_loess,801,,0
plasma_metabolomics_metabolite,invalid_shuffle_after_loess,802,40.0,20
plasma_metabolomics_metabolite,invalid_shuffle_after_loess,803,,0
plasma_metabolomics_metabolite,invalid_shuffle_after_loess,804,,0
plasma_metabolomics_metabolite,invalid_shuffle_after_loess,805,,0
plasma_metabolomics_metabolite,invalid_shuffle_after_loess,806,,0
plasma_metabolomics_metabolite,invalid_shuffle_after_loess,807,,0
plasma_metabolomics_metabolite,invalid_shuffle_after_loess,808,,0
plasma_metabolomics_metabolite,invalid_shuffle_after_loess,809,,0
plasma_metabolomics_metabolite,invalid_shuffle_after_loess,810,,0
plasma_metabolomics_metabolite,invalid_shuffle_after_loess,811,,0
plasma_metabolomics_metabolite,invalid_shuffle_after_loess,812,,0
plasma_metabolomics_metabolite,invalid_shuffle_after_loess,813,,0
plasma_metabolomics_metabolite,invalid_shuffle_after_loess,814,41.0,2
plasma_metabolomics_metabolite,invalid_shuffle_after_loess,815,47.0,161
plasma_metabolomics_metabolite,invalid_shuffle_after_loess,816,,0
plasma_metabolomics_metabolite,invalid_shuffle_after_loess,817,,0
plasma_metabolomics_metabolite,invalid_shuffle_after_loess,818,41.0,122
plasma_metabolomics_metabolite,invalid_shuffle_after_loess,819,,0
plasma_metabolomics_metabolite,invalid_shuffle_after_loess,820,62.0,51
plasma_metabolomics_metabolite,invalid_shuffle_after_loess,821,,0
plasma_metabolomics_metabolite,invalid_shuffle_after_loess,822,,0
plasma_metabolomics_metabolite,invalid_shuffle_after_loess,823,,0
plasma_metabolomics_metabolite,invalid_shuffle_after_loess,824,56.0,42
plasma_metabolomics_metabolite,invalid_shuffle_after_loess,825,,0
plasma_metabolomics_metabolite,invalid_shuffle_after_loess,826,,0
plasma_metabolomics_metabolite,invalid_shuffle_after_loess,827,,0
plasma_metabolomics_metabolite,invalid_shuffle_after_loess,828,,0
plasma_metabolomics_metabolite,invalid_shuffle_after_loess,829,,0
plasma_metabolomics_metabolite,invalid_shuffle_after_loess,830,,0
plasma_metabolomics_metabolite,invalid_shuffle_after_loess,831,,0
plasma_metabolomics_metabolite,invalid_shuffle_after_loess,832,,0
plasma_metabolomics_metabolite,invalid_shuffle_after_loess,833,60.0,181
plasma_metabolomics_metabolite,invalid_shuffle_after_loess,834,,0
plasma_metabolomics_metabolite,invalid_shuffle_after_loess,835,,0
plasma_metabolomics_metabolite,invalid_shuffle_after_loess,836,,0
plasma_metabolomics_metabolite,invalid_shuffle_after_loess,837,,0
plasma_metabolomics_metabolite,invalid_shuffle_after_loess,838,,0
plasma_metabolomics_metabolite,invalid_shuffle_after_loess,839,,0
plasma_metabolomics_metabolite,invalid_shuffle_after_loess,840,,0
plasma_metabolomics_metabolite,invalid_shuffle_after_loess,841,,0
plasma_metabolomics_metabolite,invalid_shuffle_after_loess,842,,0
plasma_metabolomics_metabolite,invalid_shuffle_after_loess,843,,0
plasma_metabolomics_metabolite,invalid_shuffle_after_loess,844,,0
plasma_metabolomics_metabolite,invalid_shuffle_after_loess,845,48.0,120
plasma_metabolomics_metabolite,invalid_shuffle_after_loess,846,,0
plasma_metabolomics_metabolite,invalid_shuffle_after_loess,847,49.0,151
plasma_metabolomics_metabolite,invalid_shuffle_after_loess,848,55.0,23
plasma_metabolomics_metabolite,invalid_shuffle_after_loess,849,,0
plasma_metabolomics_metabolite,invalid_shuffle_after_loess,850,,0
plasma_metabolomics_metabolite,invalid_shuffle_after_loess,851,,0
plasma_metabolomics_metabolite,invalid_shuffle_after_loess,852,40.0,1
plasma_metabolomics_metabolite,invalid_shuffle_after_loess,853,,0
plasma_metabolomics_metabolite,invalid_shuffle_after_loess,854,,0
plasma_metabolomics_metabolite,invalid_shuffle_after_loess,855,57.0,5
plasma_metabolomics_metabolite,invalid_shuffle_after_loess,856,,0
plasma_metabolomics_metabolite,invalid_shuffle_after_loess,857,53.0,107
plasma_metabolomics_metabolite,invalid_shuffle_after_loess,858,,0
plasma_metabolomics_metabolite,invalid_shuffle_after_loess,859,,0
plasma_metabolomics_metabolite,invalid_shuffle_after_loess,860,,0
plasma_metabolomics_metabolite,invalid_shuffle_after_loess,861,,0
plasma_metabolomics_metabolite,invalid_shuffle_after_loess,862,,0
plasma_metabolomics_metabolite,invalid_shuffle_after_loess,863,,0
plasma_metabolomics_metabolite,invalid_shuffle_after_loess,864,,0
plasma_metabolomics_metabolite,invalid_shuffle_after_loess,865,,0
plasma_metabolomics_metabolite,invalid_shuffle_after_loess,866,,0
plasma_metabolomics_metabolite,invalid_shuffle_after_loess,867,,0
plasma_metabolomics_metabolite,invalid_shuffle_after_loess,868,,0
plasma_metabolomics_metabolite,invalid_shuffle_after_loess,869,,0
plasma_metabolomics_metabolite,invalid_shuffle_after_loess,870,,0
plasma_metabolomics_metabolite,invalid_shuffle_after_loess,871,49.0,91
plasma_metabolomics_metabolite,invalid_shuffle_after_loess,872,,0
plasma_metabolomics_metabolite,invalid_shuffle_after_loess,873,61.0,20
plasma_metabolomics_metabolite,invalid_shuffle_after_loess,874,,0
plasma_metabolomics_metabolite,invalid_shuffle_after_loess,875,,0
plasma_metabolomics_metabolite,invalid_shuffle_after_loess,876,,0
plasma_metabolomics_metabolite,invalid_shuffle_after_loess,877,,0
plasma_metabolomics_metabolite,invalid_shuffle_after_loess,878,,0
plasma_metabolomics_metabolite,invalid_shuffle_after_loess,879,,0
plasma_metabolomics_metabolite,invalid_shuffle_after_loess,880,,0
plasma_metabolomics_metabolite,invalid_shuffle_after_loess,881,,0
plasma_metabolomics_metabolite,invalid_shuffle_after_loess,882,,0
plasma_metabolomics_metabolite,invalid_shuffle_after_loess,883,,0
plasma_metabolomics_metabolite,invalid_shuffle_after_loess,884,,0
plasma_metabolomics_metabolite,invalid_shuffle_after_loess,885,,0
plasma_metabolomics_metabolite,invalid_shuffle_after_loess,886,,0
plasma_metabolomics_metabolite,invalid_shuffle_after_loess,887,,0
plasma_metabolomics_metabolite,invalid_shuffle_after_loess,888,,0
plasma_metabolomics_metabolite,invalid_shuffle_after_loess,889,,0
plasma_metabolomics_metabolite,invalid_shuffle_after_loess,890,,0
plasma_metabolomics_metabolite,invalid_shuffle_after_loess,891,,0
plasma_metabolomics_metabolite,invalid_shuffle_after_loess,892,,0
plasma_metabolomics_metabolite,invalid_shuffle_after_loess,893,,0
plasma_metabolomics_metabolite,invalid_shuffle_after_loess,894,52.0,179
plasma_metabolomics_metabolite,invalid_shuffle_after_loess,895,,0
plasma_metabolomics_metabolite,invalid_shuffle_after_loess,896,,0
plasma_metabolomics_metabolite,invalid_shuffle_after_loess,897,,0
plasma_metabolomics_metabolite,invalid_shuffle_after_loess,898,,0
plasma_metabolomics_metabolite,invalid_shuffle_after_loess,899,,0
plasma_metabolomics_metabolite,invalid_shuffle_after_loess,900,49.0,138
plasma_metabolomics_metabolite,invalid_shuffle_after_loess,901,,0
plasma_metabolomics_metabolite,invalid_shuffle_after_loess,902,,0
plasma_metabolomics_metabolite,invalid_shuffle_after_loess,903,,0
plasma_metabolomics_metabolite,invalid_shuffle_after_loess,904,,0
plasma_metabolomics_metabolite,invalid_shuffle_after_loess,905,,0
plasma_metabolomics_metabolite,invalid_shuffle_after_loess,906,,0
plasma_metabolomics_metabolite,invalid_shuffle_after_loess,907,,0
plasma_metabolomics_metabolite,invalid_shuffle_after_loess,908,53.0,35
plasma_metabolomics_metabolite,invalid_shuffle_after_loess,909,,0
plasma_metabolomics_metabolite,invalid_shuffle_after_loess,910,,0
plasma_metabolomics_metabolite,invalid_shuffle_after_loess,911,,0
plasma_metabolomics_metabolite,invalid_shuffle_after_loess,912,,0
plasma_metabolomics_metabolite,invalid_shuffle_after_loess,913,,0
plasma_metabolomics_metabolite,invalid_shuffle_after_loess,914,,0
plasma_metabolomics_metabolite,invalid_shuffle_after_loess,915,,0
plasma_metabolomics_metabolite,invalid_shuffle_after_loess,916,,0
plasma_metabolomics_metabolite,invalid_shuffle_after_loess,917,,0
plasma_metabolomics_metabolite,invalid_shuffle_after_loess,918,,0
plasma_metabolomics_metabolite,invalid_shuffle_after_loess,919,,0
plasma_metabolomics_metabolite,invalid_shuffle_after_loess,920,,0
plasma_metabolomics_metabolite,invalid_shuffle_after_loess,921,50.0,203
plasma_metabolomics_metabolite,invalid_shuffle_after_loess,922,,0
plasma_metabolomics_metabolite,invalid_shuffle_after_loess,923,,0
plasma_metabolomics_metabolite,invalid_shuffle_after_loess,924,58.0,42
plasma_metabolomics_metabolite,invalid_shuffle_after_loess,925,50.0,69
plasma_metabolomics_metabolite,invalid_shuffle_after_loess,926,,0
plasma_metabolomics_metabolite,invalid_shuffle_after_loess,927,,0
plasma_metabolomics_metabolite,invalid_shuffle_after_loess,928,,0
plasma_metabolomics_metabolite,invalid_shuffle_after_loess,929,,0
plasma_metabolomics_metabolite,invalid_shuffle_after_loess,930,,0
plasma_metabolomics_metabolite,invalid_shuffle_after_loess,931,,0
plasma_metabolomics_metabolite,invalid_shuffle_after_loess,932,,0
plasma_metabolomics_metabolite,invalid_shuffle_after_loess,933,,0
plasma_metabolomics_metabolite,invalid_shuffle_after_loess,934,,0
plasma_metabolomics_metabolite,invalid_shuffle_after_loess,935,,0
plasma_metabolomics_metabolite,invalid_shuffle_after_loess,936,,0
plasma_metabolomics_metabolite,invalid_shuffle_after_loess,937,42.0,84
plasma_metabolomics_metabolite,invalid_shuffle_after_loess,938,,0
plasma_metabolomics_metabolite,invalid_shuffle_after_loess,939,,0
plasma_metabolomics_metabolite,invalid_shuffle_after_loess,940,,0
plasma_metabolomics_metabolite,invalid_shuffle_after_loess,941,,0
plasma_metabolomics_metabolite,invalid_shuffle_after_loess,942,53.0,154
plasma_metabolomics_metabolite,invalid_shuffle_after_loess,943,,0
plasma_metabolomics_metabolite,invalid_shuffle_after_loess,944,,0
plasma_metabolomics_metabolite,invalid_shuffle_after_loess,945,,0
plasma_metabolomics_metabolite,invalid_shuffle_after_loess,946,48.0,85
plasma_metabolomics_metabolite,invalid_shuffle_after_loess,947,62.0,37
plasma_metabolomics_metabolite,invalid_shuffle_after_loess,948,,0
plasma_metabolomics_metabolite,invalid_shuffle_after_loess,949,52.0,14
plasma_metabolomics_metabolite,invalid_shuffle_after_loess,950,52.0,5
plasma_metabolomics_metabolite,invalid_shuffle_after_loess,951,,0
plasma_metabolomics_metabolite,invalid_shuffle_after_loess,952,,0
plasma_metabolomics_metabolite,invalid_shuffle_after_loess,953,,0
plasma_metabolomics_metabolite,invalid_shuffle_after_loess,954,,0
plasma_metabolomics_metabolite,invalid_shuffle_after_loess,955,,0
plasma_metabolomics_metabolite,invalid_shuffle_after_loess,956,,0
plasma_metabolomics_metabolite,invalid_shuffle_after_loess,957,,0
plasma_metabolomics_metabolite,invalid_shuffle_after_loess,958,,0
plasma_metabolomics_metabolite,invalid_shuffle_after_loess,959,40.0,56
plasma_metabolomics_metabolite,invalid_shuffle_after_loess,960,,0
plasma_metabolomics_metabolite,invalid_shuffle_after_loess,961,,0
plasma_metabolomics_metabolite,invalid_shuffle_after_loess,962,,0
plasma_metabolomics_metabolite,invalid_shuffle_after_loess,963,,0
plasma_metabolomics_metabolite,invalid_shuffle_after_loess,964,,0
plasma_metabolomics_metabolite,invalid_shuffle_after_loess,965,,0
plasma_metabolomics_metabolite,invalid_shuffle_after_loess,966,,0
plasma_metabolomics_metabolite,invalid_shuffle_after_loess,967,,0
plasma_metabolomics_metabolite,invalid_shuffle_after_loess,968,,0
plasma_metabolomics_metabolite,invalid_shuffle_after_loess,969,,0
plasma_metabolomics_metabolite,invalid_shuffle_after_loess,970,,0
plasma_metabolomics_metabolite,invalid_shuffle_after_loess,971,,0
plasma_metabolomics_metabolite,invalid_shuffle_after_loess,972,47.0,9
plasma_metabolomics_metabolite,invalid_shuffle_after_loess,973,,0
plasma_metabolomics_metabolite,invalid_shuffle_after_loess,974,,0
plasma_metabolomics_metabolite,invalid_shuffle_after_loess,975,54.0,131
plasma_metabolomics_metabolite,invalid_shuffle_after_loess,976,,0
plasma_metabolomics_metabolite,invalid_shuffle_after_loess,977,41.0,119
plasma_metabolomics_metabolite,invalid_shuffle_after_loess,978,,0
plasma_metabolomics_metabolite,invalid_shuffle_after_loess,979,,0
plasma_metabolomics_metabolite,invalid_shuffle_after_loess,980,,0
plasma_metabolomics_metabolite,invalid_shuffle_after_loess,981,,0
plasma_metabolomics_metabolite,invalid_shuffle_after_loess,982,,0
plasma_metabolomics_metabolite,invalid_shuffle_after_loess,983,,0
plasma_metabolomics_metabolite,invalid_shuffle_after_loess,984,48.0,138
plasma_metabolomics_metabolite,invalid_shuffle_after_loess,985,,0
plasma_metabolomics_metabolite,invalid_shuffle_after_loess,986,,0
plasma_metabolomics_metabolite,invalid_shuffle_after_loess,987,,0
plasma_metabolomics_metabolite,invalid_shuffle_after_loess,988,,0
plasma_metabolomics_metabolite,invalid_shuffle_after_loess,989,,0
plasma_metabolomics_metabolite,invalid_shuffle_after_loess,990,,0
plasma_metabolomics_metabolite,invalid_shuffle_after_loess,991,,0
plasma_metabolomics_metabolite,invalid_shuffle_after_loess,992,,0
plasma_metabolomics_metabolite,invalid_shuffle_after_loess,993,,0
plasma_metabolomics_metabolite,invalid_shuffle_after_loess,994,,0
plasma_metabolomics_metabolite,invalid_shuffle_after_loess,995,,0
plasma_metabolomics_metabolite,invalid_shuffle_after_loess,996,,0
plasma_metabolomics_metabolite,invalid_shuffle_after_loess,997,,0
plasma_metabolomics_metabolite,invalid_shuffle_after_loess,998,,0
plasma_metabolomics_metabolite,invalid_shuffle_after_loess,999,,0
plasma_lipidomics,valid_shuffle_before_loess,0,40.0,753
plasma_lipidomics,valid_shuffle_before_loess,1,57.0,736
plasma_lipidomics,valid_shuffle_before_loess,2,40.0,760
plasma_lipidomics,valid_shuffle_before_loess,3,40.0,710
plasma_lipidomics,valid_shuffle_before_loess,4,40.0,817
plasma_lipidomics,valid_shuffle_before_loess,5,42.0,787
plasma_lipidomics,valid_shuffle_before_loess,6,44.0,722
plasma_lipidomics,valid_shuffle_before_loess,7,40.0,741
plasma_lipidomics,valid_shuffle_before_loess,8,47.0,759
plasma_lipidomics,valid_shuffle_before_loess,9,40.0,783
plasma_lipidomics,valid_shuffle_before_loess,10,47.0,740
plasma_lipidomics,valid_shuffle_before_loess,11,42.0,820
plasma_lipidomics,valid_shuffle_before_loess,12,40.0,726
plasma_lipidomics,valid_shuffle_before_loess,13,40.0,786
plasma_lipidomics,valid_shuffle_before_loess,14,41.0,761
plasma_lipidomics,valid_shuffle_before_loess,15,41.0,771
plasma_lipidomics,valid_shuffle_before_loess,16,47.0,709
plasma_lipidomics,valid_shuffle_before_loess,17,63.0,751
plasma_lipidomics,valid_shuffle_before_loess,18,41.0,754
plasma_lipidomics,valid_shuffle_before_loess,19,43.0,662
plasma_lipidomics,valid_shuffle_before_loess,20,46.0,804
plasma_lipidomics,valid_shuffle_before_loess,21,48.0,729
plasma_lipidomics,valid_shuffle_before_loess,22,44.0,726
plasma_lipidomics,valid_shuffle_before_loess,23,63.0,767
plasma_lipidomics,valid_shuffle_before_loess,24,41.0,708
plasma_lipidomics,valid_shuffle_before_loess,25,41.0,776
plasma_lipidomics,valid_shuffle_before_loess,26,45.0,778
plasma_lipidomics,valid_shuffle_before_loess,27,46.0,760
plasma_lipidomics,valid_shuffle_before_loess,28,43.0,703
plasma_lipidomics,valid_shuffle_before_loess,29,43.0,773
plasma_lipidomics,valid_shuffle_before_loess,30,43.0,671
plasma_lipidomics,valid_shuffle_before_loess,31,42.0,708
plasma_lipidomics,valid_shuffle_before_loess,32,40.0,777
plasma_lipidomics,valid_shuffle_before_loess,33,40.0,767
plasma_lipidomics,valid_shuffle_before_loess,34,40.0,704
plasma_lipidomics,valid_shuffle_before_loess,35,57.0,753
plasma_lipidomics,valid_shuffle_before_loess,36,52.0,703
plasma_lipidomics,valid_shuffle_before_loess,37,40.0,764
plasma_lipidomics,valid_shuffle_before_loess,38,40.0,653
plasma_lipidomics,valid_shuffle_before_loess,39,40.0,662
plasma_lipidomics,valid_shuffle_before_loess,40,64.0,763
plasma_lipidomics,valid_shuffle_before_loess,41,40.0,768
plasma_lipidomics,valid_shuffle_before_loess,42,41.0,713
plasma_lipidomics,valid_shuffle_before_loess,43,60.0,775
plasma_lipidomics,valid_shuffle_before_loess,44,48.0,771
plasma_lipidomics,valid_shuffle_before_loess,45,46.0,635
plasma_lipidomics,valid_shuffle_before_loess,46,43.0,792
plasma_lipidomics,valid_shuffle_before_loess,47,40.0,796
plasma_lipidomics,valid_shuffle_before_loess,48,64.0,685
plasma_lipidomics,valid_shuffle_before_loess,49,44.0,708
plasma_lipidomics,valid_shuffle_before_loess,50,42.0,738
plasma_lipidomics,valid_shuffle_before_loess,51,47.0,713
plasma_lipidomics,valid_shuffle_before_loess,52,40.0,818
plasma_lipidomics,valid_shuffle_before_loess,53,55.0,726
plasma_lipidomics,valid_shuffle_before_loess,54,40.0,776
plasma_lipidomics,valid_shuffle_before_loess,55,40.0,700
plasma_lipidomics,valid_shuffle_before_loess,56,42.0,759
plasma_lipidomics,valid_shuffle_before_loess,57,40.0,803
plasma_lipidomics,valid_shuffle_before_loess,58,45.0,811
plasma_lipidomics,valid_shuffle_before_loess,59,54.0,640
plasma_lipidomics,valid_shuffle_before_loess,60,64.0,679
plasma_lipidomics,valid_shuffle_before_loess,61,54.0,783
plasma_lipidomics,valid_shuffle_before_loess,62,49.0,737
plasma_lipidomics,valid_shuffle_before_loess,63,41.0,670
plasma_lipidomics,valid_shuffle_before_loess,64,45.0,728
plasma_lipidomics,valid_shuffle_before_loess,65,43.0,783
plasma_lipidomics,valid_shuffle_before_loess,66,63.0,754
plasma_lipidomics,valid_shuffle_before_loess,67,45.0,678
plasma_lipidomics,valid_shuffle_before_loess,68,52.0,664
plasma_lipidomics,valid_shuffle_before_loess,69,40.0,701
plasma_lipidomics,valid_shuffle_before_loess,70,40.0,808
plasma_lipidomics,valid_shuffle_before_loess,71,57.0,808
plasma_lipidomics,valid_shuffle_before_loess,72,45.0,771
plasma_lipidomics,valid_shuffle_before_loess,73,49.0,731
plasma_lipidomics,valid_shuffle_before_loess,74,41.0,645
plasma_lipidomics,valid_shuffle_before_loess,75,43.0,690
plasma_lipidomics,valid_shuffle_before_loess,76,40.0,768
plasma_lipidomics,valid_shuffle_before_loess,77,40.0,788
plasma_lipidomics,valid_shuffle_before_loess,78,49.0,714
plasma_lipidomics,valid_shuffle_before_loess,79,41.0,789
plasma_lipidomics,valid_shuffle_before_loess,80,59.0,812
plasma_lipidomics,valid_shuffle_before_loess,81,40.0,744
plasma_lipidomics,valid_shuffle_before_loess,82,59.0,715
plasma_lipidomics,valid_shuffle_before_loess,83,60.0,764
plasma_lipidomics,valid_shuffle_before_loess,84,45.0,792
plasma_lipidomics,valid_shuffle_before_loess,85,49.0,738
plasma_lipidomics,valid_shuffle_before_loess,86,43.0,728
plasma_lipidomics,valid_shuffle_before_loess,87,46.0,739
plasma_lipidomics,valid_shuffle_before_loess,88,42.0,763
plasma_lipidomics,valid_shuffle_before_loess,89,51.0,770
plasma_lipidomics,valid_shuffle_before_loess,90,40.0,746
plasma_lipidomics,valid_shuffle_before_loess,91,43.0,757
plasma_lipidomics,valid_shuffle_before_loess,92,41.0,715
plasma_lipidomics,valid_shuffle_before_loess,93,49.0,729
plasma_lipidomics,valid_shuffle_before_loess,94,40.0,789
plasma_lipidomics,valid_shuffle_before_loess,95,59.0,684
plasma_lipidomics,valid_shuffle_before_loess,96,47.0,730
plasma_lipidomics,valid_shuffle_before_loess,97,48.0,662
plasma_lipidomics,valid_shuffle_before_loess,98,41.0,766
plasma_lipidomics,valid_shuffle_before_loess,99,41.0,800
plasma_lipidomics,valid_shuffle_before_loess,100,45.0,732
plasma_lipidomics,valid_shuffle_before_loess,101,43.0,761
plasma_lipidomics,valid_shuffle_before_loess,102,49.0,716
plasma_lipidomics,valid_shuffle_before_loess,103,41.0,759
plasma_lipidomics,valid_shuffle_before_loess,104,40.0,692
plasma_lipidomics,valid_shuffle_before_loess,105,55.0,771
plasma_lipidomics,valid_shuffle_before_loess,106,48.0,705
plasma_lipidomics,valid_shuffle_before_loess,107,61.0,689
plasma_lipidomics,valid_shuffle_before_loess,108,64.0,787
plasma_lipidomics,valid_shuffle_before_loess,109,40.0,780
plasma_lipidomics,valid_shuffle_before_loess,110,40.0,726
plasma_lipidomics,valid_shuffle_before_loess,111,47.0,771
plasma_lipidomics,valid_shuffle_before_loess,112,40.0,745
plasma_lipidomics,valid_shuffle_before_loess,113,57.0,619
plasma_lipidomics,valid_shuffle_before_loess,114,42.0,724
plasma_lipidomics,valid_shuffle_before_loess,115,42.0,760
plasma_lipidomics,valid_shuffle_before_loess,116,40.0,798
plasma_lipidomics,valid_shuffle_before_loess,117,60.0,820
plasma_lipidomics,valid_shuffle_before_loess,118,45.0,722
plasma_lipidomics,valid_shuffle_before_loess,119,46.0,670
plasma_lipidomics,valid_shuffle_before_loess,120,63.0,801
plasma_lipidomics,valid_shuffle_before_loess,121,44.0,696
plasma_lipidomics,valid_shuffle_before_loess,122,48.0,726
plasma_lipidomics,valid_shuffle_before_loess,123,43.0,765
plasma_lipidomics,valid_shuffle_before_loess,124,49.0,731
plasma_lipidomics,valid_shuffle_before_loess,125,40.0,715
plasma_lipidomics,valid_shuffle_before_loess,126,40.0,667
plasma_lipidomics,valid_shuffle_before_loess,127,48.0,766
plasma_lipidomics,valid_shuffle_before_loess,128,53.0,795
plasma_lipidomics,valid_shuffle_before_loess,129,48.0,767
plasma_lipidomics,valid_shuffle_before_loess,130,40.0,668
plasma_lipidomics,valid_shuffle_before_loess,131,40.0,805
plasma_lipidomics,valid_shuffle_before_loess,132,45.0,661
plasma_lipidomics,valid_shuffle_before_loess,133,40.0,783
plasma_lipidomics,valid_shuffle_before_loess,134,45.0,717
plasma_lipidomics,valid_shuffle_before_loess,135,50.0,739
plasma_lipidomics,valid_shuffle_before_loess,136,44.0,714
plasma_lipidomics,valid_shuffle_before_loess,137,46.0,720
plasma_lipidomics,valid_shuffle_before_loess,138,49.0,744
plasma_lipidomics,valid_shuffle_before_loess,139,45.0,706
plasma_lipidomics,valid_shuffle_before_loess,140,51.0,671
plasma_lipidomics,valid_shuffle_before_loess,141,42.0,783
plasma_lipidomics,valid_shuffle_before_loess,142,54.0,762
plasma_lipidomics,valid_shuffle_before_loess,143,42.0,801
plasma_lipidomics,valid_shuffle_before_loess,144,41.0,732
plasma_lipidomics,valid_shuffle_before_loess,145,46.0,630
plasma_lipidomics,valid_shuffle_before_loess,146,43.0,725
plasma_lipidomics,valid_shuffle_before_loess,147,40.0,792
plasma_lipidomics,valid_shuffle_before_loess,148,47.0,741
plasma_lipidomics,valid_shuffle_before_loess,149,40.0,760
plasma_lipidomics,valid_shuffle_before_loess,150,44.0,634
plasma_lipidomics,valid_shuffle_before_loess,151,57.0,753
plasma_lipidomics,valid_shuffle_before_loess,152,47.0,810
plasma_lipidomics,valid_shuffle_before_loess,153,44.0,777
plasma_lipidomics,valid_shuffle_before_loess,154,55.0,737
plasma_lipidomics,valid_shuffle_before_loess,155,42.0,818
plasma_lipidomics,valid_shuffle_before_loess,156,42.0,736
plasma_lipidomics,valid_shuffle_before_loess,157,42.0,772
plasma_lipidomics,valid_shuffle_before_loess,158,48.0,762
plasma_lipidomics,valid_shuffle_before_loess,159,49.0,776
plasma_lipidomics,valid_shuffle_before_loess,160,40.0,782
plasma_lipidomics,valid_shuffle_before_loess,161,55.0,743
plasma_lipidomics,valid_shuffle_before_loess,162,42.0,795
plasma_lipidomics,valid_shuffle_before_loess,163,44.0,787
plasma_lipidomics,valid_shuffle_before_loess,164,40.0,673
plasma_lipidomics,valid_shuffle_before_loess,165,60.0,757
plasma_lipidomics,valid_shuffle_before_loess,166,43.0,718
plasma_lipidomics,valid_shuffle_before_loess,167,61.0,703
plasma_lipidomics,valid_shuffle_before_loess,168,40.0,807
plasma_lipidomics,valid_shuffle_before_loess,169,56.0,707
plasma_lipidomics,valid_shuffle_before_loess,170,49.0,642
plasma_lipidomics,valid_shuffle_before_loess,171,47.0,765
plasma_lipidomics,valid_shuffle_before_loess,172,43.0,741
plasma_lipidomics,valid_shuffle_before_loess,173,47.0,803
plasma_lipidomics,valid_shuffle_before_loess,174,41.0,841
plasma_lipidomics,valid_shuffle_before_loess,175,40.0,783
plasma_lipidomics,valid_shuffle_before_loess,176,42.0,785
plasma_lipidomics,valid_shuffle_before_loess,177,40.0,752
plasma_lipidomics,valid_shuffle_before_loess,178,57.0,746
plasma_lipidomics,valid_shuffle_before_loess,179,47.0,805
plasma_lipidomics,valid_shuffle_before_loess,180,44.0,713
plasma_lipidomics,valid_shuffle_before_loess,181,40.0,644
plasma_lipidomics,valid_shuffle_before_loess,182,51.0,716
plasma_lipidomics,valid_shuffle_before_loess,183,40.0,720
plasma_lipidomics,valid_shuffle_before_loess,184,59.0,746
plasma_lipidomics,valid_shuffle_before_loess,185,43.0,803
plasma_lipidomics,valid_shuffle_before_loess,186,43.0,726
plasma_lipidomics,valid_shuffle_before_loess,187,43.0,757
plasma_lipidomics,valid_shuffle_before_loess,188,62.0,750
plasma_lipidomics,valid_shuffle_before_loess,189,40.0,710
plasma_lipidomics,valid_shuffle_before_loess,190,40.0,743
plasma_lipidomics,valid_shuffle_before_loess,191,45.0,692
plasma_lipidomics,valid_shuffle_before_loess,192,45.0,685
plasma_lipidomics,valid_shuffle_before_loess,193,49.0,743
plasma_lipidomics,valid_shuffle_before_loess,194,42.0,723
plasma_lipidomics,valid_shuffle_before_loess,195,57.0,697
plasma_lipidomics,valid_shuffle_before_loess,196,50.0,799
plasma_lipidomics,valid_shuffle_before_loess,197,64.0,728
plasma_lipidomics,valid_shuffle_before_loess,198,46.0,815
plasma_lipidomics,valid_shuffle_before_loess,199,45.0,737
plasma_lipidomics,valid_shuffle_before_loess,200,41.0,683
plasma_lipidomics,valid_shuffle_before_loess,201,45.0,782
plasma_lipidomics,valid_shuffle_before_loess,202,50.0,731
plasma_lipidomics,valid_shuffle_before_loess,203,51.0,768
plasma_lipidomics,valid_shuffle_before_loess,204,44.0,661
plasma_lipidomics,valid_shuffle_before_loess,205,46.0,694
plasma_lipidomics,valid_shuffle_before_loess,206,64.0,755
plasma_lipidomics,valid_shuffle_before_loess,207,46.0,725
plasma_lipidomics,valid_shuffle_before_loess,208,62.0,732
plasma_lipidomics,valid_shuffle_before_loess,209,51.0,792
plasma_lipidomics,valid_shuffle_before_loess,210,45.0,794
plasma_lipidomics,valid_shuffle_before_loess,211,42.0,676
plasma_lipidomics,valid_shuffle_before_loess,212,40.0,817
plasma_lipidomics,valid_shuffle_before_loess,213,53.0,763
plasma_lipidomics,valid_shuffle_before_loess,214,61.0,728
plasma_lipidomics,valid_shuffle_before_loess,215,62.0,785
plasma_lipidomics,valid_shuffle_before_loess,216,48.0,782
plasma_lipidomics,valid_shuffle_before_loess,217,40.0,774
plasma_lipidomics,valid_shuffle_before_loess,218,40.0,723
plasma_lipidomics,valid_shuffle_before_loess,219,40.0,774
plasma_lipidomics,valid_shuffle_before_loess,220,49.0,699
plasma_lipidomics,valid_shuffle_before_loess,221,55.0,751
plasma_lipidomics,valid_shuffle_before_loess,222,50.0,759
plasma_lipidomics,valid_shuffle_before_loess,223,41.0,682
plasma_lipidomics,valid_shuffle_before_loess,224,43.0,760
plasma_lipidomics,valid_shuffle_before_loess,225,42.0,766
plasma_lipidomics,valid_shuffle_before_loess,226,48.0,689
plasma_lipidomics,valid_shuffle_before_loess,227,40.0,740
plasma_lipidomics,valid_shuffle_before_loess,228,57.0,753
plasma_lipidomics,valid_shuffle_before_loess,229,58.0,750
plasma_lipidomics,valid_shuffle_before_loess,230,43.0,776
plasma_lipidomics,valid_shuffle_before_loess,231,40.0,725
plasma_lipidomics,valid_shuffle_before_loess,232,64.0,732
plasma_lipidomics,valid_shuffle_before_loess,233,40.0,815
plasma_lipidomics,valid_shuffle_before_loess,234,51.0,678
plasma_lipidomics,valid_shuffle_before_loess,235,57.0,732
plasma_lipidomics,valid_shuffle_before_loess,236,46.0,767
plasma_lipidomics,valid_shuffle_before_loess,237,53.0,778
plasma_lipidomics,valid_shuffle_before_loess,238,61.0,830
plasma_lipidomics,valid_shuffle_before_loess,239,40.0,774
plasma_lipidomics,valid_shuffle_before_loess,240,41.0,774
plasma_lipidomics,valid_shuffle_before_loess,241,40.0,744
plasma_lipidomics,valid_shuffle_before_loess,242,40.0,692
plasma_lipidomics,valid_shuffle_before_loess,243,42.0,692
plasma_lipidomics,valid_shuffle_before_loess,244,42.0,798
plasma_lipidomics,valid_shuffle_before_loess,245,40.0,685
plasma_lipidomics,valid_shuffle_before_loess,246,42.0,681
plasma_lipidomics,valid_shuffle_before_loess,247,41.0,732
plasma_lipidomics,valid_shuffle_before_loess,248,40.0,755
plasma_lipidomics,valid_shuffle_before_loess,249,42.0,686
plasma_lipidomics,valid_shuffle_before_loess,250,49.0,749
plasma_lipidomics,valid_shuffle_before_loess,251,43.0,756
plasma_lipidomics,valid_shuffle_before_loess,252,41.0,786
plasma_lipidomics,valid_shuffle_before_loess,253,48.0,801
plasma_lipidomics,valid_shuffle_before_loess,254,49.0,723
plasma_lipidomics,valid_shuffle_before_loess,255,40.0,700
plasma_lipidomics,valid_shuffle_before_loess,256,46.0,790
plasma_lipidomics,valid_shuffle_before_loess,257,57.0,658
plasma_lipidomics,valid_shuffle_before_loess,258,53.0,659
plasma_lipidomics,valid_shuffle_before_loess,259,51.0,772
plasma_lipidomics,valid_shuffle_before_loess,260,40.0,652
plasma_lipidomics,valid_shuffle_before_loess,261,62.0,769
plasma_lipidomics,valid_shuffle_before_loess,262,48.0,774
plasma_lipidomics,valid_shuffle_before_loess,263,50.0,750
plasma_lipidomics,valid_shuffle_before_loess,264,40.0,726
plasma_lipidomics,valid_shuffle_before_loess,265,40.0,733
plasma_lipidomics,valid_shuffle_before_loess,266,64.0,734
plasma_lipidomics,valid_shuffle_before_loess,267,40.0,643
plasma_lipidomics,valid_shuffle_before_loess,268,62.0,799
plasma_lipidomics,valid_shuffle_before_loess,269,64.0,782
plasma_lipidomics,valid_shuffle_before_loess,270,49.0,781
plasma_lipidomics,valid_shuffle_before_loess,271,46.0,790
plasma_lipidomics,valid_shuffle_before_loess,272,45.0,762
plasma_lipidomics,valid_shuffle_before_loess,273,56.0,724
plasma_lipidomics,valid_shuffle_before_loess,274,42.0,653
plasma_lipidomics,valid_shuffle_before_loess,275,43.0,741
plasma_lipidomics,valid_shuffle_before_loess,276,48.0,683
plasma_lipidomics,valid_shuffle_before_loess,277,61.0,755
plasma_lipidomics,valid_shuffle_before_loess,278,40.0,733
plasma_lipidomics,valid_shuffle_before_loess,279,41.0,773
plasma_lipidomics,valid_shuffle_before_loess,280,47.0,727
plasma_lipidomics,valid_shuffle_before_loess,281,54.0,761
plasma_lipidomics,valid_shuffle_before_loess,282,40.0,761
plasma_lipidomics,valid_shuffle_before_loess,283,49.0,797
plasma_lipidomics,valid_shuffle_before_loess,284,56.0,728
plasma_lipidomics,valid_shuffle_before_loess,285,47.0,705
plasma_lipidomics,valid_shuffle_before_loess,286,54.0,762
plasma_lipidomics,valid_shuffle_before_loess,287,48.0,699
plasma_lipidomics,valid_shuffle_before_loess,288,41.0,777
plasma_lipidomics,valid_shuffle_before_loess,289,44.0,828
plasma_lipidomics,valid_shuffle_before_loess,290,41.0,802
plasma_lipidomics,valid_shuffle_before_loess,291,42.0,662
plasma_lipidomics,valid_shuffle_before_loess,292,40.0,707
plasma_lipidomics,valid_shuffle_before_loess,293,51.0,736
plasma_lipidomics,valid_shuffle_before_loess,294,48.0,775
plasma_lipidomics,valid_shuffle_before_loess,295,42.0,700
plasma_lipidomics,valid_shuffle_before_loess,296,61.0,782
plasma_lipidomics,valid_shuffle_before_loess,297,40.0,759
plasma_lipidomics,valid_shuffle_before_loess,298,46.0,728
plasma_lipidomics,valid_shuffle_before_loess,299,44.0,754
plasma_lipidomics,valid_shuffle_before_loess,300,45.0,785
plasma_lipidomics,valid_shuffle_before_loess,301,40.0,710
plasma_lipidomics,valid_shuffle_before_loess,302,40.0,599
plasma_lipidomics,valid_shuffle_before_loess,303,41.0,754
plasma_lipidomics,valid_shuffle_before_loess,304,62.0,717
plasma_lipidomics,valid_shuffle_before_loess,305,64.0,736
plasma_lipidomics,valid_shuffle_before_loess,306,46.0,783
plasma_lipidomics,valid_shuffle_before_loess,307,63.0,746
plasma_lipidomics,valid_shuffle_before_loess,308,49.0,760
plasma_lipidomics,valid_shuffle_before_loess,309,42.0,797
plasma_lipidomics,valid_shuffle_before_loess,310,49.0,735
plasma_lipidomics,valid_shuffle_before_loess,311,54.0,694
plasma_lipidomics,valid_shuffle_before_loess,312,43.0,739
plasma_lipidomics,valid_shuffle_before_loess,313,42.0,773
plasma_lipidomics,valid_shuffle_before_loess,314,57.0,790
plasma_lipidomics,valid_shuffle_before_loess,315,58.0,711
plasma_lipidomics,valid_shuffle_before_loess,316,62.0,756
plasma_lipidomics,valid_shuffle_before_loess,317,40.0,781
plasma_lipidomics,valid_shuffle_before_loess,318,44.0,819
plasma_lipidomics,valid_shuffle_before_loess,319,62.0,716
plasma_lipidomics,valid_shuffle_before_loess,320,59.0,771
plasma_lipidomics,valid_shuffle_before_loess,321,43.0,802
plasma_lipidomics,valid_shuffle_before_loess,322,50.0,789
plasma_lipidomics,valid_shuffle_before_loess,323,53.0,722
plasma_lipidomics,valid_shuffle_before_loess,324,52.0,744
plasma_lipidomics,valid_shuffle_before_loess,325,40.0,731
plasma_lipidomics,valid_shuffle_before_loess,326,41.0,721
plasma_lipidomics,valid_shuffle_before_loess,327,46.0,738
plasma_lipidomics,valid_shuffle_before_loess,328,51.0,748
plasma_lipidomics,valid_shuffle_before_loess,329,41.0,735
plasma_lipidomics,valid_shuffle_before_loess,330,54.0,751
plasma_lipidomics,valid_shuffle_before_loess,331,59.0,706
plasma_lipidomics,valid_shuffle_before_loess,332,44.0,735
plasma_lipidomics,valid_shuffle_before_loess,333,44.0,773
plasma_lipidomics,valid_shuffle_before_loess,334,52.0,798
plasma_lipidomics,valid_shuffle_before_loess,335,59.0,808
plasma_lipidomics,valid_shuffle_before_loess,336,40.0,810
plasma_lipidomics,valid_shuffle_before_loess,337,40.0,568
plasma_lipidomics,valid_shuffle_before_loess,338,52.0,740
plasma_lipidomics,valid_shuffle_before_loess,339,46.0,767
plasma_lipidomics,valid_shuffle_before_loess,340,45.0,722
plasma_lipidomics,valid_shuffle_before_loess,341,47.0,764
plasma_lipidomics,valid_shuffle_before_loess,342,45.0,794
plasma_lipidomics,valid_shuffle_before_loess,343,42.0,787
plasma_lipidomics,valid_shuffle_before_loess,344,50.0,688
plasma_lipidomics,valid_shuffle_before_loess,345,59.0,774
plasma_lipidomics,valid_shuffle_before_loess,346,40.0,775
plasma_lipidomics,valid_shuffle_before_loess,347,41.0,776
plasma_lipidomics,valid_shuffle_before_loess,348,49.0,758
plasma_lipidomics,valid_shuffle_before_loess,349,41.0,801
plasma_lipidomics,valid_shuffle_before_loess,350,40.0,773
plasma_lipidomics,valid_shuffle_before_loess,351,45.0,727
plasma_lipidomics,valid_shuffle_before_loess,352,50.0,698
plasma_lipidomics,valid_shuffle_before_loess,353,40.0,708
plasma_lipidomics,valid_shuffle_before_loess,354,49.0,759
plasma_lipidomics,valid_shuffle_before_loess,355,64.0,748
plasma_lipidomics,valid_shuffle_before_loess,356,44.0,787
plasma_lipidomics,valid_shuffle_before_loess,357,41.0,824
plasma_lipidomics,valid_shuffle_before_loess,358,45.0,753
plasma_lipidomics,valid_shuffle_before_loess,359,57.0,762
plasma_lipidomics,valid_shuffle_before_loess,360,40.0,746
plasma_lipidomics,valid_shuffle_before_loess,361,50.0,748
plasma_lipidomics,valid_shuffle_before_loess,362,41.0,679
plasma_lipidomics,valid_shuffle_before_loess,363,40.0,714
plasma_lipidomics,valid_shuffle_before_loess,364,46.0,707
plasma_lipidomics,valid_shuffle_before_loess,365,41.0,766
plasma_lipidomics,valid_shuffle_before_loess,366,53.0,771
plasma_lipidomics,valid_shuffle_before_loess,367,44.0,762
plasma_lipidomics,valid_shuffle_before_loess,368,40.0,758
plasma_lipidomics,valid_shuffle_before_loess,369,40.0,817
plasma_lipidomics,valid_shuffle_before_loess,370,61.0,721
plasma_lipidomics,valid_shuffle_before_loess,371,40.0,757
plasma_lipidomics,valid_shuffle_before_loess,372,40.0,803
plasma_lipidomics,valid_shuffle_before_loess,373,50.0,767
plasma_lipidomics,valid_shuffle_before_loess,374,40.0,745
plasma_lipidomics,valid_shuffle_before_loess,375,40.0,717
plasma_lipidomics,valid_shuffle_before_loess,376,47.0,763
plasma_lipidomics,valid_shuffle_before_loess,377,44.0,774
plasma_lipidomics,valid_shuffle_before_loess,378,45.0,749
plasma_lipidomics,valid_shuffle_before_loess,379,45.0,779
plasma_lipidomics,valid_shuffle_before_loess,380,55.0,768
plasma_lipidomics,valid_shuffle_before_loess,381,44.0,788
plasma_lipidomics,valid_shuffle_before_loess,382,49.0,735
plasma_lipidomics,valid_shuffle_before_loess,383,41.0,711
plasma_lipidomics,valid_shuffle_before_loess,384,43.0,756
plasma_lipidomics,valid_shuffle_before_loess,385,62.0,770
plasma_lipidomics,valid_shuffle_before_loess,386,47.0,750
plasma_lipidomics,valid_shuffle_before_loess,387,40.0,678
plasma_lipidomics,valid_shuffle_before_loess,388,48.0,750
plasma_lipidomics,valid_shuffle_before_loess,389,40.0,711
plasma_lipidomics,valid_shuffle_before_loess,390,41.0,749
plasma_lipidomics,valid_shuffle_before_loess,391,40.0,681
plasma_lipidomics,valid_shuffle_before_loess,392,40.0,780
plasma_lipidomics,valid_shuffle_before_loess,393,40.0,745
plasma_lipidomics,valid_shuffle_before_loess,394,40.0,793
plasma_lipidomics,valid_shuffle_before_loess,395,49.0,831
plasma_lipidomics,valid_shuffle_before_loess,396,40.0,754
plasma_lipidomics,valid_shuffle_before_loess,397,41.0,783
plasma_lipidomics,valid_shuffle_before_loess,398,62.0,764
plasma_lipidomics,valid_shuffle_before_loess,399,40.0,734
plasma_lipidomics,valid_shuffle_before_loess,400,40.0,821
plasma_lipidomics,valid_shuffle_before_loess,401,50.0,683
plasma_lipidomics,valid_shuffle_before_loess,402,47.0,761
plasma_lipidomics,valid_shuffle_before_loess,403,40.0,713
plasma_lipidomics,valid_shuffle_before_loess,404,57.0,743
plasma_lipidomics,valid_shuffle_before_loess,405,40.0,683
plasma_lipidomics,valid_shuffle_before_loess,406,40.0,780
plasma_lipidomics,valid_shuffle_before_loess,407,40.0,748
plasma_lipidomics,valid_shuffle_before_loess,408,45.0,785
plasma_lipidomics,valid_shuffle_before_loess,409,40.0,697
plasma_lipidomics,valid_shuffle_before_loess,410,45.0,725
plasma_lipidomics,valid_shuffle_before_loess,411,45.0,828
plasma_lipidomics,valid_shuffle_before_loess,412,45.0,721
plasma_lipidomics,valid_shuffle_before_loess,413,55.0,723
plasma_lipidomics,valid_shuffle_before_loess,414,40.0,779
plasma_lipidomics,valid_shuffle_before_loess,415,41.0,798
plasma_lipidomics,valid_shuffle_before_loess,416,59.0,789
plasma_lipidomics,valid_shuffle_before_loess,417,40.0,781
plasma_lipidomics,valid_shuffle_before_loess,418,40.0,697
plasma_lipidomics,valid_shuffle_before_loess,419,40.0,777
plasma_lipidomics,valid_shuffle_before_loess,420,45.0,724
plasma_lipidomics,valid_shuffle_before_loess,421,58.0,717
plasma_lipidomics,valid_shuffle_before_loess,422,48.0,797
plasma_lipidomics,valid_shuffle_before_loess,423,43.0,701
plasma_lipidomics,valid_shuffle_before_loess,424,40.0,751
plasma_lipidomics,valid_shuffle_before_loess,425,41.0,723
plasma_lipidomics,valid_shuffle_before_loess,426,53.0,785
plasma_lipidomics,valid_shuffle_before_loess,427,43.0,658
plasma_lipidomics,valid_shuffle_before_loess,428,41.0,719
plasma_lipidomics,valid_shuffle_before_loess,429,45.0,721
plasma_lipidomics,valid_shuffle_before_loess,430,44.0,757
plasma_lipidomics,valid_shuffle_before_loess,431,47.0,803
plasma_lipidomics,valid_shuffle_before_loess,432,41.0,787
plasma_lipidomics,valid_shuffle_before_loess,433,40.0,808
plasma_lipidomics,valid_shuffle_before_loess,434,47.0,811
plasma_lipidomics,valid_shuffle_before_loess,435,41.0,793
plasma_lipidomics,valid_shuffle_before_loess,436,51.0,700
plasma_lipidomics,valid_shuffle_before_loess,437,40.0,790
plasma_lipidomics,valid_shuffle_before_loess,438,40.0,816
plasma_lipidomics,valid_shuffle_before_loess,439,48.0,685
plasma_lipidomics,valid_shuffle_before_loess,440,59.0,759
plasma_lipidomics,valid_shuffle_before_loess,441,51.0,804
plasma_lipidomics,valid_shuffle_before_loess,442,46.0,767
plasma_lipidomics,valid_shuffle_before_loess,443,57.0,732
plasma_lipidomics,valid_shuffle_before_loess,444,45.0,713
plasma_lipidomics,valid_shuffle_before_loess,445,41.0,801
plasma_lipidomics,valid_shuffle_before_loess,446,43.0,739
plasma_lipidomics,valid_shuffle_before_loess,447,44.0,794
plasma_lipidomics,valid_shuffle_before_loess,448,40.0,798
plasma_lipidomics,valid_shuffle_before_loess,449,64.0,759
plasma_lipidomics,valid_shuffle_before_loess,450,40.0,774
plasma_lipidomics,valid_shuffle_before_loess,451,40.0,786
plasma_lipidomics,valid_shuffle_before_loess,452,43.0,793
plasma_lipidomics,valid_shuffle_before_loess,453,40.0,735
plasma_lipidomics,valid_shuffle_before_loess,454,40.0,784
plasma_lipidomics,valid_shuffle_before_loess,455,40.0,700
plasma_lipidomics,valid_shuffle_before_loess,456,55.0,802
plasma_lipidomics,valid_shuffle_before_loess,457,41.0,815
plasma_lipidomics,valid_shuffle_before_loess,458,54.0,779
plasma_lipidomics,valid_shuffle_before_loess,459,55.0,781
plasma_lipidomics,valid_shuffle_before_loess,460,45.0,772
plasma_lipidomics,valid_shuffle_before_loess,461,42.0,799
plasma_lipidomics,valid_shuffle_before_loess,462,43.0,699
plasma_lipidomics,valid_shuffle_before_loess,463,43.0,748
plasma_lipidomics,valid_shuffle_before_loess,464,40.0,810
plasma_lipidomics,valid_shuffle_before_loess,465,56.0,720
plasma_lipidomics,valid_shuffle_before_loess,466,43.0,678
plasma_lipidomics,valid_shuffle_before_loess,467,43.0,778
plasma_lipidomics,valid_shuffle_before_loess,468,62.0,754
plasma_lipidomics,valid_shuffle_before_loess,469,41.0,772
plasma_lipidomics,valid_shuffle_before_loess,470,40.0,698
plasma_lipidomics,valid_shuffle_before_loess,471,40.0,748
plasma_lipidomics,valid_shuffle_before_loess,472,47.0,790
plasma_lipidomics,valid_shuffle_before_loess,473,42.0,749
plasma_lipidomics,valid_shuffle_before_loess,474,40.0,818
plasma_lipidomics,valid_shuffle_before_loess,475,52.0,794
plasma_lipidomics,valid_shuffle_before_loess,476,44.0,786
plasma_lipidomics,valid_shuffle_before_loess,477,40.0,685
plasma_lipidomics,valid_shuffle_before_loess,478,59.0,774
plasma_lipidomics,valid_shuffle_before_loess,479,50.0,693
plasma_lipidomics,valid_shuffle_before_loess,480,59.0,806
plasma_lipidomics,valid_shuffle_before_loess,481,43.0,765
plasma_lipidomics,valid_shuffle_before_loess,482,40.0,635
plasma_lipidomics,valid_shuffle_before_loess,483,45.0,675
plasma_lipidomics,valid_shuffle_before_loess,484,62.0,724
plasma_lipidomics,valid_shuffle_before_loess,485,42.0,751
plasma_lipidomics,valid_shuffle_before_loess,486,42.0,772
plasma_lipidomics,valid_shuffle_before_loess,487,62.0,754
plasma_lipidomics,valid_shuffle_before_loess,488,40.0,757
plasma_lipidomics,valid_shuffle_before_loess,489,40.0,658
plasma_lipidomics,valid_shuffle_before_loess,490,40.0,771
plasma_lipidomics,valid_shuffle_before_loess,491,43.0,645
plasma_lipidomics,valid_shuffle_before_loess,492,40.0,773
plasma_lipidomics,valid_shuffle_before_loess,493,61.0,713
plasma_lipidomics,valid_shuffle_before_loess,494,42.0,730
plasma_lipidomics,valid_shuffle_before_loess,495,42.0,812
plasma_lipidomics,valid_shuffle_before_loess,496,40.0,706
plasma_lipidomics,valid_shuffle_before_loess,497,45.0,793
plasma_lipidomics,valid_shuffle_before_loess,498,40.0,665
plasma_lipidomics,valid_shuffle_before_loess,499,40.0,799
plasma_lipidomics,valid_shuffle_before_loess,500,60.0,672
plasma_lipidomics,valid_shuffle_before_loess,501,45.0,684
plasma_lipidomics,valid_shuffle_before_loess,502,48.0,735
plasma_lipidomics,valid_shuffle_before_loess,503,55.0,681
plasma_lipidomics,valid_shuffle_before_loess,504,54.0,754
plasma_lipidomics,valid_shuffle_before_loess,505,42.0,749
plasma_lipidomics,valid_shuffle_before_loess,506,40.0,786
plasma_lipidomics,valid_shuffle_before_loess,507,64.0,730
plasma_lipidomics,valid_shuffle_before_loess,508,64.0,671
plasma_lipidomics,valid_shuffle_before_loess,509,64.0,788
plasma_lipidomics,valid_shuffle_before_loess,510,43.0,781
plasma_lipidomics,valid_shuffle_before_loess,511,51.0,653
plasma_lipidomics,valid_shuffle_before_loess,512,55.0,719
plasma_lipidomics,valid_shuffle_before_loess,513,40.0,761
plasma_lipidomics,valid_shuffle_before_loess,514,41.0,788
plasma_lipidomics,valid_shuffle_before_loess,515,46.0,775
plasma_lipidomics,valid_shuffle_before_loess,516,50.0,760
plasma_lipidomics,valid_shuffle_before_loess,517,45.0,780
plasma_lipidomics,valid_shuffle_before_loess,518,44.0,766
plasma_lipidomics,valid_shuffle_before_loess,519,41.0,802
plasma_lipidomics,valid_shuffle_before_loess,520,63.0,785
plasma_lipidomics,valid_shuffle_before_loess,521,60.0,688
plasma_lipidomics,valid_shuffle_before_loess,522,58.0,778
plasma_lipidomics,valid_shuffle_before_loess,523,63.0,780
plasma_lipidomics,valid_shuffle_before_loess,524,42.0,755
plasma_lipidomics,valid_shuffle_before_loess,525,40.0,760
plasma_lipidomics,valid_shuffle_before_loess,526,40.0,767
plasma_lipidomics,valid_shuffle_before_loess,527,56.0,709
plasma_lipidomics,valid_shuffle_before_loess,528,40.0,747
plasma_lipidomics,valid_shuffle_before_loess,529,42.0,735
plasma_lipidomics,valid_shuffle_before_loess,530,52.0,768
plasma_lipidomics,valid_shuffle_before_loess,531,45.0,637
plasma_lipidomics,valid_shuffle_before_loess,532,43.0,818
plasma_lipidomics,valid_shuffle_before_loess,533,40.0,697
plasma_lipidomics,valid_shuffle_before_loess,534,47.0,833
plasma_lipidomics,valid_shuffle_before_loess,535,55.0,752
plasma_lipidomics,valid_shuffle_before_loess,536,54.0,720
plasma_lipidomics,valid_shuffle_before_loess,537,45.0,688
plasma_lipidomics,valid_shuffle_before_loess,538,41.0,721
plasma_lipidomics,valid_shuffle_before_loess,539,44.0,733
plasma_lipidomics,valid_shuffle_before_loess,540,42.0,776
plasma_lipidomics,valid_shuffle_before_loess,541,40.0,745
plasma_lipidomics,valid_shuffle_before_loess,542,42.0,743
plasma_lipidomics,valid_shuffle_before_loess,543,43.0,789
plasma_lipidomics,valid_shuffle_before_loess,544,45.0,804
plasma_lipidomics,valid_shuffle_before_loess,545,40.0,666
plasma_lipidomics,valid_shuffle_before_loess,546,47.0,788
plasma_lipidomics,valid_shuffle_before_loess,547,46.0,719
plasma_lipidomics,valid_shuffle_before_loess,548,53.0,748
plasma_lipidomics,valid_shuffle_before_loess,549,44.0,803
plasma_lipidomics,valid_shuffle_before_loess,550,46.0,719
plasma_lipidomics,valid_shuffle_before_loess,551,41.0,756
plasma_lipidomics,valid_shuffle_before_loess,552,43.0,786
plasma_lipidomics,valid_shuffle_before_loess,553,47.0,794
plasma_lipidomics,valid_shuffle_before_loess,554,40.0,726
plasma_lipidomics,valid_shuffle_before_loess,555,57.0,787
plasma_lipidomics,valid_shuffle_before_loess,556,42.0,746
plasma_lipidomics,valid_shuffle_before_loess,557,48.0,699
plasma_lipidomics,valid_shuffle_before_loess,558,61.0,704
plasma_lipidomics,valid_shuffle_before_loess,559,41.0,744
plasma_lipidomics,valid_shuffle_before_loess,560,44.0,616
plasma_lipidomics,valid_shuffle_before_loess,561,42.0,731
plasma_lipidomics,valid_shuffle_before_loess,562,40.0,662
plasma_lipidomics,valid_shuffle_before_loess,563,40.0,761
plasma_lipidomics,valid_shuffle_before_loess,564,61.0,708
plasma_lipidomics,valid_shuffle_before_loess,565,44.0,724
plasma_lipidomics,valid_shuffle_before_loess,566,40.0,778
plasma_lipidomics,valid_shuffle_before_loess,567,40.0,711
plasma_lipidomics,valid_shuffle_before_loess,568,60.0,761
plasma_lipidomics,valid_shuffle_before_loess,569,40.0,729
plasma_lipidomics,valid_shuffle_before_loess,570,40.0,725
plasma_lipidomics,valid_shuffle_before_loess,571,45.0,712
plasma_lipidomics,valid_shuffle_before_loess,572,44.0,792
plasma_lipidomics,valid_shuffle_before_loess,573,55.0,643
plasma_lipidomics,valid_shuffle_before_loess,574,40.0,798
plasma_lipidomics,valid_shuffle_before_loess,575,43.0,698
plasma_lipidomics,valid_shuffle_before_loess,576,47.0,757
plasma_lipidomics,valid_shuffle_before_loess,577,58.0,739
plasma_lipidomics,valid_shuffle_before_loess,578,40.0,825
plasma_lipidomics,valid_shuffle_before_loess,579,60.0,797
plasma_lipidomics,valid_shuffle_before_loess,580,50.0,764
plasma_lipidomics,valid_shuffle_before_loess,581,44.0,737
plasma_lipidomics,valid_shuffle_before_loess,582,47.0,736
plasma_lipidomics,valid_shuffle_before_loess,583,40.0,750
plasma_lipidomics,valid_shuffle_before_loess,584,48.0,794
plasma_lipidomics,valid_shuffle_before_loess,585,43.0,700
plasma_lipidomics,valid_shuffle_before_loess,586,60.0,784
plasma_lipidomics,valid_shuffle_before_loess,587,40.0,764
plasma_lipidomics,valid_shuffle_before_loess,588,40.0,772
plasma_lipidomics,valid_shuffle_before_loess,589,61.0,759
plasma_lipidomics,valid_shuffle_before_loess,590,47.0,726
plasma_lipidomics,valid_shuffle_before_loess,591,40.0,732
plasma_lipidomics,valid_shuffle_before_loess,592,64.0,719
plasma_lipidomics,valid_shuffle_before_loess,593,40.0,786
plasma_lipidomics,valid_shuffle_before_loess,594,56.0,765
plasma_lipidomics,valid_shuffle_before_loess,595,45.0,756
plasma_lipidomics,valid_shuffle_before_loess,596,41.0,784
plasma_lipidomics,valid_shuffle_before_loess,597,47.0,671
plasma_lipidomics,valid_shuffle_before_loess,598,43.0,788
plasma_lipidomics,valid_shuffle_before_loess,599,40.0,739
plasma_lipidomics,valid_shuffle_before_loess,600,40.0,712
plasma_lipidomics,valid_shuffle_before_loess,601,43.0,816
plasma_lipidomics,valid_shuffle_before_loess,602,61.0,743
plasma_lipidomics,valid_shuffle_before_loess,603,41.0,796
plasma_lipidomics,valid_shuffle_before_loess,604,40.0,782
plasma_lipidomics,valid_shuffle_before_loess,605,47.0,772
plasma_lipidomics,valid_shuffle_before_loess,606,42.0,761
plasma_lipidomics,valid_shuffle_before_loess,607,42.0,768
plasma_lipidomics,valid_shuffle_before_loess,608,64.0,635
plasma_lipidomics,valid_shuffle_before_loess,609,44.0,762
plasma_lipidomics,valid_shuffle_before_loess,610,40.0,691
plasma_lipidomics,valid_shuffle_before_loess,611,46.0,659
plasma_lipidomics,valid_shuffle_before_loess,612,63.0,758
plasma_lipidomics,valid_shuffle_before_loess,613,40.0,701
plasma_lipidomics,valid_shuffle_before_loess,614,43.0,760
plasma_lipidomics,valid_shuffle_before_loess,615,42.0,758
plasma_lipidomics,valid_shuffle_before_loess,616,40.0,738
plasma_lipidomics,valid_shuffle_before_loess,617,57.0,725
plasma_lipidomics,valid_shuffle_before_loess,618,48.0,665
plasma_lipidomics,valid_shuffle_before_loess,619,40.0,780
plasma_lipidomics,valid_shuffle_before_loess,620,40.0,725
plasma_lipidomics,valid_shuffle_before_loess,621,47.0,676
plasma_lipidomics,valid_shuffle_before_loess,622,43.0,763
plasma_lipidomics,valid_shuffle_before_loess,623,40.0,809
plasma_lipidomics,valid_shuffle_before_loess,624,44.0,769
plasma_lipidomics,valid_shuffle_before_loess,625,59.0,755
plasma_lipidomics,valid_shuffle_before_loess,626,42.0,684
plasma_lipidomics,valid_shuffle_before_loess,627,63.0,731
plasma_lipidomics,valid_shuffle_before_loess,628,42.0,737
plasma_lipidomics,valid_shuffle_before_loess,629,40.0,768
plasma_lipidomics,valid_shuffle_before_loess,630,42.0,767
plasma_lipidomics,valid_shuffle_before_loess,631,40.0,765
plasma_lipidomics,valid_shuffle_before_loess,632,44.0,808
plasma_lipidomics,valid_shuffle_before_loess,633,62.0,766
plasma_lipidomics,valid_shuffle_before_loess,634,40.0,789
plasma_lipidomics,valid_shuffle_before_loess,635,40.0,745
plasma_lipidomics,valid_shuffle_before_loess,636,44.0,769
plasma_lipidomics,valid_shuffle_before_loess,637,40.0,757
plasma_lipidomics,valid_shuffle_before_loess,638,55.0,754
plasma_lipidomics,valid_shuffle_before_loess,639,45.0,699
plasma_lipidomics,valid_shuffle_before_loess,640,58.0,764
plasma_lipidomics,valid_shuffle_before_loess,641,43.0,736
plasma_lipidomics,valid_shuffle_before_loess,642,40.0,649
plasma_lipidomics,valid_shuffle_before_loess,643,43.0,736
plasma_lipidomics,valid_shuffle_before_loess,644,44.0,755
plasma_lipidomics,valid_shuffle_before_loess,645,42.0,703
plasma_lipidomics,valid_shuffle_before_loess,646,41.0,678
plasma_lipidomics,valid_shuffle_before_loess,647,46.0,797
plasma_lipidomics,valid_shuffle_before_loess,648,43.0,776
plasma_lipidomics,valid_shuffle_before_loess,649,60.0,720
plasma_lipidomics,valid_shuffle_before_loess,650,54.0,773
plasma_lipidomics,valid_shuffle_before_loess,651,53.0,705
plasma_lipidomics,valid_shuffle_before_loess,652,45.0,787
plasma_lipidomics,valid_shuffle_before_loess,653,46.0,757
plasma_lipidomics,valid_shuffle_before_loess,654,40.0,764
plasma_lipidomics,valid_shuffle_before_loess,655,40.0,764
plasma_lipidomics,valid_shuffle_before_loess,656,46.0,829
plasma_lipidomics,valid_shuffle_before_loess,657,44.0,781
plasma_lipidomics,valid_shuffle_before_loess,658,44.0,669
plasma_lipidomics,valid_shuffle_before_loess,659,40.0,779
plasma_lipidomics,valid_shuffle_before_loess,660,42.0,763
plasma_lipidomics,valid_shuffle_before_loess,661,60.0,778
plasma_lipidomics,valid_shuffle_before_loess,662,44.0,670
plasma_lipidomics,valid_shuffle_before_loess,663,43.0,714
plasma_lipidomics,valid_shuffle_before_loess,664,42.0,696
plasma_lipidomics,valid_shuffle_before_loess,665,47.0,761
plasma_lipidomics,valid_shuffle_before_loess,666,46.0,691
plasma_lipidomics,valid_shuffle_before_loess,667,41.0,726
plasma_lipidomics,valid_shuffle_before_loess,668,55.0,749
plasma_lipidomics,valid_shuffle_before_loess,669,41.0,704
plasma_lipidomics,valid_shuffle_before_loess,670,41.0,765
plasma_lipidomics,valid_shuffle_before_loess,671,47.0,753
plasma_lipidomics,valid_shuffle_before_loess,672,41.0,640
plasma_lipidomics,valid_shuffle_before_loess,673,40.0,723
plasma_lipidomics,valid_shuffle_before_loess,674,63.0,706
plasma_lipidomics,valid_shuffle_before_loess,675,40.0,797
plasma_lipidomics,valid_shuffle_before_loess,676,46.0,795
plasma_lipidomics,valid_shuffle_before_loess,677,61.0,639
plasma_lipidomics,valid_shuffle_before_loess,678,42.0,756
plasma_lipidomics,valid_shuffle_before_loess,679,46.0,725
plasma_lipidomics,valid_shuffle_before_loess,680,61.0,797
plasma_lipidomics,valid_shuffle_before_loess,681,41.0,800
plasma_lipidomics,valid_shuffle_before_loess,682,40.0,662
plasma_lipidomics,valid_shuffle_before_loess,683,40.0,749
plasma_lipidomics,valid_shuffle_before_loess,684,63.0,727
plasma_lipidomics,valid_shuffle_before_loess,685,41.0,741
plasma_lipidomics,valid_shuffle_before_loess,686,40.0,804
plasma_lipidomics,valid_shuffle_before_loess,687,49.0,740
plasma_lipidomics,valid_shuffle_before_loess,688,43.0,711
plasma_lipidomics,valid_shuffle_before_loess,689,40.0,728
plasma_lipidomics,valid_shuffle_before_loess,690,44.0,719
plasma_lipidomics,valid_shuffle_before_loess,691,48.0,756
plasma_lipidomics,valid_shuffle_before_loess,692,40.0,749
plasma_lipidomics,valid_shuffle_before_loess,693,40.0,723
plasma_lipidomics,valid_shuffle_before_loess,694,40.0,788
plasma_lipidomics,valid_shuffle_before_loess,695,40.0,797
plasma_lipidomics,valid_shuffle_before_loess,696,40.0,772
plasma_lipidomics,valid_shuffle_before_loess,697,46.0,638
plasma_lipidomics,valid_shuffle_before_loess,698,43.0,816
plasma_lipidomics,valid_shuffle_before_loess,699,46.0,724
plasma_lipidomics,valid_shuffle_before_loess,700,40.0,705
plasma_lipidomics,valid_shuffle_before_loess,701,43.0,730
plasma_lipidomics,valid_shuffle_before_loess,702,49.0,688
plasma_lipidomics,valid_shuffle_before_loess,703,42.0,776
plasma_lipidomics,valid_shuffle_before_loess,704,43.0,692
plasma_lipidomics,valid_shuffle_before_loess,705,51.0,737
plasma_lipidomics,valid_shuffle_before_loess,706,42.0,747
plasma_lipidomics,valid_shuffle_before_loess,707,44.0,769
plasma_lipidomics,valid_shuffle_before_loess,708,43.0,764
plasma_lipidomics,valid_shuffle_before_loess,709,40.0,759
plasma_lipidomics,valid_shuffle_before_loess,710,42.0,666
plasma_lipidomics,valid_shuffle_before_loess,711,42.0,744
plasma_lipidomics,valid_shuffle_before_loess,712,61.0,785
plasma_lipidomics,valid_shuffle_before_loess,713,54.0,796
plasma_lipidomics,valid_shuffle_before_loess,714,41.0,748
plasma_lipidomics,valid_shuffle_before_loess,715,40.0,725
plasma_lipidomics,valid_shuffle_before_loess,716,40.0,656
plasma_lipidomics,valid_shuffle_before_loess,717,40.0,731
plasma_lipidomics,valid_shuffle_before_loess,718,43.0,756
plasma_lipidomics,valid_shuffle_before_loess,719,44.0,682
plasma_lipidomics,valid_shuffle_before_loess,720,61.0,698
plasma_lipidomics,valid_shuffle_before_loess,721,56.0,747
plasma_lipidomics,valid_shuffle_before_loess,722,40.0,672
plasma_lipidomics,valid_shuffle_before_loess,723,61.0,817
plasma_lipidomics,valid_shuffle_before_loess,724,42.0,796
plasma_lipidomics,valid_shuffle_before_loess,725,40.0,712
plasma_lipidomics,valid_shuffle_before_loess,726,43.0,775
plasma_lipidomics,valid_shuffle_before_loess,727,40.0,688
plasma_lipidomics,valid_shuffle_before_loess,728,47.0,772
plasma_lipidomics,valid_shuffle_before_loess,729,40.0,769
plasma_lipidomics,valid_shuffle_before_loess,730,46.0,769
plasma_lipidomics,valid_shuffle_before_loess,731,42.0,764
plasma_lipidomics,valid_shuffle_before_loess,732,40.0,673
plasma_lipidomics,valid_shuffle_before_loess,733,40.0,781
plasma_lipidomics,valid_shuffle_before_loess,734,40.0,767
plasma_lipidomics,valid_shuffle_before_loess,735,47.0,661
plasma_lipidomics,valid_shuffle_before_loess,736,45.0,784
plasma_lipidomics,valid_shuffle_before_loess,737,63.0,816
plasma_lipidomics,valid_shuffle_before_loess,738,42.0,774
plasma_lipidomics,valid_shuffle_before_loess,739,40.0,659
plasma_lipidomics,valid_shuffle_before_loess,740,50.0,724
plasma_lipidomics,valid_shuffle_before_loess,741,44.0,699
plasma_lipidomics,valid_shuffle_before_loess,742,58.0,696
plasma_lipidomics,valid_shuffle_before_loess,743,41.0,771
plasma_lipidomics,valid_shuffle_before_loess,744,59.0,763
plasma_lipidomics,valid_shuffle_before_loess,745,43.0,799
plasma_lipidomics,valid_shuffle_before_loess,746,40.0,706
plasma_lipidomics,valid_shuffle_before_loess,747,64.0,789
plasma_lipidomics,valid_shuffle_before_loess,748,46.0,799
plasma_lipidomics,valid_shuffle_before_loess,749,42.0,724
plasma_lipidomics,valid_shuffle_before_loess,750,43.0,730
plasma_lipidomics,valid_shuffle_before_loess,751,59.0,814
plasma_lipidomics,valid_shuffle_before_loess,752,41.0,804
plasma_lipidomics,valid_shuffle_before_loess,753,58.0,789
plasma_lipidomics,valid_shuffle_before_loess,754,41.0,774
plasma_lipidomics,valid_shuffle_before_loess,755,40.0,779
plasma_lipidomics,valid_shuffle_before_loess,756,44.0,736
plasma_lipidomics,valid_shuffle_before_loess,757,63.0,774
plasma_lipidomics,valid_shuffle_before_loess,758,42.0,786
plasma_lipidomics,valid_shuffle_before_loess,759,64.0,697
plasma_lipidomics,valid_shuffle_before_loess,760,40.0,761
plasma_lipidomics,valid_shuffle_before_loess,761,44.0,759
plasma_lipidomics,valid_shuffle_before_loess,762,40.0,688
plasma_lipidomics,valid_shuffle_before_loess,763,40.0,712
plasma_lipidomics,valid_shuffle_before_loess,764,40.0,733
plasma_lipidomics,valid_shuffle_before_loess,765,43.0,774
plasma_lipidomics,valid_shuffle_before_loess,766,49.0,797
plasma_lipidomics,valid_shuffle_before_loess,767,44.0,788
plasma_lipidomics,valid_shuffle_before_loess,768,44.0,792
plasma_lipidomics,valid_shuffle_before_loess,769,44.0,761
plasma_lipidomics,valid_shuffle_before_loess,770,42.0,707
plasma_lipidomics,valid_shuffle_before_loess,771,44.0,717
plasma_lipidomics,valid_shuffle_before_loess,772,42.0,705
plasma_lipidomics,valid_shuffle_before_loess,773,56.0,760
plasma_lipidomics,valid_shuffle_before_loess,774,52.0,805
plasma_lipidomics,valid_shuffle_before_loess,775,49.0,754
plasma_lipidomics,valid_shuffle_before_loess,776,40.0,800
plasma_lipidomics,valid_shuffle_before_loess,777,60.0,712
plasma_lipidomics,valid_shuffle_before_loess,778,43.0,689
plasma_lipidomics,valid_shuffle_before_loess,779,40.0,804
plasma_lipidomics,valid_shuffle_before_loess,780,40.0,761
plasma_lipidomics,valid_shuffle_before_loess,781,47.0,773
plasma_lipidomics,valid_shuffle_before_loess,782,42.0,800
plasma_lipidomics,valid_shuffle_before_loess,783,60.0,769
plasma_lipidomics,valid_shuffle_before_loess,784,45.0,798
plasma_lipidomics,valid_shuffle_before_loess,785,43.0,755
plasma_lipidomics,valid_shuffle_before_loess,786,43.0,708
plasma_lipidomics,valid_shuffle_before_loess,787,40.0,765
plasma_lipidomics,valid_shuffle_before_loess,788,55.0,733
plasma_lipidomics,valid_shuffle_before_loess,789,40.0,801
plasma_lipidomics,valid_shuffle_before_loess,790,46.0,726
plasma_lipidomics,valid_shuffle_before_loess,791,43.0,721
plasma_lipidomics,valid_shuffle_before_loess,792,44.0,792
plasma_lipidomics,valid_shuffle_before_loess,793,50.0,721
plasma_lipidomics,valid_shuffle_before_loess,794,41.0,772
plasma_lipidomics,valid_shuffle_before_loess,795,40.0,803
plasma_lipidomics,valid_shuffle_before_loess,796,47.0,789
plasma_lipidomics,valid_shuffle_before_loess,797,41.0,744
plasma_lipidomics,valid_shuffle_before_loess,798,47.0,757
plasma_lipidomics,valid_shuffle_before_loess,799,40.0,799
plasma_lipidomics,valid_shuffle_before_loess,800,52.0,760
plasma_lipidomics,valid_shuffle_before_loess,801,43.0,810
plasma_lipidomics,valid_shuffle_before_loess,802,43.0,792
plasma_lipidomics,valid_shuffle_before_loess,803,62.0,754
plasma_lipidomics,valid_shuffle_before_loess,804,40.0,809
plasma_lipidomics,valid_shuffle_before_loess,805,60.0,721
plasma_lipidomics,valid_shuffle_before_loess,806,42.0,815
plasma_lipidomics,valid_shuffle_before_loess,807,54.0,797
plasma_lipidomics,valid_shuffle_before_loess,808,56.0,752
plasma_lipidomics,valid_shuffle_before_loess,809,41.0,728
plasma_lipidomics,valid_shuffle_before_loess,810,41.0,761
plasma_lipidomics,valid_shuffle_before_loess,811,40.0,777
plasma_lipidomics,valid_shuffle_before_loess,812,64.0,769
plasma_lipidomics,valid_shuffle_before_loess,813,40.0,717
plasma_lipidomics,valid_shuffle_before_loess,814,44.0,718
plasma_lipidomics,valid_shuffle_before_loess,815,45.0,794
plasma_lipidomics,valid_shuffle_before_loess,816,44.0,717
plasma_lipidomics,valid_shuffle_before_loess,817,47.0,766
plasma_lipidomics,valid_shuffle_before_loess,818,52.0,778
plasma_lipidomics,valid_shuffle_before_loess,819,44.0,768
plasma_lipidomics,valid_shuffle_before_loess,820,48.0,690
plasma_lipidomics,valid_shuffle_before_loess,821,44.0,794
plasma_lipidomics,valid_shuffle_before_loess,822,64.0,669
plasma_lipidomics,valid_shuffle_before_loess,823,47.0,783
plasma_lipidomics,valid_shuffle_before_loess,824,40.0,811
plasma_lipidomics,valid_shuffle_before_loess,825,40.0,747
plasma_lipidomics,valid_shuffle_before_loess,826,52.0,782
plasma_lipidomics,valid_shuffle_before_loess,827,40.0,810
plasma_lipidomics,valid_shuffle_before_loess,828,61.0,752
plasma_lipidomics,valid_shuffle_before_loess,829,41.0,691
plasma_lipidomics,valid_shuffle_before_loess,830,43.0,747
plasma_lipidomics,valid_shuffle_before_loess,831,45.0,737
plasma_lipidomics,valid_shuffle_before_loess,832,40.0,777
plasma_lipidomics,valid_shuffle_before_loess,833,40.0,814
plasma_lipidomics,valid_shuffle_before_loess,834,56.0,772
plasma_lipidomics,valid_shuffle_before_loess,835,40.0,821
plasma_lipidomics,valid_shuffle_before_loess,836,54.0,687
plasma_lipidomics,valid_shuffle_before_loess,837,40.0,782
plasma_lipidomics,valid_shuffle_before_loess,838,43.0,817
plasma_lipidomics,valid_shuffle_before_loess,839,64.0,748
plasma_lipidomics,valid_shuffle_before_loess,840,51.0,728
plasma_lipidomics,valid_shuffle_before_loess,841,40.0,809
plasma_lipidomics,valid_shuffle_before_loess,842,41.0,765
plasma_lipidomics,valid_shuffle_before_loess,843,60.0,703
plasma_lipidomics,valid_shuffle_before_loess,844,43.0,731
plasma_lipidomics,valid_shuffle_before_loess,845,43.0,721
plasma_lipidomics,valid_shuffle_before_loess,846,64.0,700
plasma_lipidomics,valid_shuffle_before_loess,847,40.0,815
plasma_lipidomics,valid_shuffle_before_loess,848,43.0,748
plasma_lipidomics,valid_shuffle_before_loess,849,61.0,652
plasma_lipidomics,valid_shuffle_before_loess,850,44.0,629
plasma_lipidomics,valid_shuffle_before_loess,851,40.0,764
plasma_lipidomics,valid_shuffle_before_loess,852,64.0,754
plasma_lipidomics,valid_shuffle_before_loess,853,60.0,654
plasma_lipidomics,valid_shuffle_before_loess,854,54.0,776
plasma_lipidomics,valid_shuffle_before_loess,855,42.0,745
plasma_lipidomics,valid_shuffle_before_loess,856,41.0,784
plasma_lipidomics,valid_shuffle_before_loess,857,40.0,767
plasma_lipidomics,valid_shuffle_before_loess,858,44.0,732
plasma_lipidomics,valid_shuffle_before_loess,859,44.0,716
plasma_lipidomics,valid_shuffle_before_loess,860,58.0,684
plasma_lipidomics,valid_shuffle_before_loess,861,58.0,711
plasma_lipidomics,valid_shuffle_before_loess,862,41.0,582
plasma_lipidomics,valid_shuffle_before_loess,863,41.0,821
plasma_lipidomics,valid_shuffle_before_loess,864,59.0,797
plasma_lipidomics,valid_shuffle_before_loess,865,42.0,749
plasma_lipidomics,valid_shuffle_before_loess,866,40.0,740
plasma_lipidomics,valid_shuffle_before_loess,867,42.0,700
plasma_lipidomics,valid_shuffle_before_loess,868,63.0,716
plasma_lipidomics,valid_shuffle_before_loess,869,43.0,748
plasma_lipidomics,valid_shuffle_before_loess,870,41.0,759
plasma_lipidomics,valid_shuffle_before_loess,871,52.0,756
plasma_lipidomics,valid_shuffle_before_loess,872,45.0,782
plasma_lipidomics,valid_shuffle_before_loess,873,43.0,799
plasma_lipidomics,valid_shuffle_before_loess,874,47.0,737
plasma_lipidomics,valid_shuffle_before_loess,875,40.0,777
plasma_lipidomics,valid_shuffle_before_loess,876,62.0,733
plasma_lipidomics,valid_shuffle_before_loess,877,62.0,804
plasma_lipidomics,valid_shuffle_before_loess,878,47.0,747
plasma_lipidomics,valid_shuffle_before_loess,879,44.0,786
plasma_lipidomics,valid_shuffle_before_loess,880,40.0,688
plasma_lipidomics,valid_shuffle_before_loess,881,64.0,761
plasma_lipidomics,valid_shuffle_before_loess,882,48.0,663
plasma_lipidomics,valid_shuffle_before_loess,883,60.0,678
plasma_lipidomics,valid_shuffle_before_loess,884,46.0,709
plasma_lipidomics,valid_shuffle_before_loess,885,48.0,785
plasma_lipidomics,valid_shuffle_before_loess,886,40.0,741
plasma_lipidomics,valid_shuffle_before_loess,887,40.0,726
plasma_lipidomics,valid_shuffle_before_loess,888,40.0,773
plasma_lipidomics,valid_shuffle_before_loess,889,44.0,745
plasma_lipidomics,valid_shuffle_before_loess,890,43.0,760
plasma_lipidomics,valid_shuffle_before_loess,891,60.0,725
plasma_lipidomics,valid_shuffle_before_loess,892,42.0,713
plasma_lipidomics,valid_shuffle_before_loess,893,56.0,775
plasma_lipidomics,valid_shuffle_before_loess,894,61.0,694
plasma_lipidomics,valid_shuffle_before_loess,895,64.0,684
plasma_lipidomics,valid_shuffle_before_loess,896,40.0,782
plasma_lipidomics,valid_shuffle_before_loess,897,40.0,740
plasma_lipidomics,valid_shuffle_before_loess,898,40.0,754
plasma_lipidomics,valid_shuffle_before_loess,899,45.0,696
plasma_lipidomics,valid_shuffle_before_loess,900,40.0,727
plasma_lipidomics,valid_shuffle_before_loess,901,41.0,764
plasma_lipidomics,valid_shuffle_before_loess,902,56.0,774
plasma_lipidomics,valid_shuffle_before_loess,903,40.0,768
plasma_lipidomics,valid_shuffle_before_loess,904,41.0,787
plasma_lipidomics,valid_shuffle_before_loess,905,49.0,758
plasma_lipidomics,valid_shuffle_before_loess,906,45.0,778
plasma_lipidomics,valid_shuffle_before_loess,907,58.0,757
plasma_lipidomics,valid_shuffle_before_loess,908,41.0,723
plasma_lipidomics,valid_shuffle_before_loess,909,50.0,752
plasma_lipidomics,valid_shuffle_before_loess,910,62.0,780
plasma_lipidomics,valid_shuffle_before_loess,911,64.0,706
plasma_lipidomics,valid_shuffle_before_loess,912,44.0,768
plasma_lipidomics,valid_shuffle_before_loess,913,40.0,794
plasma_lipidomics,valid_shuffle_before_loess,914,42.0,684
plasma_lipidomics,valid_shuffle_before_loess,915,41.0,774
plasma_lipidomics,valid_shuffle_before_loess,916,45.0,701
plasma_lipidomics,valid_shuffle_before_loess,917,42.0,769
plasma_lipidomics,valid_shuffle_before_loess,918,58.0,718
plasma_lipidomics,valid_shuffle_before_loess,919,40.0,761
plasma_lipidomics,valid_shuffle_before_loess,920,47.0,802
plasma_lipidomics,valid_shuffle_before_loess,921,47.0,814
plasma_lipidomics,valid_shuffle_before_loess,922,41.0,780
plasma_lipidomics,valid_shuffle_before_loess,923,40.0,730
plasma_lipidomics,valid_shuffle_before_loess,924,40.0,693
plasma_lipidomics,valid_shuffle_before_loess,925,49.0,786
plasma_lipidomics,valid_shuffle_before_loess,926,57.0,659
plasma_lipidomics,valid_shuffle_before_loess,927,55.0,759
plasma_lipidomics,valid_shuffle_before_loess,928,41.0,759
plasma_lipidomics,valid_shuffle_before_loess,929,46.0,720
plasma_lipidomics,valid_shuffle_before_loess,930,59.0,714
plasma_lipidomics,valid_shuffle_before_loess,931,64.0,762
plasma_lipidomics,valid_shuffle_before_loess,932,48.0,702
plasma_lipidomics,valid_shuffle_before_loess,933,43.0,710
plasma_lipidomics,valid_shuffle_before_loess,934,50.0,710
plasma_lipidomics,valid_shuffle_before_loess,935,40.0,785
plasma_lipidomics,valid_shuffle_before_loess,936,43.0,812
plasma_lipidomics,valid_shuffle_before_loess,937,40.0,751
plasma_lipidomics,valid_shuffle_before_loess,938,43.0,722
plasma_lipidomics,valid_shuffle_before_loess,939,42.0,809
plasma_lipidomics,valid_shuffle_before_loess,940,44.0,822
plasma_lipidomics,valid_shuffle_before_loess,941,40.0,764
plasma_lipidomics,valid_shuffle_before_loess,942,40.0,798
plasma_lipidomics,valid_shuffle_before_loess,943,60.0,743
plasma_lipidomics,valid_shuffle_before_loess,944,45.0,767
plasma_lipidomics,valid_shuffle_before_loess,945,41.0,751
plasma_lipidomics,valid_shuffle_before_loess,946,45.0,752
plasma_lipidomics,valid_shuffle_before_loess,947,40.0,749
plasma_lipidomics,valid_shuffle_before_loess,948,44.0,706
plasma_lipidomics,valid_shuffle_before_loess,949,47.0,798
plasma_lipidomics,valid_shuffle_before_loess,950,57.0,727
plasma_lipidomics,valid_shuffle_before_loess,951,40.0,724
plasma_lipidomics,valid_shuffle_before_loess,952,45.0,789
plasma_lipidomics,valid_shuffle_before_loess,953,51.0,806
plasma_lipidomics,valid_shuffle_before_loess,954,40.0,601
plasma_lipidomics,valid_shuffle_before_loess,955,59.0,723
plasma_lipidomics,valid_shuffle_before_loess,956,40.0,797
plasma_lipidomics,valid_shuffle_before_loess,957,42.0,807
plasma_lipidomics,valid_shuffle_before_loess,958,64.0,768
plasma_lipidomics,valid_shuffle_before_loess,959,62.0,708
plasma_lipidomics,valid_shuffle_before_loess,960,41.0,731
plasma_lipidomics,valid_shuffle_before_loess,961,40.0,770
plasma_lipidomics,valid_shuffle_before_loess,962,49.0,756
plasma_lipidomics,valid_shuffle_before_loess,963,45.0,715
plasma_lipidomics,valid_shuffle_before_loess,964,44.0,753
plasma_lipidomics,valid_shuffle_before_loess,965,43.0,726
plasma_lipidomics,valid_shuffle_before_loess,966,40.0,768
plasma_lipidomics,valid_shuffle_before_loess,967,45.0,751
plasma_lipidomics,valid_shuffle_before_loess,968,41.0,783
plasma_lipidomics,valid_shuffle_before_loess,969,43.0,774
plasma_lipidomics,valid_shuffle_before_loess,970,58.0,764
plasma_lipidomics,valid_shuffle_before_loess,971,40.0,739
plasma_lipidomics,valid_shuffle_before_loess,972,64.0,622
plasma_lipidomics,valid_shuffle_before_loess,973,43.0,828
plasma_lipidomics,valid_shuffle_before_loess,974,44.0,792
plasma_lipidomics,valid_shuffle_before_loess,975,55.0,747
plasma_lipidomics,valid_shuffle_before_loess,976,47.0,768
plasma_lipidomics,valid_shuffle_before_loess,977,46.0,690
plasma_lipidomics,valid_shuffle_before_loess,978,50.0,726
plasma_lipidomics,valid_shuffle_before_loess,979,48.0,753
plasma_lipidomics,valid_shuffle_before_loess,980,59.0,724
plasma_lipidomics,valid_shuffle_before_loess,981,40.0,726
plasma_lipidomics,valid_shuffle_before_loess,982,43.0,800
plasma_lipidomics,valid_shuffle_before_loess,983,61.0,808
plasma_lipidomics,valid_shuffle_before_loess,984,42.0,776
plasma_lipidomics,valid_shuffle_before_loess,985,52.0,735
plasma_lipidomics,valid_shuffle_before_loess,986,42.0,699
plasma_lipidomics,valid_shuffle_before_loess,987,47.0,748
plasma_lipidomics,valid_shuffle_before_loess,988,52.0,673
plasma_lipidomics,valid_shuffle_before_loess,989,42.0,622
plasma_lipidomics,valid_shuffle_before_loess,990,40.0,807
plasma_lipidomics,valid_shuffle_before_loess,991,40.0,691
plasma_lipidomics,valid_shuffle_before_loess,992,40.0,744
plasma_lipidomics,valid_shuffle_before_loess,993,50.0,763
plasma_lipidomics,valid_shuffle_before_loess,994,58.0,743
plasma_lipidomics,valid_shuffle_before_loess,995,57.0,794
plasma_lipidomics,valid_shuffle_before_loess,996,40.0,667
plasma_lipidomics,valid_shuffle_before_loess,997,57.0,777
plasma_lipidomics,valid_shuffle_before_loess,998,60.0,757
plasma_lipidomics,valid_shuffle_before_loess,999,46.0,733
plasma_lipidomics,invalid_shuffle_after_loess,0,,0
plasma_lipidomics,invalid_shuffle_after_loess,1,,0
plasma_lipidomics,invalid_shuffle_after_loess,2,,0
plasma_lipidomics,invalid_shuffle_after_loess,3,56.0,510
plasma_lipidomics,invalid_shuffle_after_loess,4,,0
plasma_lipidomics,invalid_shuffle_after_loess,5,,0
plasma_lipidomics,invalid_shuffle_after_loess,6,,0
plasma_lipidomics,invalid_shuffle_after_loess,7,,0
plasma_lipidomics,invalid_shuffle_after_loess,8,,0
plasma_lipidomics,invalid_shuffle_after_loess,9,,0
plasma_lipidomics,invalid_shuffle_after_loess,10,57.0,390
plasma_lipidomics,invalid_shuffle_after_loess,11,,0
plasma_lipidomics,invalid_shuffle_after_loess,12,,0
plasma_lipidomics,invalid_shuffle_after_loess,13,,0
plasma_lipidomics,invalid_shuffle_after_loess,14,,0
plasma_lipidomics,invalid_shuffle_after_loess,15,,0
plasma_lipidomics,invalid_shuffle_after_loess,16,,0
plasma_lipidomics,invalid_shuffle_after_loess,17,45.0,214
plasma_lipidomics,invalid_shuffle_after_loess,18,47.0,1
plasma_lipidomics,invalid_shuffle_after_loess,19,,0
plasma_lipidomics,invalid_shuffle_after_loess,20,,0
plasma_lipidomics,invalid_shuffle_after_loess,21,,0
plasma_lipidomics,invalid_shuffle_after_loess,22,,0
plasma_lipidomics,invalid_shuffle_after_loess,23,,0
plasma_lipidomics,invalid_shuffle_after_loess,24,,0
plasma_lipidomics,invalid_shuffle_after_loess,25,,0
plasma_lipidomics,invalid_shuffle_after_loess,26,,0
plasma_lipidomics,invalid_shuffle_after_loess,27,,0
plasma_lipidomics,invalid_shuffle_after_loess,28,43.0,387
plasma_lipidomics,invalid_shuffle_after_loess,29,,0
plasma_lipidomics,invalid_shuffle_after_loess,30,,0
plasma_lipidomics,invalid_shuffle_after_loess,31,,0
plasma_lipidomics,invalid_shuffle_after_loess,32,,0
plasma_lipidomics,invalid_shuffle_after_loess,33,,0
plasma_lipidomics,invalid_shuffle_after_loess,34,43.0,106
plasma_lipidomics,invalid_shuffle_after_loess,35,61.0,309
plasma_lipidomics,invalid_shuffle_after_loess,36,,0
plasma_lipidomics,invalid_shuffle_after_loess,37,,0
plasma_lipidomics,invalid_shuffle_after_loess,38,,0
plasma_lipidomics,invalid_shuffle_after_loess,39,,0
plasma_lipidomics,invalid_shuffle_after_loess,40,,0
plasma_lipidomics,invalid_shuffle_after_loess,41,,0
plasma_lipidomics,invalid_shuffle_after_loess,42,,0
plasma_lipidomics,invalid_shuffle_after_loess,43,,0
plasma_lipidomics,invalid_shuffle_after_loess,44,,0
plasma_lipidomics,invalid_shuffle_after_loess,45,,0
plasma_lipidomics,invalid_shuffle_after_loess,46,55.0,266
plasma_lipidomics,invalid_shuffle_after_loess,47,,0
plasma_lipidomics,invalid_shuffle_after_loess,48,,0
plasma_lipidomics,invalid_shuffle_after_loess,49,,0
plasma_lipidomics,invalid_shuffle_after_loess,50,,0
plasma_lipidomics,invalid_shuffle_after_loess,51,,0
plasma_lipidomics,invalid_shuffle_after_loess,52,,0
plasma_lipidomics,invalid_shuffle_after_loess,53,,0
plasma_lipidomics,invalid_shuffle_after_loess,54,,0
plasma_lipidomics,invalid_shuffle_after_loess,55,,0
plasma_lipidomics,invalid_shuffle_after_loess,56,,0
plasma_lipidomics,invalid_shuffle_after_loess,57,,0
plasma_lipidomics,invalid_shuffle_after_loess,58,,0
plasma_lipidomics,invalid_shuffle_after_loess,59,,0
plasma_lipidomics,invalid_shuffle_after_loess,60,,0
plasma_lipidomics,invalid_shuffle_after_loess,61,,0
plasma_lipidomics,invalid_shuffle_after_loess,62,,0
plasma_lipidomics,invalid_shuffle_after_loess,63,,0
plasma_lipidomics,invalid_shuffle_after_loess,64,62.0,440
plasma_lipidomics,invalid_shuffle_after_loess,65,,0
plasma_lipidomics,invalid_shuffle_after_loess,66,40.0,68
plasma_lipidomics,invalid_shuffle_after_loess,67,,0
plasma_lipidomics,invalid_shuffle_after_loess,68,,0
plasma_lipidomics,invalid_shuffle_after_loess,69,,0
plasma_lipidomics,invalid_shuffle_after_loess,70,,0
plasma_lipidomics,invalid_shuffle_after_loess,71,,0
plasma_lipidomics,invalid_shuffle_after_loess,72,,0
plasma_lipidomics,invalid_shuffle_after_loess,73,,0
plasma_lipidomics,invalid_shuffle_after_loess,74,,0
plasma_lipidomics,invalid_shuffle_after_loess,75,44.0,105
plasma_lipidomics,invalid_shuffle_after_loess,76,63.0,44
plasma_lipidomics,invalid_shuffle_after_loess,77,,0
plasma_lipidomics,invalid_shuffle_after_loess,78,44.0,284
plasma_lipidomics,invalid_shuffle_after_loess,79,,0
plasma_lipidomics,invalid_shuffle_after_loess,80,,0
plasma_lipidomics,invalid_shuffle_after_loess,81,,0
plasma_lipidomics,invalid_shuffle_after_loess,82,,0
plasma_lipidomics,invalid_shuffle_after_loess,83,,0
plasma_lipidomics,invalid_shuffle_after_loess,84,,0
plasma_lipidomics,invalid_shuffle_after_loess,85,,0
plasma_lipidomics,invalid_shuffle_after_loess,86,,0
plasma_lipidomics,invalid_shuffle_after_loess,87,,0
plasma_lipidomics,invalid_shuffle_after_loess,88,49.0,478
plasma_lipidomics,invalid_shuffle_after_loess,89,,0
plasma_lipidomics,invalid_shuffle_after_loess,90,,0
plasma_lipidomics,invalid_shuffle_after_loess,91,,0
plasma_lipidomics,invalid_shuffle_after_loess,92,,0
plasma_lipidomics,invalid_shuffle_after_loess,93,,0
plasma_lipidomics,invalid_shuffle_after_loess,94,56.0,461
plasma_lipidomics,invalid_shuffle_after_loess,95,,0
plasma_lipidomics,invalid_shuffle_after_loess,96,,0
plasma_lipidomics,invalid_shuffle_after_loess,97,,0
plasma_lipidomics,invalid_shuffle_after_loess,98,,0
plasma_lipidomics,invalid_shuffle_after_loess,99,,0
plasma_lipidomics,invalid_shuffle_after_loess,100,53.0,55
plasma_lipidomics,invalid_shuffle_after_loess,101,,0
plasma_lipidomics,invalid_shuffle_after_loess,102,,0
plasma_lipidomics,invalid_shuffle_after_loess,103,,0
plasma_lipidomics,invalid_shuffle_after_loess,104,,0
plasma_lipidomics,invalid_shuffle_after_loess,105,,0
plasma_lipidomics,invalid_shuffle_after_loess,106,,0
plasma_lipidomics,invalid_shuffle_after_loess,107,,0
plasma_lipidomics,invalid_shuffle_after_loess,108,,0
plasma_lipidomics,invalid_shuffle_after_loess,109,42.0,386
plasma_lipidomics,invalid_shuffle_after_loess,110,,0
plasma_lipidomics,invalid_shuffle_after_loess,111,,0
plasma_lipidomics,invalid_shuffle_after_loess,112,,0
plasma_lipidomics,invalid_shuffle_after_loess,113,46.0,419
plasma_lipidomics,invalid_shuffle_after_loess,114,,0
plasma_lipidomics,invalid_shuffle_after_loess,115,55.0,65
plasma_lipidomics,invalid_shuffle_after_loess,116,,0
plasma_lipidomics,invalid_shuffle_after_loess,117,,0
plasma_lipidomics,invalid_shuffle_after_loess,118,53.0,304
plasma_lipidomics,invalid_shuffle_after_loess,119,,0
plasma_lipidomics,invalid_shuffle_after_loess,120,,0
plasma_lipidomics,invalid_shuffle_after_loess,121,59.0,62
plasma_lipidomics,invalid_shuffle_after_loess,122,,0
plasma_lipidomics,invalid_shuffle_after_loess,123,,0
plasma_lipidomics,invalid_shuffle_after_loess,124,,0
plasma_lipidomics,invalid_shuffle_after_loess,125,,0
plasma_lipidomics,invalid_shuffle_after_loess,126,,0
plasma_lipidomics,invalid_shuffle_after_loess,127,48.0,213
plasma_lipidomics,invalid_shuffle_after_loess,128,,0
plasma_lipidomics,invalid_shuffle_after_loess,129,62.0,131
plasma_lipidomics,invalid_shuffle_after_loess,130,,0
plasma_lipidomics,invalid_shuffle_after_loess,131,51.0,545
plasma_lipidomics,invalid_shuffle_after_loess,132,,0
plasma_lipidomics,invalid_shuffle_after_loess,133,,0
plasma_lipidomics,invalid_shuffle_after_loess,134,,0
plasma_lipidomics,invalid_shuffle_after_loess,135,,0
plasma_lipidomics,invalid_shuffle_after_loess,136,,0
plasma_lipidomics,invalid_shuffle_after_loess,137,,0
plasma_lipidomics,invalid_shuffle_after_loess,138,,0
plasma_lipidomics,invalid_shuffle_after_loess,139,,0
plasma_lipidomics,invalid_shuffle_after_loess,140,,0
plasma_lipidomics,invalid_shuffle_after_loess,141,,0
plasma_lipidomics,invalid_shuffle_after_loess,142,,0
plasma_lipidomics,invalid_shuffle_after_loess,143,,0
plasma_lipidomics,invalid_shuffle_after_loess,144,,0
plasma_lipidomics,invalid_shuffle_after_loess,145,,0
plasma_lipidomics,invalid_shuffle_after_loess,146,,0
plasma_lipidomics,invalid_shuffle_after_loess,147,59.0,212
plasma_lipidomics,invalid_shuffle_after_loess,148,56.0,145
plasma_lipidomics,invalid_shuffle_after_loess,149,55.0,126
plasma_lipidomics,invalid_shuffle_after_loess,150,,0
plasma_lipidomics,invalid_shuffle_after_loess,151,,0
plasma_lipidomics,invalid_shuffle_after_loess,152,,0
plasma_lipidomics,invalid_shuffle_after_loess,153,,0
plasma_lipidomics,invalid_shuffle_after_loess,154,40.0,434
plasma_lipidomics,invalid_shuffle_after_loess,155,,0
plasma_lipidomics,invalid_shuffle_after_loess,156,,0
plasma_lipidomics,invalid_shuffle_after_loess,157,,0
plasma_lipidomics,invalid_shuffle_after_loess,158,50.0,384
plasma_lipidomics,invalid_shuffle_after_loess,159,,0
plasma_lipidomics,invalid_shuffle_after_loess,160,48.0,68
plasma_lipidomics,invalid_shuffle_after_loess,161,,0
plasma_lipidomics,invalid_shuffle_after_loess,162,,0
plasma_lipidomics,invalid_shuffle_after_loess,163,,0
plasma_lipidomics,invalid_shuffle_after_loess,164,,0
plasma_lipidomics,invalid_shuffle_after_loess,165,,0
plasma_lipidomics,invalid_shuffle_after_loess,166,,0
plasma_lipidomics,invalid_shuffle_after_loess,167,59.0,5
plasma_lipidomics,invalid_shuffle_after_loess,168,42.0,166
plasma_lipidomics,invalid_shuffle_after_loess,169,,0
plasma_lipidomics,invalid_shuffle_after_loess,170,,0
plasma_lipidomics,invalid_shuffle_after_loess,171,,0
plasma_lipidomics,invalid_shuffle_after_loess,172,59.0,144
plasma_lipidomics,invalid_shuffle_after_loess,173,,0
plasma_lipidomics,invalid_shuffle_after_loess,174,,0
plasma_lipidomics,invalid_shuffle_after_loess,175,,0
plasma_lipidomics,invalid_shuffle_after_loess,176,61.0,31
plasma_lipidomics,invalid_shuffle_after_loess,177,,0
plasma_lipidomics,invalid_shuffle_after_loess,178,,0
plasma_lipidomics,invalid_shuffle_after_loess,179,,0
plasma_lipidomics,invalid_shuffle_after_loess,180,,0
plasma_lipidomics,invalid_shuffle_after_loess,181,,0
plasma_lipidomics,invalid_shuffle_after_loess,182,,0
plasma_lipidomics,invalid_shuffle_after_loess,183,,0
plasma_lipidomics,invalid_shuffle_after_loess,184,,0
plasma_lipidomics,invalid_shuffle_after_loess,185,42.0,416
plasma_lipidomics,invalid_shuffle_after_loess,186,,0
plasma_lipidomics,invalid_shuffle_after_loess,187,,0
plasma_lipidomics,invalid_shuffle_after_loess,188,,0
plasma_lipidomics,invalid_shuffle_after_loess,189,58.0,268
plasma_lipidomics,invalid_shuffle_after_loess,190,,0
plasma_lipidomics,invalid_shuffle_after_loess,191,,0
plasma_lipidomics,invalid_shuffle_after_loess,192,,0
plasma_lipidomics,invalid_shuffle_after_loess,193,,0
plasma_lipidomics,invalid_shuffle_after_loess,194,,0
plasma_lipidomics,invalid_shuffle_after_loess,195,42.0,148
plasma_lipidomics,invalid_shuffle_after_loess,196,44.0,337
plasma_lipidomics,invalid_shuffle_after_loess,197,48.0,37
plasma_lipidomics,invalid_shuffle_after_loess,198,,0
plasma_lipidomics,invalid_shuffle_after_loess,199,,0
plasma_lipidomics,invalid_shuffle_after_loess,200,,0
plasma_lipidomics,invalid_shuffle_after_loess,201,,0
plasma_lipidomics,invalid_shuffle_after_loess,202,,0
plasma_lipidomics,invalid_shuffle_after_loess,203,,0
plasma_lipidomics,invalid_shuffle_after_loess,204,,0
plasma_lipidomics,invalid_shuffle_after_loess,205,,0
plasma_lipidomics,invalid_shuffle_after_loess,206,,0
plasma_lipidomics,invalid_shuffle_after_loess,207,,0
plasma_lipidomics,invalid_shuffle_after_loess,208,,0
plasma_lipidomics,invalid_shuffle_after_loess,209,,0
plasma_lipidomics,invalid_shuffle_after_loess,210,,0
plasma_lipidomics,invalid_shuffle_after_loess,211,,0
plasma_lipidomics,invalid_shuffle_after_loess,212,,0
plasma_lipidomics,invalid_shuffle_after_loess,213,,0
plasma_lipidomics,invalid_shuffle_after_loess,214,42.0,400
plasma_lipidomics,invalid_shuffle_after_loess,215,,0
plasma_lipidomics,invalid_shuffle_after_loess,216,,0
plasma_lipidomics,invalid_shuffle_after_loess,217,,0
plasma_lipidomics,invalid_shuffle_after_loess,218,,0
plasma_lipidomics,invalid_shuffle_after_loess,219,58.0,271
plasma_lipidomics,invalid_shuffle_after_loess,220,,0
plasma_lipidomics,invalid_shuffle_after_loess,221,,0
plasma_lipidomics,invalid_shuffle_after_loess,222,41.0,58
plasma_lipidomics,invalid_shuffle_after_loess,223,,0
plasma_lipidomics,invalid_shuffle_after_loess,224,53.0,420
plasma_lipidomics,invalid_shuffle_after_loess,225,,0
plasma_lipidomics,invalid_shuffle_after_loess,226,,0
plasma_lipidomics,invalid_shuffle_after_loess,227,,0
plasma_lipidomics,invalid_shuffle_after_loess,228,,0
plasma_lipidomics,invalid_shuffle_after_loess,229,,0
plasma_lipidomics,invalid_shuffle_after_loess,230,,0
plasma_lipidomics,invalid_shuffle_after_loess,231,,0
plasma_lipidomics,invalid_shuffle_after_loess,232,,0
plasma_lipidomics,invalid_shuffle_after_loess,233,,0
plasma_lipidomics,invalid_shuffle_after_loess,234,,0
plasma_lipidomics,invalid_shuffle_after_loess,235,,0
plasma_lipidomics,invalid_shuffle_after_loess,236,60.0,244
plasma_lipidomics,invalid_shuffle_after_loess,237,,0
plasma_lipidomics,invalid_shuffle_after_loess,238,,0
plasma_lipidomics,invalid_shuffle_after_loess,239,,0
plasma_lipidomics,invalid_shuffle_after_loess,240,,0
plasma_lipidomics,invalid_shuffle_after_loess,241,,0
plasma_lipidomics,invalid_shuffle_after_loess,242,,0
plasma_lipidomics,invalid_shuffle_after_loess,243,,0
plasma_lipidomics,invalid_shuffle_after_loess,244,,0
plasma_lipidomics,invalid_shuffle_after_loess,245,62.0,212
plasma_lipidomics,invalid_shuffle_after_loess,246,60.0,104
plasma_lipidomics,invalid_shuffle_after_loess,247,,0
plasma_lipidomics,invalid_shuffle_after_loess,248,,0
plasma_lipidomics,invalid_shuffle_after_loess,249,,0
plasma_lipidomics,invalid_shuffle_after_loess,250,,0
plasma_lipidomics,invalid_shuffle_after_loess,251,46.0,229
plasma_lipidomics,invalid_shuffle_after_loess,252,,0
plasma_lipidomics,invalid_shuffle_after_loess,253,,0
plasma_lipidomics,invalid_shuffle_after_loess,254,,0
plasma_lipidomics,invalid_shuffle_after_loess,255,,0
plasma_lipidomics,invalid_shuffle_after_loess,256,40.0,267
plasma_lipidomics,invalid_shuffle_after_loess,257,,0
plasma_lipidomics,invalid_shuffle_after_loess,258,54.0,8
plasma_lipidomics,invalid_shuffle_after_loess,259,,0
plasma_lipidomics,invalid_shuffle_after_loess,260,,0
plasma_lipidomics,invalid_shuffle_after_loess,261,,0
plasma_lipidomics,invalid_shuffle_after_loess,262,,0
plasma_lipidomics,invalid_shuffle_after_loess,263,,0
plasma_lipidomics,invalid_shuffle_after_loess,264,,0
plasma_lipidomics,invalid_shuffle_after_loess,265,,0
plasma_lipidomics,invalid_shuffle_after_loess,266,,0
plasma_lipidomics,invalid_shuffle_after_loess,267,,0
plasma_lipidomics,invalid_shuffle_after_loess,268,,0
plasma_lipidomics,invalid_shuffle_after_loess,269,,0
plasma_lipidomics,invalid_shuffle_after_loess,270,,0
plasma_lipidomics,invalid_shuffle_after_loess,271,,0
plasma_lipidomics,invalid_shuffle_after_loess,272,,0
plasma_lipidomics,invalid_shuffle_after_loess,273,,0
plasma_lipidomics,invalid_shuffle_after_loess,274,54.0,168
plasma_lipidomics,invalid_shuffle_after_loess,275,,0
plasma_lipidomics,invalid_shuffle_after_loess,276,,0
plasma_lipidomics,invalid_shuffle_after_loess,277,,0
plasma_lipidomics,invalid_shuffle_after_loess,278,,0
plasma_lipidomics,invalid_shuffle_after_loess,279,,0
plasma_lipidomics,invalid_shuffle_after_loess,280,55.0,175
plasma_lipidomics,invalid_shuffle_after_loess,281,,0
plasma_lipidomics,invalid_shuffle_after_loess,282,,0
plasma_lipidomics,invalid_shuffle_after_loess,283,,0
plasma_lipidomics,invalid_shuffle_after_loess,284,,0
plasma_lipidomics,invalid_shuffle_after_loess,285,,0
plasma_lipidomics,invalid_shuffle_after_loess,286,,0
plasma_lipidomics,invalid_shuffle_after_loess,287,,0
plasma_lipidomics,invalid_shuffle_after_loess,288,,0
plasma_lipidomics,invalid_shuffle_after_loess,289,,0
plasma_lipidomics,invalid_shuffle_after_loess,290,,0
plasma_lipidomics,invalid_shuffle_after_loess,291,,0
plasma_lipidomics,invalid_shuffle_after_loess,292,,0
plasma_lipidomics,invalid_shuffle_after_loess,293,55.0,413
plasma_lipidomics,invalid_shuffle_after_loess,294,,0
plasma_lipidomics,invalid_shuffle_after_loess,295,,0
plasma_lipidomics,invalid_shuffle_after_loess,296,47.0,68
plasma_lipidomics,invalid_shuffle_after_loess,297,,0
plasma_lipidomics,invalid_shuffle_after_loess,298,64.0,115
plasma_lipidomics,invalid_shuffle_after_loess,299,,0
plasma_lipidomics,invalid_shuffle_after_loess,300,41.0,184
plasma_lipidomics,invalid_shuffle_after_loess,301,,0
plasma_lipidomics,invalid_shuffle_after_loess,302,,0
plasma_lipidomics,invalid_shuffle_after_loess,303,58.0,166
plasma_lipidomics,invalid_shuffle_after_loess,304,,0
plasma_lipidomics,invalid_shuffle_after_loess,305,,0
plasma_lipidomics,invalid_shuffle_after_loess,306,,0
plasma_lipidomics,invalid_shuffle_after_loess,307,56.0,250
plasma_lipidomics,invalid_shuffle_after_loess,308,,0
plasma_lipidomics,invalid_shuffle_after_loess,309,,0
plasma_lipidomics,invalid_shuffle_after_loess,310,,0
plasma_lipidomics,invalid_shuffle_after_loess,311,,0
plasma_lipidomics,invalid_shuffle_after_loess,312,,0
plasma_lipidomics,invalid_shuffle_after_loess,313,,0
plasma_lipidomics,invalid_shuffle_after_loess,314,,0
plasma_lipidomics,invalid_shuffle_after_loess,315,58.0,178
plasma_lipidomics,invalid_shuffle_after_loess,316,,0
plasma_lipidomics,invalid_shuffle_after_loess,317,,0
plasma_lipidomics,invalid_shuffle_after_loess,318,,0
plasma_lipidomics,invalid_shuffle_after_loess,319,52.0,441
plasma_lipidomics,invalid_shuffle_after_loess,320,,0
plasma_lipidomics,invalid_shuffle_after_loess,321,,0
plasma_lipidomics,invalid_shuffle_after_loess,322,,0
plasma_lipidomics,invalid_shuffle_after_loess,323,,0
plasma_lipidomics,invalid_shuffle_after_loess,324,,0
plasma_lipidomics,invalid_shuffle_after_loess,325,57.0,355
plasma_lipidomics,invalid_shuffle_after_loess,326,,0
plasma_lipidomics,invalid_shuffle_after_loess,327,,0
plasma_lipidomics,invalid_shuffle_after_loess,328,40.0,230
plasma_lipidomics,invalid_shuffle_after_loess,329,,0
plasma_lipidomics,invalid_shuffle_after_loess,330,48.0,159
plasma_lipidomics,invalid_shuffle_after_loess,331,,0
plasma_lipidomics,invalid_shuffle_after_loess,332,,0
plasma_lipidomics,invalid_shuffle_after_loess,333,,0
plasma_lipidomics,invalid_shuffle_after_loess,334,,0
plasma_lipidomics,invalid_shuffle_after_loess,335,,0
plasma_lipidomics,invalid_shuffle_after_loess,336,,0
plasma_lipidomics,invalid_shuffle_after_loess,337,47.0,112
plasma_lipidomics,invalid_shuffle_after_loess,338,,0
plasma_lipidomics,invalid_shuffle_after_loess,339,,0
plasma_lipidomics,invalid_shuffle_after_loess,340,,0
plasma_lipidomics,invalid_shuffle_after_loess,341,,0
plasma_lipidomics,invalid_shuffle_after_loess,342,,0
plasma_lipidomics,invalid_shuffle_after_loess,343,,0
plasma_lipidomics,invalid_shuffle_after_loess,344,49.0,351
plasma_lipidomics,invalid_shuffle_after_loess,345,,0
plasma_lipidomics,invalid_shuffle_after_loess,346,,0
plasma_lipidomics,invalid_shuffle_after_loess,347,61.0,380
plasma_lipidomics,invalid_shuffle_after_loess,348,,0
plasma_lipidomics,invalid_shuffle_after_loess,349,,0
plasma_lipidomics,invalid_shuffle_after_loess,350,,0
plasma_lipidomics,invalid_shuffle_after_loess,351,,0
plasma_lipidomics,invalid_shuffle_after_loess,352,,0
plasma_lipidomics,invalid_shuffle_after_loess,353,,0
plasma_lipidomics,invalid_shuffle_after_loess,354,,0
plasma_lipidomics,invalid_shuffle_after_loess,355,,0
plasma_lipidomics,invalid_shuffle_after_loess,356,,0
plasma_lipidomics,invalid_shuffle_after_loess,357,,0
plasma_lipidomics,invalid_shuffle_after_loess,358,,0
plasma_lipidomics,invalid_shuffle_after_loess,359,,0
plasma_lipidomics,invalid_shuffle_after_loess,360,,0
plasma_lipidomics,invalid_shuffle_after_loess,361,58.0,63
plasma_lipidomics,invalid_shuffle_after_loess,362,,0
plasma_lipidomics,invalid_shuffle_after_loess,363,,0
plasma_lipidomics,invalid_shuffle_after_loess,364,,0
plasma_lipidomics,invalid_shuffle_after_loess,365,,0
plasma_lipidomics,invalid_shuffle_after_loess,366,,0
plasma_lipidomics,invalid_shuffle_after_loess,367,,0
plasma_lipidomics,invalid_shuffle_after_loess,368,56.0,342
plasma_lipidomics,invalid_shuffle_after_loess,369,,0
plasma_lipidomics,invalid_shuffle_after_loess,370,,0
plasma_lipidomics,invalid_shuffle_after_loess,371,56.0,357
plasma_lipidomics,invalid_shuffle_after_loess,372,,0
plasma_lipidomics,invalid_shuffle_after_loess,373,,0
plasma_lipidomics,invalid_shuffle_after_loess,374,,0
plasma_lipidomics,invalid_shuffle_after_loess,375,,0
plasma_lipidomics,invalid_shuffle_after_loess,376,,0
plasma_lipidomics,invalid_shuffle_after_loess,377,,0
plasma_lipidomics,invalid_shuffle_after_loess,378,,0
plasma_lipidomics,invalid_shuffle_after_loess,379,,0
plasma_lipidomics,invalid_shuffle_after_loess,380,63.0,106
plasma_lipidomics,invalid_shuffle_after_loess,381,,0
plasma_lipidomics,invalid_shuffle_after_loess,382,,0
plasma_lipidomics,invalid_shuffle_after_loess,383,57.0,132
plasma_lipidomics,invalid_shuffle_after_loess,384,,0
plasma_lipidomics,invalid_shuffle_after_loess,385,,0
plasma_lipidomics,invalid_shuffle_after_loess,386,,0
plasma_lipidomics,invalid_shuffle_after_loess,387,,0
plasma_lipidomics,invalid_shuffle_after_loess,388,,0
plasma_lipidomics,invalid_shuffle_after_loess,389,,0
plasma_lipidomics,invalid_shuffle_after_loess,390,,0
plasma_lipidomics,invalid_shuffle_after_loess,391,,0
plasma_lipidomics,invalid_shuffle_after_loess,392,47.0,12
plasma_lipidomics,invalid_shuffle_after_loess,393,40.0,438
plasma_lipidomics,invalid_shuffle_after_loess,394,,0
plasma_lipidomics,invalid_shuffle_after_loess,395,,0
plasma_lipidomics,invalid_shuffle_after_loess,396,,0
plasma_lipidomics,invalid_shuffle_after_loess,397,,0
plasma_lipidomics,invalid_shuffle_after_loess,398,46.0,230
plasma_lipidomics,invalid_shuffle_after_loess,399,56.0,483
plasma_lipidomics,invalid_shuffle_after_loess,400,,0
plasma_lipidomics,invalid_shuffle_after_loess,401,,0
plasma_lipidomics,invalid_shuffle_after_loess,402,,0
plasma_lipidomics,invalid_shuffle_after_loess,403,,0
plasma_lipidomics,invalid_shuffle_after_loess,404,,0
plasma_lipidomics,invalid_shuffle_after_loess,405,,0
plasma_lipidomics,invalid_shuffle_after_loess,406,,0
plasma_lipidomics,invalid_shuffle_after_loess,407,,0
plasma_lipidomics,invalid_shuffle_after_loess,408,,0
plasma_lipidomics,invalid_shuffle_after_loess,409,,0
plasma_lipidomics,invalid_shuffle_after_loess,410,48.0,352
plasma_lipidomics,invalid_shuffle_after_loess,411,60.0,202
plasma_lipidomics,invalid_shuffle_after_loess,412,,0
plasma_lipidomics,invalid_shuffle_after_loess,413,,0
plasma_lipidomics,invalid_shuffle_after_loess,414,,0
plasma_lipidomics,invalid_shuffle_after_loess,415,,0
plasma_lipidomics,invalid_shuffle_after_loess,416,,0
plasma_lipidomics,invalid_shuffle_after_loess,417,,0
plasma_lipidomics,invalid_shuffle_after_loess,418,,0
plasma_lipidomics,invalid_shuffle_after_loess,419,,0
plasma_lipidomics,invalid_shuffle_after_loess,420,,0
plasma_lipidomics,invalid_shuffle_after_loess,421,,0
plasma_lipidomics,invalid_shuffle_after_loess,422,,0
plasma_lipidomics,invalid_shuffle_after_loess,423,,0
plasma_lipidomics,invalid_shuffle_after_loess,424,,0
plasma_lipidomics,invalid_shuffle_after_loess,425,,0
plasma_lipidomics,invalid_shuffle_after_loess,426,,0
plasma_lipidomics,invalid_shuffle_after_loess,427,,0
plasma_lipidomics,invalid_shuffle_after_loess,428,,0
plasma_lipidomics,invalid_shuffle_after_loess,429,58.0,187
plasma_lipidomics,invalid_shuffle_after_loess,430,,0
plasma_lipidomics,invalid_shuffle_after_loess,431,,0
plasma_lipidomics,invalid_shuffle_after_loess,432,,0
plasma_lipidomics,invalid_shuffle_after_loess,433,,0
plasma_lipidomics,invalid_shuffle_after_loess,434,,0
plasma_lipidomics,invalid_shuffle_after_loess,435,,0
plasma_lipidomics,invalid_shuffle_after_loess,436,,0
plasma_lipidomics,invalid_shuffle_after_loess,437,,0
plasma_lipidomics,invalid_shuffle_after_loess,438,,0
plasma_lipidomics,invalid_shuffle_after_loess,439,,0
plasma_lipidomics,invalid_shuffle_after_loess,440,,0
plasma_lipidomics,invalid_shuffle_after_loess,441,,0
plasma_lipidomics,invalid_shuffle_after_loess,442,,0
plasma_lipidomics,invalid_shuffle_after_loess,443,,0
plasma_lipidomics,invalid_shuffle_after_loess,444,,0
plasma_lipidomics,invalid_shuffle_after_loess,445,40.0,201
plasma_lipidomics,invalid_shuffle_after_loess,446,,0
plasma_lipidomics,invalid_shuffle_after_loess,447,,0
plasma_lipidomics,invalid_shuffle_after_loess,448,52.0,124
plasma_lipidomics,invalid_shuffle_after_loess,449,,0
plasma_lipidomics,invalid_shuffle_after_loess,450,,0
plasma_lipidomics,invalid_shuffle_after_loess,451,,0
plasma_lipidomics,invalid_shuffle_after_loess,452,45.0,284
plasma_lipidomics,invalid_shuffle_after_loess,453,,0
plasma_lipidomics,invalid_shuffle_after_loess,454,,0
plasma_lipidomics,invalid_shuffle_after_loess,455,,0
plasma_lipidomics,invalid_shuffle_after_loess,456,58.0,53
plasma_lipidomics,invalid_shuffle_after_loess,457,,0
plasma_lipidomics,invalid_shuffle_after_loess,458,,0
plasma_lipidomics,invalid_shuffle_after_loess,459,45.0,57
plasma_lipidomics,invalid_shuffle_after_loess,460,,0
plasma_lipidomics,invalid_shuffle_after_loess,461,,0
plasma_lipidomics,invalid_shuffle_after_loess,462,,0
plasma_lipidomics,invalid_shuffle_after_loess,463,,0
plasma_lipidomics,invalid_shuffle_after_loess,464,40.0,62
plasma_lipidomics,invalid_shuffle_after_loess,465,,0
plasma_lipidomics,invalid_shuffle_after_loess,466,,0
plasma_lipidomics,invalid_shuffle_after_loess,467,,0
plasma_lipidomics,invalid_shuffle_after_loess,468,,0
plasma_lipidomics,invalid_shuffle_after_loess,469,,0
plasma_lipidomics,invalid_shuffle_after_loess,470,,0
plasma_lipidomics,invalid_shuffle_after_loess,471,,0
plasma_lipidomics,invalid_shuffle_after_loess,472,42.0,167
plasma_lipidomics,invalid_shuffle_after_loess,473,,0
plasma_lipidomics,invalid_shuffle_after_loess,474,,0
plasma_lipidomics,invalid_shuffle_after_loess,475,,0
plasma_lipidomics,invalid_shuffle_after_loess,476,,0
plasma_lipidomics,invalid_shuffle_after_loess,477,,0
plasma_lipidomics,invalid_shuffle_after_loess,478,59.0,426
plasma_lipidomics,invalid_shuffle_after_loess,479,50.0,310
plasma_lipidomics,invalid_shuffle_after_loess,480,,0
plasma_lipidomics,invalid_shuffle_after_loess,481,,0
plasma_lipidomics,invalid_shuffle_after_loess,482,,0
plasma_lipidomics,invalid_shuffle_after_loess,483,,0
plasma_lipidomics,invalid_shuffle_after_loess,484,42.0,416
plasma_lipidomics,invalid_shuffle_after_loess,485,,0
plasma_lipidomics,invalid_shuffle_after_loess,486,,0
plasma_lipidomics,invalid_shuffle_after_loess,487,52.0,16
plasma_lipidomics,invalid_shuffle_after_loess,488,,0
plasma_lipidomics,invalid_shuffle_after_loess,489,,0
plasma_lipidomics,invalid_shuffle_after_loess,490,,0
plasma_lipidomics,invalid_shuffle_after_loess,491,,0
plasma_lipidomics,invalid_shuffle_after_loess,492,,0
plasma_lipidomics,invalid_shuffle_after_loess,493,56.0,253
plasma_lipidomics,invalid_shuffle_after_loess,494,,0
plasma_lipidomics,invalid_shuffle_after_loess,495,57.0,21
plasma_lipidomics,invalid_shuffle_after_loess,496,54.0,2
plasma_lipidomics,invalid_shuffle_after_loess,497,,0
plasma_lipidomics,invalid_shuffle_after_loess,498,,0
plasma_lipidomics,invalid_shuffle_after_loess,499,61.0,125
plasma_lipidomics,invalid_shuffle_after_loess,500,60.0,1
plasma_lipidomics,invalid_shuffle_after_loess,501,,0
plasma_lipidomics,invalid_shuffle_after_loess,502,,0
plasma_lipidomics,invalid_shuffle_after_loess,503,,0
plasma_lipidomics,invalid_shuffle_after_loess,504,,0
plasma_lipidomics,invalid_shuffle_after_loess,505,,0
plasma_lipidomics,invalid_shuffle_after_loess,506,,0
plasma_lipidomics,invalid_shuffle_after_loess,507,,0
plasma_lipidomics,invalid_shuffle_after_loess,508,,0
plasma_lipidomics,invalid_shuffle_after_loess,509,40.0,319
plasma_lipidomics,invalid_shuffle_after_loess,510,,0
plasma_lipidomics,invalid_shuffle_after_loess,511,,0
plasma_lipidomics,invalid_shuffle_after_loess,512,,0
plasma_lipidomics,invalid_shuffle_after_loess,513,,0
plasma_lipidomics,invalid_shuffle_after_loess,514,,0
plasma_lipidomics,invalid_shuffle_after_loess,515,,0
plasma_lipidomics,invalid_shuffle_after_loess,516,58.0,334
plasma_lipidomics,invalid_shuffle_after_loess,517,,0
plasma_lipidomics,invalid_shuffle_after_loess,518,,0
plasma_lipidomics,invalid_shuffle_after_loess,519,,0
plasma_lipidomics,invalid_shuffle_after_loess,520,,0
plasma_lipidomics,invalid_shuffle_after_loess,521,,0
plasma_lipidomics,invalid_shuffle_after_loess,522,,0
plasma_lipidomics,invalid_shuffle_after_loess,523,,0
plasma_lipidomics,invalid_shuffle_after_loess,524,,0
plasma_lipidomics,invalid_shuffle_after_loess,525,,0
plasma_lipidomics,invalid_shuffle_after_loess,526,,0
plasma_lipidomics,invalid_shuffle_after_loess,527,64.0,183
plasma_lipidomics,invalid_shuffle_after_loess,528,,0
plasma_lipidomics,invalid_shuffle_after_loess,529,,0
plasma_lipidomics,invalid_shuffle_after_loess,530,,0
plasma_lipidomics,invalid_shuffle_after_loess,531,,0
plasma_lipidomics,invalid_shuffle_after_loess,532,,0
plasma_lipidomics,invalid_shuffle_after_loess,533,49.0,286
plasma_lipidomics,invalid_shuffle_after_loess,534,,0
plasma_lipidomics,invalid_shuffle_after_loess,535,,0
plasma_lipidomics,invalid_shuffle_after_loess,536,49.0,313
plasma_lipidomics,invalid_shuffle_after_loess,537,,0
plasma_lipidomics,invalid_shuffle_after_loess,538,,0
plasma_lipidomics,invalid_shuffle_after_loess,539,,0
plasma_lipidomics,invalid_shuffle_after_loess,540,40.0,387
plasma_lipidomics,invalid_shuffle_after_loess,541,54.0,467
plasma_lipidomics,invalid_shuffle_after_loess,542,,0
plasma_lipidomics,invalid_shuffle_after_loess,543,,0
plasma_lipidomics,invalid_shuffle_after_loess,544,,0
plasma_lipidomics,invalid_shuffle_after_loess,545,,0
plasma_lipidomics,invalid_shuffle_after_loess,546,,0
plasma_lipidomics,invalid_shuffle_after_loess,547,,0
plasma_lipidomics,invalid_shuffle_after_loess,548,,0
plasma_lipidomics,invalid_shuffle_after_loess,549,52.0,28
plasma_lipidomics,invalid_shuffle_after_loess,550,,0
plasma_lipidomics,invalid_shuffle_after_loess,551,,0
plasma_lipidomics,invalid_shuffle_after_loess,552,,0
plasma_lipidomics,invalid_shuffle_after_loess,553,,0
plasma_lipidomics,invalid_shuffle_after_loess,554,,0
plasma_lipidomics,invalid_shuffle_after_loess,555,48.0,1
plasma_lipidomics,invalid_shuffle_after_loess,556,,0
plasma_lipidomics,invalid_shuffle_after_loess,557,,0
plasma_lipidomics,invalid_shuffle_after_loess,558,,0
plasma_lipidomics,invalid_shuffle_after_loess,559,62.0,173
plasma_lipidomics,invalid_shuffle_after_loess,560,,0
plasma_lipidomics,invalid_shuffle_after_loess,561,,0
plasma_lipidomics,invalid_shuffle_after_loess,562,,0
plasma_lipidomics,invalid_shuffle_after_loess,563,49.0,363
plasma_lipidomics,invalid_shuffle_after_loess,564,,0
plasma_lipidomics,invalid_shuffle_after_loess,565,,0
plasma_lipidomics,invalid_shuffle_after_loess,566,,0
plasma_lipidomics,invalid_shuffle_after_loess,567,,0
plasma_lipidomics,invalid_shuffle_after_loess,568,44.0,425
plasma_lipidomics,invalid_shuffle_after_loess,569,,0
plasma_lipidomics,invalid_shuffle_after_loess,570,,0
plasma_lipidomics,invalid_shuffle_after_loess,571,,0
plasma_lipidomics,invalid_shuffle_after_loess,572,64.0,125
plasma_lipidomics,invalid_shuffle_after_loess,573,,0
plasma_lipidomics,invalid_shuffle_after_loess,574,,0
plasma_lipidomics,invalid_shuffle_after_loess,575,48.0,159
plasma_lipidomics,invalid_shuffle_after_loess,576,,0
plasma_lipidomics,invalid_shuffle_after_loess,577,,0
plasma_lipidomics,invalid_shuffle_after_loess,578,,0
plasma_lipidomics,invalid_shuffle_after_loess,579,,0
plasma_lipidomics,invalid_shuffle_after_loess,580,,0
plasma_lipidomics,invalid_shuffle_after_loess,581,46.0,245
plasma_lipidomics,invalid_shuffle_after_loess,582,,0
plasma_lipidomics,invalid_shuffle_after_loess,583,,0
plasma_lipidomics,invalid_shuffle_after_loess,584,,0
plasma_lipidomics,invalid_shuffle_after_loess,585,,0
plasma_lipidomics,invalid_shuffle_after_loess,586,,0
plasma_lipidomics,invalid_shuffle_after_loess,587,,0
plasma_lipidomics,invalid_shuffle_after_loess,588,,0
plasma_lipidomics,invalid_shuffle_after_loess,589,,0
plasma_lipidomics,invalid_shuffle_after_loess,590,,0
plasma_lipidomics,invalid_shuffle_after_loess,591,,0
plasma_lipidomics,invalid_shuffle_after_loess,592,61.0,214
plasma_lipidomics,invalid_shuffle_after_loess,593,,0
plasma_lipidomics,invalid_shuffle_after_loess,594,,0
plasma_lipidomics,invalid_shuffle_after_loess,595,,0
plasma_lipidomics,invalid_shuffle_after_loess,596,60.0,155
plasma_lipidomics,invalid_shuffle_after_loess,597,,0
plasma_lipidomics,invalid_shuffle_after_loess,598,,0
plasma_lipidomics,invalid_shuffle_after_loess,599,,0
plasma_lipidomics,invalid_shuffle_after_loess,600,,0
plasma_lipidomics,invalid_shuffle_after_loess,601,,0
plasma_lipidomics,invalid_shuffle_after_loess,602,,0
plasma_lipidomics,invalid_shuffle_after_loess,603,56.0,252
plasma_lipidomics,invalid_shuffle_after_loess,604,61.0,80
plasma_lipidomics,invalid_shuffle_after_loess,605,,0
plasma_lipidomics,invalid_shuffle_after_loess,606,,0
plasma_lipidomics,invalid_shuffle_after_loess,607,57.0,329
plasma_lipidomics,invalid_shuffle_after_loess,608,,0
plasma_lipidomics,invalid_shuffle_after_loess,609,,0
plasma_lipidomics,invalid_shuffle_after_loess,610,,0
plasma_lipidomics,invalid_shuffle_after_loess,611,,0
plasma_lipidomics,invalid_shuffle_after_loess,612,55.0,15
plasma_lipidomics,invalid_shuffle_after_loess,613,,0
plasma_lipidomics,invalid_shuffle_after_loess,614,50.0,105
plasma_lipidomics,invalid_shuffle_after_loess,615,,0
plasma_lipidomics,invalid_shuffle_after_loess,616,,0
plasma_lipidomics,invalid_shuffle_after_loess,617,,0
plasma_lipidomics,invalid_shuffle_after_loess,618,,0
plasma_lipidomics,invalid_shuffle_after_loess,619,,0
plasma_lipidomics,invalid_shuffle_after_loess,620,,0
plasma_lipidomics,invalid_shuffle_after_loess,621,42.0,286
plasma_lipidomics,invalid_shuffle_after_loess,622,,0
plasma_lipidomics,invalid_shuffle_after_loess,623,,0
plasma_lipidomics,invalid_shuffle_after_loess,624,,0
plasma_lipidomics,invalid_shuffle_after_loess,625,,0
plasma_lipidomics,invalid_shuffle_after_loess,626,50.0,52
plasma_lipidomics,invalid_shuffle_after_loess,627,,0
plasma_lipidomics,invalid_shuffle_after_loess,628,,0
plasma_lipidomics,invalid_shuffle_after_loess,629,,0
plasma_lipidomics,invalid_shuffle_after_loess,630,,0
plasma_lipidomics,invalid_shuffle_after_loess,631,,0
plasma_lipidomics,invalid_shuffle_after_loess,632,,0
plasma_lipidomics,invalid_shuffle_after_loess,633,,0
plasma_lipidomics,invalid_shuffle_after_loess,634,,0
plasma_lipidomics,invalid_shuffle_after_loess,635,46.0,35
plasma_lipidomics,invalid_shuffle_after_loess,636,,0
plasma_lipidomics,invalid_shuffle_after_loess,637,,0
plasma_lipidomics,invalid_shuffle_after_loess,638,,0
plasma_lipidomics,invalid_shuffle_after_loess,639,52.0,142
plasma_lipidomics,invalid_shuffle_after_loess,640,,0
plasma_lipidomics,invalid_shuffle_after_loess,641,,0
plasma_lipidomics,invalid_shuffle_after_loess,642,57.0,104
plasma_lipidomics,invalid_shuffle_after_loess,643,,0
plasma_lipidomics,invalid_shuffle_after_loess,644,,0
plasma_lipidomics,invalid_shuffle_after_loess,645,61.0,484
plasma_lipidomics,invalid_shuffle_after_loess,646,,0
plasma_lipidomics,invalid_shuffle_after_loess,647,,0
plasma_lipidomics,invalid_shuffle_after_loess,648,,0
plasma_lipidomics,invalid_shuffle_after_loess,649,,0
plasma_lipidomics,invalid_shuffle_after_loess,650,,0
plasma_lipidomics,invalid_shuffle_after_loess,651,,0
plasma_lipidomics,invalid_shuffle_after_loess,652,56.0,330
plasma_lipidomics,invalid_shuffle_after_loess,653,,0
plasma_lipidomics,invalid_shuffle_after_loess,654,,0
plasma_lipidomics,invalid_shuffle_after_loess,655,,0
plasma_lipidomics,invalid_shuffle_after_loess,656,,0
plasma_lipidomics,invalid_shuffle_after_loess,657,,0
plasma_lipidomics,invalid_shuffle_after_loess,658,,0
plasma_lipidomics,invalid_shuffle_after_loess,659,54.0,173
plasma_lipidomics,invalid_shuffle_after_loess,660,57.0,143
plasma_lipidomics,invalid_shuffle_after_loess,661,,0
plasma_lipidomics,invalid_shuffle_after_loess,662,,0
plasma_lipidomics,invalid_shuffle_after_loess,663,,0
plasma_lipidomics,invalid_shuffle_after_loess,664,48.0,545
plasma_lipidomics,invalid_shuffle_after_loess,665,,0
plasma_lipidomics,invalid_shuffle_after_loess,666,56.0,106
plasma_lipidomics,invalid_shuffle_after_loess,667,61.0,167
plasma_lipidomics,invalid_shuffle_after_loess,668,,0
plasma_lipidomics,invalid_shuffle_after_loess,669,,0
plasma_lipidomics,invalid_shuffle_after_loess,670,,0
plasma_lipidomics,invalid_shuffle_after_loess,671,,0
plasma_lipidomics,invalid_shuffle_after_loess,672,,0
plasma_lipidomics,invalid_shuffle_after_loess,673,,0
plasma_lipidomics,invalid_shuffle_after_loess,674,,0
plasma_lipidomics,invalid_shuffle_after_loess,675,,0
plasma_lipidomics,invalid_shuffle_after_loess,676,,0
plasma_lipidomics,invalid_shuffle_after_loess,677,,0
plasma_lipidomics,invalid_shuffle_after_loess,678,,0
plasma_lipidomics,invalid_shuffle_after_loess,679,,0
plasma_lipidomics,invalid_shuffle_after_loess,680,,0
plasma_lipidomics,invalid_shuffle_after_loess,681,,0
plasma_lipidomics,invalid_shuffle_after_loess,682,,0
plasma_lipidomics,invalid_shuffle_after_loess,683,62.0,131
plasma_lipidomics,invalid_shuffle_after_loess,684,,0
plasma_lipidomics,invalid_shuffle_after_loess,685,,0
plasma_lipidomics,invalid_shuffle_after_loess,686,,0
plasma_lipidomics,invalid_shuffle_after_loess,687,51.0,432
plasma_lipidomics,invalid_shuffle_after_loess,688,,0
plasma_lipidomics,invalid_shuffle_after_loess,689,40.0,335
plasma_lipidomics,invalid_shuffle_after_loess,690,,0
plasma_lipidomics,invalid_shuffle_after_loess,691,,0
plasma_lipidomics,invalid_shuffle_after_loess,692,,0
plasma_lipidomics,invalid_shuffle_after_loess,693,,0
plasma_lipidomics,invalid_shuffle_after_loess,694,,0
plasma_lipidomics,invalid_shuffle_after_loess,695,63.0,62
plasma_lipidomics,invalid_shuffle_after_loess,696,,0
plasma_lipidomics,invalid_shuffle_after_loess,697,,0
plasma_lipidomics,invalid_shuffle_after_loess,698,,0
plasma_lipidomics,invalid_shuffle_after_loess,699,,0
plasma_lipidomics,invalid_shuffle_after_loess,700,,0
plasma_lipidomics,invalid_shuffle_after_loess,701,,0
plasma_lipidomics,invalid_shuffle_after_loess,702,,0
plasma_lipidomics,invalid_shuffle_after_loess,703,,0
plasma_lipidomics,invalid_shuffle_after_loess,704,,0
plasma_lipidomics,invalid_shuffle_after_loess,705,,0
plasma_lipidomics,invalid_shuffle_after_loess,706,42.0,144
plasma_lipidomics,invalid_shuffle_after_loess,707,,0
plasma_lipidomics,invalid_shuffle_after_loess,708,,0
plasma_lipidomics,invalid_shuffle_after_loess,709,,0
plasma_lipidomics,invalid_shuffle_after_loess,710,,0
plasma_lipidomics,invalid_shuffle_after_loess,711,,0
plasma_lipidomics,invalid_shuffle_after_loess,712,,0
plasma_lipidomics,invalid_shuffle_after_loess,713,,0
plasma_lipidomics,invalid_shuffle_after_loess,714,,0
plasma_lipidomics,invalid_shuffle_after_loess,715,,0
plasma_lipidomics,invalid_shuffle_after_loess,716,,0
plasma_lipidomics,invalid_shuffle_after_loess,717,,0
plasma_lipidomics,invalid_shuffle_after_loess,718,,0
plasma_lipidomics,invalid_shuffle_after_loess,719,,0
plasma_lipidomics,invalid_shuffle_after_loess,720,62.0,1
plasma_lipidomics,invalid_shuffle_after_loess,721,,0
plasma_lipidomics,invalid_shuffle_after_loess,722,,0
plasma_lipidomics,invalid_shuffle_after_loess,723,,0
plasma_lipidomics,invalid_shuffle_after_loess,724,,0
plasma_lipidomics,invalid_shuffle_after_loess,725,,0
plasma_lipidomics,invalid_shuffle_after_loess,726,,0
plasma_lipidomics,invalid_shuffle_after_loess,727,,0
plasma_lipidomics,invalid_shuffle_after_loess,728,,0
plasma_lipidomics,invalid_shuffle_after_loess,729,,0
plasma_lipidomics,invalid_shuffle_after_loess,730,,0
plasma_lipidomics,invalid_shuffle_after_loess,731,,0
plasma_lipidomics,invalid_shuffle_after_loess,732,44.0,135
plasma_lipidomics,invalid_shuffle_after_loess,733,,0
plasma_lipidomics,invalid_shuffle_after_loess,734,,0
plasma_lipidomics,invalid_shuffle_after_loess,735,,0
plasma_lipidomics,invalid_shuffle_after_loess,736,41.0,264
plasma_lipidomics,invalid_shuffle_after_loess,737,,0
plasma_lipidomics,invalid_shuffle_after_loess,738,,0
plasma_lipidomics,invalid_shuffle_after_loess,739,,0
plasma_lipidomics,invalid_shuffle_after_loess,740,,0
plasma_lipidomics,invalid_shuffle_after_loess,741,,0
plasma_lipidomics,invalid_shuffle_after_loess,742,,0
plasma_lipidomics,invalid_shuffle_after_loess,743,,0
plasma_lipidomics,invalid_shuffle_after_loess,744,,0
plasma_lipidomics,invalid_shuffle_after_loess,745,62.0,199
plasma_lipidomics,invalid_shuffle_after_loess,746,,0
plasma_lipidomics,invalid_shuffle_after_loess,747,,0
plasma_lipidomics,invalid_shuffle_after_loess,748,,0
plasma_lipidomics,invalid_shuffle_after_loess,749,63.0,437
plasma_lipidomics,invalid_shuffle_after_loess,750,,0
plasma_lipidomics,invalid_shuffle_after_loess,751,,0
plasma_lipidomics,invalid_shuffle_after_loess,752,44.0,270
plasma_lipidomics,invalid_shuffle_after_loess,753,,0
plasma_lipidomics,invalid_shuffle_after_loess,754,,0
plasma_lipidomics,invalid_shuffle_after_loess,755,57.0,407
plasma_lipidomics,invalid_shuffle_after_loess,756,,0
plasma_lipidomics,invalid_shuffle_after_loess,757,,0
plasma_lipidomics,invalid_shuffle_after_loess,758,,0
plasma_lipidomics,invalid_shuffle_after_loess,759,,0
plasma_lipidomics,invalid_shuffle_after_loess,760,,0
plasma_lipidomics,invalid_shuffle_after_loess,761,,0
plasma_lipidomics,invalid_shuffle_after_loess,762,52.0,249
plasma_lipidomics,invalid_shuffle_after_loess,763,,0
plasma_lipidomics,invalid_shuffle_after_loess,764,,0
plasma_lipidomics,invalid_shuffle_after_loess,765,52.0,144
plasma_lipidomics,invalid_shuffle_after_loess,766,,0
plasma_lipidomics,invalid_shuffle_after_loess,767,,0
plasma_lipidomics,invalid_shuffle_after_loess,768,63.0,1
plasma_lipidomics,invalid_shuffle_after_loess,769,57.0,28
plasma_lipidomics,invalid_shuffle_after_loess,770,49.0,361
plasma_lipidomics,invalid_shuffle_after_loess,771,44.0,145
plasma_lipidomics,invalid_shuffle_after_loess,772,,0
plasma_lipidomics,invalid_shuffle_after_loess,773,58.0,34
plasma_lipidomics,invalid_shuffle_after_loess,774,,0
plasma_lipidomics,invalid_shuffle_after_loess,775,41.0,22
plasma_lipidomics,invalid_shuffle_after_loess,776,,0
plasma_lipidomics,invalid_shuffle_after_loess,777,,0
plasma_lipidomics,invalid_shuffle_after_loess,778,49.0,139
plasma_lipidomics,invalid_shuffle_after_loess,779,,0
plasma_lipidomics,invalid_shuffle_after_loess,780,,0
plasma_lipidomics,invalid_shuffle_after_loess,781,,0
plasma_lipidomics,invalid_shuffle_after_loess,782,,0
plasma_lipidomics,invalid_shuffle_after_loess,783,56.0,367
plasma_lipidomics,invalid_shuffle_after_loess,784,,0
plasma_lipidomics,invalid_shuffle_after_loess,785,,0
plasma_lipidomics,invalid_shuffle_after_loess,786,40.0,331
plasma_lipidomics,invalid_shuffle_after_loess,787,,0
plasma_lipidomics,invalid_shuffle_after_loess,788,,0
plasma_lipidomics,invalid_shuffle_after_loess,789,57.0,35
plasma_lipidomics,invalid_shuffle_after_loess,790,,0
plasma_lipidomics,invalid_shuffle_after_loess,791,,0
plasma_lipidomics,invalid_shuffle_after_loess,792,,0
plasma_lipidomics,invalid_shuffle_after_loess,793,,0
plasma_lipidomics,invalid_shuffle_after_loess,794,,0
plasma_lipidomics,invalid_shuffle_after_loess,795,63.0,77
plasma_lipidomics,invalid_shuffle_after_loess,796,,0
plasma_lipidomics,invalid_shuffle_after_loess,797,,0
plasma_lipidomics,invalid_shuffle_after_loess,798,,0
plasma_lipidomics,invalid_shuffle_after_loess,799,,0
plasma_lipidomics,invalid_shuffle_after_loess,800,58.0,159
plasma_lipidomics,invalid_shuffle_after_loess,801,40.0,333
plasma_lipidomics,invalid_shuffle_after_loess,802,,0
plasma_lipidomics,invalid_shuffle_after_loess,803,,0
plasma_lipidomics,invalid_shuffle_after_loess,804,45.0,7
plasma_lipidomics,invalid_shuffle_after_loess,805,,0
plasma_lipidomics,invalid_shuffle_after_loess,806,,0
plasma_lipidomics,invalid_shuffle_after_loess,807,,0
plasma_lipidomics,invalid_shuffle_after_loess,808,,0
plasma_lipidomics,invalid_shuffle_after_loess,809,48.0,180
plasma_lipidomics,invalid_shuffle_after_loess,810,,0
plasma_lipidomics,invalid_shuffle_after_loess,811,51.0,68
plasma_lipidomics,invalid_shuffle_after_loess,812,,0
plasma_lipidomics,invalid_shuffle_after_loess,813,,0
plasma_lipidomics,invalid_shuffle_after_loess,814,64.0,199
plasma_lipidomics,invalid_shuffle_after_loess,815,,0
plasma_lipidomics,invalid_shuffle_after_loess,816,,0
plasma_lipidomics,invalid_shuffle_after_loess,817,,0
plasma_lipidomics,invalid_shuffle_after_loess,818,,0
plasma_lipidomics,invalid_shuffle_after_loess,819,,0
plasma_lipidomics,invalid_shuffle_after_loess,820,,0
plasma_lipidomics,invalid_shuffle_after_loess,821,,0
plasma_lipidomics,invalid_shuffle_after_loess,822,,0
plasma_lipidomics,invalid_shuffle_after_loess,823,62.0,232
plasma_lipidomics,invalid_shuffle_after_loess,824,55.0,38
plasma_lipidomics,invalid_shuffle_after_loess,825,,0
plasma_lipidomics,invalid_shuffle_after_loess,826,,0
plasma_lipidomics,invalid_shuffle_after_loess,827,,0
plasma_lipidomics,invalid_shuffle_after_loess,828,57.0,52
plasma_lipidomics,invalid_shuffle_after_loess,829,59.0,111
plasma_lipidomics,invalid_shuffle_after_loess,830,,0
plasma_lipidomics,invalid_shuffle_after_loess,831,,0
plasma_lipidomics,invalid_shuffle_after_loess,832,,0
plasma_lipidomics,invalid_shuffle_after_loess,833,,0
plasma_lipidomics,invalid_shuffle_after_loess,834,,0
plasma_lipidomics,invalid_shuffle_after_loess,835,62.0,80
plasma_lipidomics,invalid_shuffle_after_loess,836,62.0,353
plasma_lipidomics,invalid_shuffle_after_loess,837,,0
plasma_lipidomics,invalid_shuffle_after_loess,838,,0
plasma_lipidomics,invalid_shuffle_after_loess,839,,0
plasma_lipidomics,invalid_shuffle_after_loess,840,,0
plasma_lipidomics,invalid_shuffle_after_loess,841,,0
plasma_lipidomics,invalid_shuffle_after_loess,842,,0
plasma_lipidomics,invalid_shuffle_after_loess,843,,0
plasma_lipidomics,invalid_shuffle_after_loess,844,,0
plasma_lipidomics,invalid_shuffle_after_loess,845,,0
plasma_lipidomics,invalid_shuffle_after_loess,846,,0
plasma_lipidomics,invalid_shuffle_after_loess,847,,0
plasma_lipidomics,invalid_shuffle_after_loess,848,,0
plasma_lipidomics,invalid_shuffle_after_loess,849,,0
plasma_lipidomics,invalid_shuffle_after_loess,850,,0
plasma_lipidomics,invalid_shuffle_after_loess,851,,0
plasma_lipidomics,invalid_shuffle_after_loess,852,,0
plasma_lipidomics,invalid_shuffle_after_loess,853,,0
plasma_lipidomics,invalid_shuffle_after_loess,854,,0
plasma_lipidomics,invalid_shuffle_after_loess,855,51.0,262
plasma_lipidomics,invalid_shuffle_after_loess,856,,0
plasma_lipidomics,invalid_shuffle_after_loess,857,,0
plasma_lipidomics,invalid_shuffle_after_loess,858,,0
plasma_lipidomics,invalid_shuffle_after_loess,859,,0
plasma_lipidomics,invalid_shuffle_after_loess,860,,0
plasma_lipidomics,invalid_shuffle_after_loess,861,,0
plasma_lipidomics,invalid_shuffle_after_loess,862,,0
plasma_lipidomics,invalid_shuffle_after_loess,863,,0
plasma_lipidomics,invalid_shuffle_after_loess,864,,0
plasma_lipidomics,invalid_shuffle_after_loess,865,,0
plasma_lipidomics,invalid_shuffle_after_loess,866,,0
plasma_lipidomics,invalid_shuffle_after_loess,867,,0
plasma_lipidomics,invalid_shuffle_after_loess,868,,0
plasma_lipidomics,invalid_shuffle_after_loess,869,,0
plasma_lipidomics,invalid_shuffle_after_loess,870,,0
plasma_lipidomics,invalid_shuffle_after_loess,871,,0
plasma_lipidomics,invalid_shuffle_after_loess,872,58.0,307
plasma_lipidomics,invalid_shuffle_after_loess,873,53.0,28
plasma_lipidomics,invalid_shuffle_after_loess,874,,0
plasma_lipidomics,invalid_shuffle_after_loess,875,,0
plasma_lipidomics,invalid_shuffle_after_loess,876,,0
plasma_lipidomics,invalid_shuffle_after_loess,877,,0
plasma_lipidomics,invalid_shuffle_after_loess,878,56.0,52
plasma_lipidomics,invalid_shuffle_after_loess,879,,0
plasma_lipidomics,invalid_shuffle_after_loess,880,,0
plasma_lipidomics,invalid_shuffle_after_loess,881,,0
plasma_lipidomics,invalid_shuffle_after_loess,882,53.0,309
plasma_lipidomics,invalid_shuffle_after_loess,883,53.0,1
plasma_lipidomics,invalid_shuffle_after_loess,884,,0
plasma_lipidomics,invalid_shuffle_after_loess,885,,0
plasma_lipidomics,invalid_shuffle_after_loess,886,,0
plasma_lipidomics,invalid_shuffle_after_loess,887,,0
plasma_lipidomics,invalid_shuffle_after_loess,888,,0
plasma_lipidomics,invalid_shuffle_after_loess,889,47.0,344
plasma_lipidomics,invalid_shuffle_after_loess,890,,0
plasma_lipidomics,invalid_shuffle_after_loess,891,62.0,441
plasma_lipidomics,invalid_shuffle_after_loess,892,51.0,226
plasma_lipidomics,invalid_shuffle_after_loess,893,,0
plasma_lipidomics,invalid_shuffle_after_loess,894,,0
plasma_lipidomics,invalid_shuffle_after_loess,895,,0
plasma_lipidomics,invalid_shuffle_after_loess,896,,0
plasma_lipidomics,invalid_shuffle_after_loess,897,,0
plasma_lipidomics,invalid_shuffle_after_loess,898,49.0,509
plasma_lipidomics,invalid_shuffle_after_loess,899,,0
plasma_lipidomics,invalid_shuffle_after_loess,900,,0
plasma_lipidomics,invalid_shuffle_after_loess,901,,0
plasma_lipidomics,invalid_shuffle_after_loess,902,,0
plasma_lipidomics,invalid_shuffle_after_loess,903,,0
plasma_lipidomics,invalid_shuffle_after_loess,904,45.0,267
plasma_lipidomics,invalid_shuffle_after_loess,905,64.0,333
plasma_lipidomics,invalid_shuffle_after_loess,906,,0
plasma_lipidomics,invalid_shuffle_after_loess,907,,0
plasma_lipidomics,invalid_shuffle_after_loess,908,,0
plasma_lipidomics,invalid_shuffle_after_loess,909,41.0,354
plasma_lipidomics,invalid_shuffle_after_loess,910,,0
plasma_lipidomics,invalid_shuffle_after_loess,911,,0
plasma_lipidomics,invalid_shuffle_after_loess,912,,0
plasma_lipidomics,invalid_shuffle_after_loess,913,45.0,475
plasma_lipidomics,invalid_shuffle_after_loess,914,,0
plasma_lipidomics,invalid_shuffle_after_loess,915,,0
plasma_lipidomics,invalid_shuffle_after_loess,916,,0
plasma_lipidomics,invalid_shuffle_after_loess,917,63.0,382
plasma_lipidomics,invalid_shuffle_after_loess,918,,0
plasma_lipidomics,invalid_shuffle_after_loess,919,,0
plasma_lipidomics,invalid_shuffle_after_loess,920,,0
plasma_lipidomics,invalid_shuffle_after_loess,921,,0
plasma_lipidomics,invalid_shuffle_after_loess,922,,0
plasma_lipidomics,invalid_shuffle_after_loess,923,,0
plasma_lipidomics,invalid_shuffle_after_loess,924,,0
plasma_lipidomics,invalid_shuffle_after_loess,925,,0
plasma_lipidomics,invalid_shuffle_after_loess,926,,0
plasma_lipidomics,invalid_shuffle_after_loess,927,56.0,1
plasma_lipidomics,invalid_shuffle_after_loess,928,,0
plasma_lipidomics,invalid_shuffle_after_loess,929,,0
plasma_lipidomics,invalid_shuffle_after_loess,930,,0
plasma_lipidomics,invalid_shuffle_after_loess,931,,0
plasma_lipidomics,invalid_shuffle_after_loess,932,,0
plasma_lipidomics,invalid_shuffle_after_loess,933,,0
plasma_lipidomics,invalid_shuffle_after_loess,934,,0
plasma_lipidomics,invalid_shuffle_after_loess,935,,0
plasma_lipidomics,invalid_shuffle_after_loess,936,,0
plasma_lipidomics,invalid_shuffle_after_loess,937,,0
plasma_lipidomics,invalid_shuffle_after_loess,938,,0
plasma_lipidomics,invalid_shuffle_after_loess,939,,0
plasma_lipidomics,invalid_shuffle_after_loess,940,41.0,213
plasma_lipidomics,invalid_shuffle_after_loess,941,,0
plasma_lipidomics,invalid_shuffle_after_loess,942,,0
plasma_lipidomics,invalid_shuffle_after_loess,943,,0
plasma_lipidomics,invalid_shuffle_after_loess,944,53.0,508
plasma_lipidomics,invalid_shuffle_after_loess,945,,0
plasma_lipidomics,invalid_shuffle_after_loess,946,48.0,503
plasma_lipidomics,invalid_shuffle_after_loess,947,,0
plasma_lipidomics,invalid_shuffle_after_loess,948,,0
plasma_lipidomics,invalid_shuffle_after_loess,949,,0
plasma_lipidomics,invalid_shuffle_after_loess,950,,0
plasma_lipidomics,invalid_shuffle_after_loess,951,,0
plasma_lipidomics,invalid_shuffle_after_loess,952,,0
plasma_lipidomics,invalid_shuffle_after_loess,953,,0
plasma_lipidomics,invalid_shuffle_after_loess,954,,0
plasma_lipidomics,invalid_shuffle_after_loess,955,,0
plasma_lipidomics,invalid_shuffle_after_loess,956,,0
plasma_lipidomics,invalid_shuffle_after_loess,957,,0
plasma_lipidomics,invalid_shuffle_after_loess,958,,0
plasma_lipidomics,invalid_shuffle_after_loess,959,,0
plasma_lipidomics,invalid_shuffle_after_loess,960,59.0,318
plasma_lipidomics,invalid_shuffle_after_loess,961,,0
plasma_lipidomics,invalid_shuffle_after_loess,962,,0
plasma_lipidomics,invalid_shuffle_after_loess,963,,0
plasma_lipidomics,invalid_shuffle_after_loess,964,51.0,248
plasma_lipidomics,invalid_shuffle_after_loess,965,59.0,226
plasma_lipidomics,invalid_shuffle_after_loess,966,,0
plasma_lipidomics,invalid_shuffle_after_loess,967,,0
plasma_lipidomics,invalid_shuffle_after_loess,968,58.0,414
plasma_lipidomics,invalid_shuffle_after_loess,969,,0
plasma_lipidomics,invalid_shuffle_after_loess,970,,0
plasma_lipidomics,invalid_shuffle_after_loess,971,,0
plasma_lipidomics,invalid_shuffle_after_loess,972,48.0,195
plasma_lipidomics,invalid_shuffle_after_loess,973,,0
plasma_lipidomics,invalid_shuffle_after_loess,974,,0
plasma_lipidomics,invalid_shuffle_after_loess,975,,0
plasma_lipidomics,invalid_shuffle_after_loess,976,,0
plasma_lipidomics,invalid_shuffle_after_loess,977,57.0,4
plasma_lipidomics,invalid_shuffle_after_loess,978,,0
plasma_lipidomics,invalid_shuffle_after_loess,979,,0
plasma_lipidomics,invalid_shuffle_after_loess,980,,0
plasma_lipidomics,invalid_shuffle_after_loess,981,,0
plasma_lipidomics,invalid_shuffle_after_loess,982,,0
plasma_lipidomics,invalid_shuffle_after_loess,983,,0
plasma_lipidomics,invalid_shuffle_after_loess,984,,0
plasma_lipidomics,invalid_shuffle_after_loess,985,,0
plasma_lipidomics,invalid_shuffle_after_loess,986,,0
plasma_lipidomics,invalid_shuffle_after_loess,987,,0
plasma_lipidomics,invalid_shuffle_after_loess,988,,0
plasma_lipidomics,invalid_shuffle_after_loess,989,,0
plasma_lipidomics,invalid_shuffle_after_loess,990,,0
plasma_lipidomics,invalid_shuffle_after_loess,991,62.0,441
plasma_lipidomics,invalid_shuffle_after_loess,992,,0
plasma_lipidomics,invalid_shuffle_after_loess,993,,0
plasma_lipidomics,invalid_shuffle_after_loess,994,,0
plasma_lipidomics,invalid_shuffle_after_loess,995,,0
plasma_lipidomics,invalid_shuffle_after_loess,996,,0
plasma_lipidomics,invalid_shuffle_after_loess,997,,0
plasma_lipidomics,invalid_shuffle_after_loess,998,,0
plasma_lipidomics,invalid_shuffle_after_loess,999,,0
